LONGITUDE,LATITUDE,LABEL,No,longitude,latitude,slope,geology,flood_hist,label,Skor
122° 31' 25.5454" E,3° 56' 09.8040" S,sangat rendah,1.000000,122.523763,-3.936057,200.972490,Gamping keras; Marmer (sangat curam; hindari pembangunan),tidak pernah banjir,sangat rendah,1
122° 31' 24.1792" E,3° 56' 13.2657" S,sangat rendah,2.000000,122.523383,-3.937018,189.214810,Gamping keras; Marmer (sangat curam; hindari pembangunan),tidak pernah banjir,sangat rendah,1
122° 31' 23.9160" E,3° 56' 13.9250" S,sangat rendah,3.000000,122.523310,-3.937201,183.321430,Gamping keras; Marmer (sangat curam; hindari pembangunan),tidak pernah banjir,sangat rendah,1
122° 31' 23.6550" E,3° 56' 15.3562" S,sangat rendah,4.000000,122.523237,-3.937599,174.691360,Gamping keras; Marmer (sangat curam; hindari pembangunan),tidak pernah banjir,sangat rendah,1
122° 31' 23.8512" E,3° 56' 17.0124" S,sangat rendah,5.000000,122.523292,-3.938059,160.203900,Gamping keras; Marmer (sangat curam; hindari pembangunan),tidak pernah banjir,sangat rendah,1
122° 31' 23.9261" E,3° 56' 17.9137" S,sangat rendah,6.000000,122.523313,-3.938309,156.548810,Gamping keras; Marmer (sangat curam; hindari pembangunan),tidak pernah banjir,sangat rendah,1
122° 31' 23.7234" E,3° 56' 19.6039" S,sangat rendah,7.000000,122.523257,-3.938779,152.349140,Gamping keras; Marmer (sangat curam; hindari pembangunan),tidak pernah banjir,sangat rendah,1
122° 31' 23.7443" E,3° 56' 21.2575" S,sangat rendah,8.000000,122.523262,-3.939238,156.787120,Gamping keras; Marmer (sangat curam; hindari pembangunan),tidak pernah banjir,sangat rendah,1
122° 31' 24.0136" E,3° 56' 23.8909" S,sangat rendah,9.000000,122.523337,-3.939970,151.157840,Gamping keras; Marmer (sangat curam; hindari pembangunan),tidak pernah banjir,sangat rendah,1
122° 31' 24.4517" E,3° 56' 25.8451" S,sangat rendah,10.000000,122.523459,-3.940513,123.853510,Gamping keras; Marmer (sangat curam; hindari pembangunan),tidak pernah banjir,sangat rendah,1
122° 31' 25.2948" E,3° 56' 27.1133" S,sangat rendah,11.000000,122.523693,-3.940865,112.860120,Gamping keras; Marmer (sangat curam; hindari pembangunan),tidak pernah banjir,sangat rendah,1
122° 31' 26.6686" E,3° 56' 28.3921" S,sangat rendah,12.000000,122.524075,-3.941220,103.412380,Gamping keras; Marmer (sangat curam; hindari pembangunan),tidak pernah banjir,sangat rendah,1
122° 31' 27.2903" E,3° 56' 28.8901" S,sangat rendah,13.000000,122.524247,-3.941358,104.578780,Gamping keras; Marmer (sangat curam; hindari pembangunan),tidak pernah banjir,sangat rendah,1
122° 31' 28.3242" E,3° 56' 28.1799" S,sangat rendah,14.000000,122.524535,-3.941161,108.987740,Gamping keras; Marmer (sangat curam; hindari pembangunan),tidak pernah banjir,sangat rendah,1
122° 31' 29.0226" E,3° 56' 27.7797" S,sangat rendah,15.000000,122.524728,-3.941050,106.907555,Gamping keras; Marmer (sangat curam; hindari pembangunan),tidak pernah banjir,sangat rendah,1
122° 31' 30.0371" E,3° 56' 26.7178" S,sangat rendah,16.000000,122.525010,-3.940755,111.041940,Gamping keras; Marmer (sangat curam; hindari pembangunan),tidak pernah banjir,sangat rendah,1
122° 31' 30.2660" E,3° 56' 26.1512" S,sangat rendah,17.000000,122.525074,-3.940598,112.700340,Gamping keras; Marmer (sangat curam; hindari pembangunan),tidak pernah banjir,sangat rendah,1
122° 31' 30.3661" E,3° 56' 25.4307" S,sangat rendah,18.000000,122.525102,-3.940397,118.144455,Gamping keras; Marmer (sangat curam; hindari pembangunan),tidak pernah banjir,sangat rendah,1
122° 31' 30.1897" E,3° 56' 23.7623" S,sangat rendah,19.000000,122.525053,-3.939934,120.345410,Gamping keras; Marmer (sangat curam; hindari pembangunan),tidak pernah banjir,sangat rendah,1
122° 31' 31.8940" E,3° 56' 22.1390" S,sangat rendah,20.000000,122.525526,-3.939483,119.933716,Gamping keras; Marmer (sangat curam; hindari pembangunan),tidak pernah banjir,sangat rendah,1
122° 31' 32.5992" E,3° 56' 21.4293" S,sangat rendah,21.000000,122.525722,-3.939286,118.995865,Gamping keras; Marmer (sangat curam; hindari pembangunan),tidak pernah banjir,sangat rendah,1
122° 31' 34.2192" E,3° 56' 19.5045" S,sangat rendah,22.000000,122.526172,-3.938751,138.571640,Gamping keras; Marmer (sangat curam; hindari pembangunan),tidak pernah banjir,sangat rendah,1
122° 31' 35.4198" E,3° 56' 18.4679" S,sangat rendah,23.000000,122.526505,-3.938463,150.953020,Gamping keras; Marmer (sangat curam; hindari pembangunan),tidak pernah banjir,sangat rendah,1
122° 31' 36.8173" E,3° 56' 17.5231" S,sangat rendah,24.000000,122.526894,-3.938201,169.717350,Gamping keras; Marmer (sangat curam; hindari pembangunan),tidak pernah banjir,sangat rendah,1
122° 31' 38.1547" E,3° 56' 16.8530" S,sangat rendah,25.000000,122.527265,-3.938015,184.893300,Gamping keras; Marmer (sangat curam; hindari pembangunan),tidak pernah banjir,sangat rendah,1
122° 31' 39.6016" E,3° 56' 16.2628" S,sangat rendah,26.000000,122.527667,-3.937851,201.297130,Gamping keras; Marmer (sangat curam; hindari pembangunan),tidak pernah banjir,sangat rendah,1
122° 31' 40.9768" E,3° 56' 15.8284" S,sangat rendah,27.000000,122.528049,-3.937730,219.038120,Gamping keras; Marmer (sangat curam; hindari pembangunan),tidak pernah banjir,sangat rendah,1
122° 31' 41.6590" E,3° 56' 15.6990" S,sangat rendah,28.000000,122.528239,-3.937694,223.851970,Gamping keras; Marmer (sangat curam; hindari pembangunan),tidak pernah banjir,sangat rendah,1
122° 31' 42.4596" E,3° 56' 15.6400" S,sangat rendah,29.000000,122.528461,-3.937678,227.796190,Gamping keras; Marmer (sangat curam; hindari pembangunan),tidak pernah banjir,sangat rendah,1
122° 31' 43.4172" E,3° 56' 16.1816" S,sangat rendah,30.000000,122.528727,-3.937828,233.308270,Gamping keras; Marmer (sangat curam; hindari pembangunan),tidak pernah banjir,sangat rendah,1
122° 31' 43.5292" E,3° 56' 16.6973" S,sangat rendah,31.000000,122.528758,-3.937971,231.290540,Gamping keras; Marmer (sangat curam; hindari pembangunan),tidak pernah banjir,sangat rendah,1
122° 31' 44.2884" E,3° 56' 16.8994" S,sangat rendah,32.000000,122.528969,-3.938028,230.967470,Gamping keras; Marmer (sangat curam; hindari pembangunan),tidak pernah banjir,sangat rendah,1
122° 31' 45.1484" E,3° 56' 16.9858" S,sangat rendah,33.000000,122.529208,-3.938052,228.250870,Gamping keras; Marmer (sangat curam; hindari pembangunan),tidak pernah banjir,sangat rendah,1
122° 31' 47.3855" E,3° 56' 17.3467" S,sangat rendah,34.000000,122.529829,-3.938152,226.946060,Gamping keras; Marmer (sangat curam; hindari pembangunan),tidak pernah banjir,sangat rendah,1
122° 31' 48.7592" E,3° 56' 17.3435" S,sangat rendah,35.000000,122.530211,-3.938151,229.071900,Gamping keras; Marmer (sangat curam; hindari pembangunan),tidak pernah banjir,sangat rendah,1
122° 31' 50.5492" E,3° 56' 17.3054" S,sangat rendah,36.000000,122.530708,-3.938140,231.177550,Gamping keras; Marmer (sangat curam; hindari pembangunan),tidak pernah banjir,sangat rendah,1
122° 31' 51.5233" E,3° 56' 17.2535" S,sangat rendah,37.000000,122.530979,-3.938126,231.374500,Gamping keras; Marmer (sangat curam; hindari pembangunan),tidak pernah banjir,sangat rendah,1
122° 31' 53.9425" E,3° 56' 17.1159" S,sangat rendah,38.000000,122.531651,-3.938088,241.013810,Gamping keras; Marmer (sangat curam; hindari pembangunan),tidak pernah banjir,sangat rendah,1
122° 31' 55.5499" E,3° 56' 16.8002" S,sangat rendah,39.000000,122.532097,-3.938000,250.654510,Gamping keras; Marmer (sangat curam; hindari pembangunan),tidak pernah banjir,sangat rendah,1
122° 31' 56.4758" E,3° 56' 16.6086" S,sangat rendah,40.000000,122.532354,-3.937947,254.150090,Gamping keras; Marmer (sangat curam; hindari pembangunan),tidak pernah banjir,sangat rendah,1
122° 31' 56.9708" E,3° 56' 16.9129" S,sangat rendah,41.000000,122.532492,-3.938031,252.587570,Gamping keras; Marmer (sangat curam; hindari pembangunan),tidak pernah banjir,sangat rendah,1
122° 31' 57.6228" E,3° 56' 17.6915" S,sangat rendah,42.000000,122.532673,-3.938248,248.524190,Gamping keras; Marmer (sangat curam; hindari pembangunan),tidak pernah banjir,sangat rendah,1
122° 31' 58.2917" E,3° 56' 18.2820" S,sangat rendah,43.000000,122.532859,-3.938412,249.356900,Gamping keras; Marmer (sangat curam; hindari pembangunan),tidak pernah banjir,sangat rendah,1
122° 31' 59.3188" E,3° 56' 18.8962" S,sangat rendah,44.000000,122.533144,-3.938582,252.675960,Gamping keras; Marmer (sangat curam; hindari pembangunan),tidak pernah banjir,sangat rendah,1
122° 32' 00.4276" E,3° 56' 19.3541" S,sangat rendah,45.000000,122.533452,-3.938709,254.959410,Gamping keras; Marmer (sangat curam; hindari pembangunan),tidak pernah banjir,sangat rendah,1
122° 32' 01.3999" E,3° 56' 19.8705" S,sangat rendah,46.000000,122.533722,-3.938853,259.073550,Gamping keras; Marmer (sangat curam; hindari pembangunan),tidak pernah banjir,sangat rendah,1
122° 32' 03.2125" E,3° 56' 20.0603" S,sangat rendah,47.000000,122.534226,-3.938906,261.581020,Gamping keras; Marmer (sangat curam; hindari pembangunan),tidak pernah banjir,sangat rendah,1
122° 32' 04.1222" E,3° 56' 19.6627" S,sangat rendah,48.000000,122.534478,-3.938795,249.909670,Gamping keras; Marmer (sangat curam; hindari pembangunan),tidak pernah banjir,sangat rendah,1
122° 32' 05.5572" E,3° 56' 19.6171" S,sangat rendah,49.000000,122.534877,-3.938783,210.365280,Gamping keras; Marmer (sangat curam; hindari pembangunan),tidak pernah banjir,sangat rendah,1
122° 32' 06.2650" E,3° 56' 19.7054" S,sangat rendah,50.000000,122.535074,-3.938807,203.857790,Gamping keras; Marmer (sangat curam; hindari pembangunan),tidak pernah banjir,sangat rendah,1
122° 32' 07.5674" E,3° 56' 20.1353" S,sangat rendah,51.000000,122.535435,-3.938926,182.085330,Gamping keras; Marmer (sangat curam; hindari pembangunan),tidak pernah banjir,sangat rendah,1
122° 32' 08.0059" E,3° 56' 20.3024" S,sangat rendah,52.000000,122.535557,-3.938973,172.748610,Gamping keras; Marmer (sangat curam; hindari pembangunan),tidak pernah banjir,sangat rendah,1
122° 32' 08.9732" E,3° 56' 21.0058" S,sangat rendah,53.000000,122.535826,-3.939168,161.378100,Gamping keras; Marmer (sangat curam; hindari pembangunan),tidak pernah banjir,sangat rendah,1
122° 32' 09.6227" E,3° 56' 21.4782" S,sangat rendah,54.000000,122.536006,-3.939299,154.079830,Gamping keras; Marmer (sangat curam; hindari pembangunan),tidak pernah banjir,sangat rendah,1
122° 32' 10.0450" E,3° 56' 23.0661" S,sangat rendah,55.000000,122.536124,-3.939741,146.832690,Gamping keras; Marmer (sangat curam; hindari pembangunan),tidak pernah banjir,sangat rendah,1
122° 32' 10.3657" E,3° 56' 23.7795" S,sangat rendah,56.000000,122.536213,-3.939939,145.366800,Gamping keras; Marmer (sangat curam; hindari pembangunan),tidak pernah banjir,sangat rendah,1
122° 32' 10.9828" E,3° 56' 24.7959" S,sangat rendah,57.000000,122.536384,-3.940221,140.068190,Gamping keras; Marmer (sangat curam; hindari pembangunan),tidak pernah banjir,sangat rendah,1
122° 32' 11.4547" E,3° 56' 25.6746" S,sangat rendah,58.000000,122.536515,-3.940465,138.490590,Gamping keras; Marmer (sangat curam; hindari pembangunan),tidak pernah banjir,sangat rendah,1
122° 32' 13.1662" E,3° 56' 26.7437" S,sangat rendah,59.000000,122.536991,-3.940762,160.292140,Gamping keras; Marmer (sangat curam; hindari pembangunan),tidak pernah banjir,sangat rendah,1
122° 32' 16.0678" E,3° 56' 29.0472" S,sangat rendah,60.000000,122.537797,-3.941402,207.472550,Gamping keras; Marmer (sangat curam; hindari pembangunan),tidak pernah banjir,sangat rendah,1
122° 32' 18.6623" E,3° 56' 30.4868" S,sangat rendah,61.000000,122.538517,-3.941802,237.467640,Gamping keras; Marmer (sangat curam; hindari pembangunan),tidak pernah banjir,sangat rendah,1
122° 32' 21.9854" E,3° 56' 30.7701" S,sangat rendah,62.000000,122.539440,-3.941881,245.768000,Gamping keras; Marmer (sangat curam; hindari pembangunan),tidak pernah banjir,sangat rendah,1
122° 32' 22.8764" E,3° 56' 30.7354" S,sangat rendah,63.000000,122.539688,-3.941871,247.723750,Gamping keras; Marmer (sangat curam; hindari pembangunan),tidak pernah banjir,sangat rendah,1
122° 32' 25.1495" E,3° 56' 30.5354" S,sangat rendah,64.000000,122.540319,-3.941815,254.867980,Gamping keras; Marmer (sangat curam; hindari pembangunan),tidak pernah banjir,sangat rendah,1
122° 32' 25.3608" E,3° 56' 28.5033" S,sangat rendah,65.000000,122.540378,-3.941251,249.824460,Gamping keras; Marmer (sangat curam; hindari pembangunan),tidak pernah banjir,sangat rendah,1
122° 32' 26.2176" E,3° 56' 27.3000" S,sangat rendah,66.000000,122.540616,-3.940917,248.048000,Gamping keras; Marmer (sangat curam; hindari pembangunan),tidak pernah banjir,sangat rendah,1
122° 32' 26.9689" E,3° 56' 26.7690" S,sangat rendah,67.000000,122.540825,-3.940769,236.901150,Gamping keras; Marmer (sangat curam; hindari pembangunan),tidak pernah banjir,sangat rendah,1
122° 32' 28.8485" E,3° 56' 26.4573" S,sangat rendah,68.000000,122.541347,-3.940683,228.439820,Gamping keras; Marmer (sangat curam; hindari pembangunan),tidak pernah banjir,sangat rendah,1
122° 32' 33.0857" E,3° 56' 27.4719" S,sangat rendah,69.000000,122.542524,-3.940964,250.977650,Gamping keras; Marmer (sangat curam; hindari pembangunan),tidak pernah banjir,sangat rendah,1
122° 32' 34.1477" E,3° 56' 28.1290" S,sangat rendah,70.000000,122.542819,-3.941147,254.820660,Gamping keras; Marmer (sangat curam; hindari pembangunan),tidak pernah banjir,sangat rendah,1
122° 32' 37.4068" E,3° 56' 31.1127" S,sangat rendah,71.000000,122.543724,-3.941976,266.807280,Gamping keras; Marmer (sangat curam; hindari pembangunan),tidak pernah banjir,sangat rendah,1
122° 32' 39.1999" E,3° 56' 32.8646" S,sangat rendah,72.000000,122.544222,-3.942462,273.799650,Gamping keras; Marmer (sangat curam; hindari pembangunan),tidak pernah banjir,sangat rendah,1
122° 32' 41.0316" E,3° 56' 34.2920" S,sangat rendah,73.000000,122.544731,-3.942859,265.788880,Gamping keras; Marmer (sangat curam; hindari pembangunan),tidak pernah banjir,sangat rendah,1
122° 32' 44.1787" E,3° 56' 36.3455" S,sangat rendah,74.000000,122.545605,-3.943429,245.696840,Gamping keras; Marmer (sangat curam; hindari pembangunan),tidak pernah banjir,sangat rendah,1
122° 32' 46.4316" E,3° 56' 36.6438" S,sangat rendah,75.000000,122.546231,-3.943512,254.315900,Gamping keras; Marmer (sangat curam; hindari pembangunan),tidak pernah banjir,sangat rendah,1
122° 32' 48.7046" E,3° 56' 36.0510" S,sangat rendah,76.000000,122.546862,-3.943347,266.471440,Gamping keras; Marmer (sangat curam; hindari pembangunan),tidak pernah banjir,sangat rendah,1
122° 32' 51.9464" E,3° 56' 35.2789" S,sangat rendah,77.000000,122.547763,-3.943133,285.222530,Gamping keras; Marmer (sangat curam; hindari pembangunan),tidak pernah banjir,sangat rendah,1
122° 32' 52.8814" E,3° 56' 35.0309" S,sangat rendah,78.000000,122.548023,-3.943064,287.657620,Gamping keras; Marmer (sangat curam; hindari pembangunan),tidak pernah banjir,sangat rendah,1
122° 32' 53.9196" E,3° 56' 34.8540" S,sangat rendah,79.000000,122.548311,-3.943015,293.979680,Gamping keras; Marmer (sangat curam; hindari pembangunan),tidak pernah banjir,sangat rendah,1
122° 32' 54.8138" E,3° 56' 34.8446" S,sangat rendah,80.000000,122.548559,-3.943012,296.618200,Gamping keras; Marmer (sangat curam; hindari pembangunan),tidak pernah banjir,sangat rendah,1
122° 32' 55.5655" E,3° 56' 34.9942" S,sangat rendah,81.000000,122.548768,-3.943054,296.845200,Gamping keras; Marmer (sangat curam; hindari pembangunan),tidak pernah banjir,sangat rendah,1
122° 32' 56.7989" E,3° 56' 35.2425" S,sangat rendah,82.000000,122.549111,-3.943123,299.687600,Gamping keras; Marmer (sangat curam; hindari pembangunan),tidak pernah banjir,sangat rendah,1
122° 32' 57.8022" E,3° 56' 34.9809" S,sangat rendah,83.000000,122.549390,-3.943050,296.047550,Gamping keras; Marmer (sangat curam; hindari pembangunan),tidak pernah banjir,sangat rendah,1
122° 32' 58.2742" E,3° 56' 34.5555" S,sangat rendah,84.000000,122.549521,-3.942932,292.661650,Gamping keras; Marmer (sangat curam; hindari pembangunan),tidak pernah banjir,sangat rendah,1
122° 32' 58.4848" E,3° 56' 34.1987" S,sangat rendah,85.000000,122.549579,-3.942833,291.877900,Gamping keras; Marmer (sangat curam; hindari pembangunan),tidak pernah banjir,sangat rendah,1
122° 32' 58.6478" E,3° 56' 33.9226" S,sangat rendah,86.000000,122.549624,-3.942756,291.522030,Gamping keras; Marmer (sangat curam; hindari pembangunan),tidak pernah banjir,sangat rendah,1
122° 32' 59.0161" E,3° 56' 33.0400" S,sangat rendah,87.000000,122.549727,-3.942511,292.221560,Gamping keras; Marmer (sangat curam; hindari pembangunan),tidak pernah banjir,sangat rendah,1
122° 32' 59.4031" E,3° 56' 32.2443" S,sangat rendah,88.000000,122.549834,-3.942290,293.704000,Gamping keras; Marmer (sangat curam; hindari pembangunan),tidak pernah banjir,sangat rendah,1
122° 33' 00.0151" E,3° 56' 31.3518" S,sangat rendah,89.000000,122.550004,-3.942042,293.960900,Gamping keras; Marmer (sangat curam; hindari pembangunan),tidak pernah banjir,sangat rendah,1
122° 33' 00.4993" E,3° 56' 31.0238" S,sangat rendah,90.000000,122.550139,-3.941951,291.587400,Gamping keras; Marmer (sangat curam; hindari pembangunan),tidak pernah banjir,sangat rendah,1
122° 33' 01.6574" E,3° 56' 30.7664" S,sangat rendah,91.000000,122.550460,-3.941880,288.636870,Gamping keras; Marmer (sangat curam; hindari pembangunan),tidak pernah banjir,sangat rendah,1
122° 33' 02.8987" E,3° 56' 30.8101" S,sangat rendah,92.000000,122.550805,-3.941892,287.130280,Gamping keras; Marmer (sangat curam; hindari pembangunan),tidak pernah banjir,sangat rendah,1
122° 33' 04.2998" E,3° 56' 30.8695" S,sangat rendah,93.000000,122.551194,-3.941908,287.518250,Gamping keras; Marmer (sangat curam; hindari pembangunan),tidak pernah banjir,sangat rendah,1
122° 33' 05.4187" E,3° 56' 30.8271" S,sangat rendah,94.000000,122.551505,-3.941896,288.600130,Gamping keras; Marmer (sangat curam; hindari pembangunan),tidak pernah banjir,sangat rendah,1
122° 33' 06.7356" E,3° 56' 30.6754" S,sangat rendah,95.000000,122.551871,-3.941854,295.834500,Gamping keras; Marmer (sangat curam; hindari pembangunan),tidak pernah banjir,sangat rendah,1
122° 33' 08.0240" E,3° 56' 30.2227" S,sangat rendah,96.000000,122.552229,-3.941729,304.579960,Gamping keras; Marmer (sangat curam; hindari pembangunan),tidak pernah banjir,sangat rendah,1
122° 33' 09.7229" E,3° 56' 29.0674" S,sangat rendah,97.000000,122.552701,-3.941408,318.075620,Gamping keras; Marmer (sangat curam; hindari pembangunan),tidak pernah banjir,sangat rendah,1
122° 33' 09.8989" E,3° 56' 26.9883" S,sangat rendah,98.000000,122.552750,-3.940830,314.541440,Gamping keras; Marmer (sangat curam; hindari pembangunan),tidak pernah banjir,sangat rendah,1
122° 33' 10.7924" E,3° 56' 22.8188" S,sangat rendah,99.000000,122.552998,-3.939672,308.913000,Gamping keras; Marmer (sangat curam; hindari pembangunan),tidak pernah banjir,sangat rendah,1
122° 33' 12.9892" E,3° 56' 19.2284" S,sangat rendah,100.000000,122.553608,-3.938675,312.302830,Gamping keras; Marmer (sangat curam; hindari pembangunan),tidak pernah banjir,sangat rendah,1
122° 33' 14.4414" E,3° 56' 17.5643" S,sangat rendah,101.000000,122.554012,-3.938212,313.006260,Gamping keras; Marmer (sangat curam; hindari pembangunan),tidak pernah banjir,sangat rendah,1
122° 33' 16.4851" E,3° 56' 15.7833" S,sangat rendah,102.000000,122.554579,-3.937718,311.266330,Gamping keras; Marmer (sangat curam; hindari pembangunan),tidak pernah banjir,sangat rendah,1
122° 33' 17.4974" E,3° 56' 14.7326" S,sangat rendah,103.000000,122.554860,-3.937426,310.680800,Gamping keras; Marmer (sangat curam; hindari pembangunan),tidak pernah banjir,sangat rendah,1
122° 33' 19.0206" E,3° 56' 12.3683" S,sangat rendah,104.000000,122.555284,-3.936769,324.454250,Gamping keras; Marmer (sangat curam; hindari pembangunan),tidak pernah banjir,sangat rendah,1
122° 33' 27.5234" E,3° 56' 13.2792" S,sangat rendah,105.000000,122.557645,-3.937022,274.588130,Gamping keras; Marmer (sangat curam; hindari pembangunan),tidak pernah banjir,sangat rendah,1
122° 33' 34.6716" E,3° 56' 15.0696" S,sangat rendah,106.000000,122.559631,-3.937519,279.386380,Gamping keras; Marmer (sangat curam; hindari pembangunan),tidak pernah banjir,sangat rendah,1
122° 33' 45.3935" E,3° 56' 20.0860" S,sangat rendah,107.000000,122.562609,-3.938913,284.591830,Gamping keras; Marmer (sangat curam; hindari pembangunan),tidak pernah banjir,sangat rendah,1
122° 33' 52.1842" E,3° 56' 22.9523" S,sangat rendah,108.000000,122.564496,-3.939709,248.052140,Gamping keras; Marmer (sangat curam; hindari pembangunan),tidak pernah banjir,sangat rendah,1
122° 33' 56.0650" E,3° 56' 24.1968" S,sangat rendah,109.000000,122.565574,-3.940055,254.700640,Gamping keras; Marmer (sangat curam; hindari pembangunan),tidak pernah banjir,sangat rendah,1
122° 34' 01.6669" E,3° 56' 23.8142" S,sangat rendah,110.000000,122.567130,-3.939948,245.517060,Gamping keras; Marmer (sangat curam; hindari pembangunan),tidak pernah banjir,sangat rendah,1
122° 34' 03.9925" E,3° 56' 23.7155" S,sangat rendah,111.000000,122.567776,-3.939921,233.753950,Gamping keras; Marmer (sangat curam; hindari pembangunan),tidak pernah banjir,sangat rendah,1
122° 34' 13.6546" E,3° 56' 23.6168" S,sangat rendah,112.000000,122.570460,-3.939894,291.382970,Gamping keras; Marmer (sangat curam; hindari pembangunan),tidak pernah banjir,sangat rendah,1
122° 34' 15.5870" E,3° 56' 22.9918" S,sangat rendah,113.000000,122.570996,-3.939720,305.693020,Gamping keras; Marmer (sangat curam; hindari pembangunan),tidak pernah banjir,sangat rendah,1
122° 34' 21.4828" E,3° 56' 23.0247" S,sangat rendah,114.000000,122.572634,-3.939729,380.036000,Gamping keras; Marmer (sangat curam; hindari pembangunan),tidak pernah banjir,sangat rendah,1
122° 34' 22.9087" E,3° 56' 22.6116" S,sangat rendah,115.000000,122.573030,-3.939614,379.850520,Gamping keras; Marmer (sangat curam; hindari pembangunan),tidak pernah banjir,sangat rendah,1
122° 34' 24.9254" E,3° 56' 25.1170" S,sangat rendah,116.000000,122.573590,-3.940310,360.135600,Gamping keras; Marmer (sangat curam; hindari pembangunan),tidak pernah banjir,sangat rendah,1
122° 34' 25.9475" E,3° 56' 26.0641" S,sangat rendah,117.000000,122.573874,-3.940573,367.794860,Gamping keras; Marmer (sangat curam; hindari pembangunan),tidak pernah banjir,sangat rendah,1
122° 34' 28.3840" E,3° 56' 26.9056" S,sangat rendah,118.000000,122.574551,-3.940807,370.392100,Gamping keras; Marmer (sangat curam; hindari pembangunan),tidak pernah banjir,sangat rendah,1
122° 34' 31.3122" E,3° 56' 26.4137" S,sangat rendah,119.000000,122.575365,-3.940670,361.657200,Gamping keras; Marmer (sangat curam; hindari pembangunan),tidak pernah banjir,sangat rendah,1
122° 34' 34.0514" E,3° 56' 25.1889" S,sangat rendah,120.000000,122.576125,-3.940330,351.387970,Gamping keras; Marmer (sangat curam; hindari pembangunan),tidak pernah banjir,sangat rendah,1
122° 34' 35.2924" E,3° 56' 24.2809" S,sangat rendah,121.000000,122.576470,-3.940078,346.644740,Gamping keras; Marmer (sangat curam; hindari pembangunan),tidak pernah banjir,sangat rendah,1
122° 34' 36.7907" E,3° 56' 23.3583" S,sangat rendah,122.000000,122.576886,-3.939822,347.942380,Gamping keras; Marmer (sangat curam; hindari pembangunan),tidak pernah banjir,sangat rendah,1
122° 34' 39.5396" E,3° 56' 22.4609" S,sangat rendah,123.000000,122.577650,-3.939572,335.995330,Gamping keras; Marmer (sangat curam; hindari pembangunan),tidak pernah banjir,sangat rendah,1
122° 34' 42.4535" E,3° 56' 21.8859" S,sangat rendah,124.000000,122.578459,-3.939413,330.163000,Gamping keras; Marmer (sangat curam; hindari pembangunan),tidak pernah banjir,sangat rendah,1
122° 34' 43.4168" E,3° 56' 21.5429" S,sangat rendah,125.000000,122.578727,-3.939317,330.488530,Gamping keras; Marmer (sangat curam; hindari pembangunan),tidak pernah banjir,sangat rendah,1
122° 34' 44.0422" E,3° 56' 21.2333" S,sangat rendah,126.000000,122.578901,-3.939231,333.757570,Gamping keras; Marmer (sangat curam; hindari pembangunan),tidak pernah banjir,sangat rendah,1
122° 34' 48.1188" E,3° 56' 21.1928" S,sangat rendah,127.000000,122.580033,-3.939220,358.875300,Gamping keras; Marmer (sangat curam; hindari pembangunan),tidak pernah banjir,sangat rendah,1
122° 34' 53.9515" E,3° 56' 21.2565" S,sangat rendah,128.000000,122.581653,-3.939238,344.525200,Gamping keras; Marmer (sangat curam; hindari pembangunan),tidak pernah banjir,sangat rendah,1
122° 34' 54.7842" E,3° 56' 22.4700" S,sangat rendah,129.000000,122.581885,-3.939575,327.806000,Gamping keras; Marmer (sangat curam; hindari pembangunan),tidak pernah banjir,sangat rendah,1
122° 34' 55.2169" E,3° 56' 23.4252" S,sangat rendah,130.000000,122.582005,-3.939840,319.907930,Gamping keras; Marmer (sangat curam; hindari pembangunan),tidak pernah banjir,sangat rendah,1
122° 34' 55.6561" E,3° 56' 24.9716" S,sangat rendah,131.000000,122.582127,-3.940270,307.710500,Gamping keras; Marmer (sangat curam; hindari pembangunan),tidak pernah banjir,sangat rendah,1
122° 34' 56.4060" E,3° 56' 28.1669" S,sangat rendah,132.000000,122.582335,-3.941157,275.968170,Gamping keras; Marmer (sangat curam; hindari pembangunan),tidak pernah banjir,sangat rendah,1
122° 34' 57.1447" E,3° 56' 29.5522" S,sangat rendah,133.000000,122.582540,-3.941542,265.214600,Gamping keras; Marmer (sangat curam; hindari pembangunan),tidak pernah banjir,sangat rendah,1
122° 34' 58.0609" E,3° 56' 31.1379" S,sangat rendah,134.000000,122.582795,-3.941983,248.765300,Gamping keras; Marmer (sangat curam; hindari pembangunan),tidak pernah banjir,sangat rendah,1
122° 34' 59.0639" E,3° 56' 33.8155" S,sangat rendah,135.000000,122.583073,-3.942727,233.346820,Gamping keras; Marmer (sangat curam; hindari pembangunan),tidak pernah banjir,sangat rendah,1
122° 34' 59.4469" E,3° 56' 36.0898" S,sangat rendah,136.000000,122.583180,-3.943358,229.336040,Gamping keras; Marmer (sangat curam; hindari pembangunan),tidak pernah banjir,sangat rendah,1
122° 34' 59.5985" E,3° 56' 39.7464" S,sangat rendah,137.000000,122.583222,-3.944374,224.318080,Gamping keras; Marmer (sangat curam; hindari pembangunan),tidak pernah banjir,sangat rendah,1
122° 34' 58.8655" E,3° 56' 41.3972" S,sangat rendah,138.000000,122.583018,-3.944833,222.664640,Gamping keras; Marmer (sangat curam; hindari pembangunan),tidak pernah banjir,sangat rendah,1
122° 34' 58.2985" E,3° 56' 42.5841" S,sangat rendah,139.000000,122.582861,-3.945162,223.520900,Gamping keras; Marmer (sangat curam; hindari pembangunan),tidak pernah banjir,sangat rendah,1
122° 34' 58.5386" E,3° 56' 43.7371" S,sangat rendah,140.000000,122.582927,-3.945483,222.578920,Gamping keras; Marmer (sangat curam; hindari pembangunan),tidak pernah banjir,sangat rendah,1
122° 34' 59.1726" E,3° 56' 45.0906" S,sangat rendah,141.000000,122.583103,-3.945858,212.248410,Gamping keras; Marmer (sangat curam; hindari pembangunan),tidak pernah banjir,sangat rendah,1
122° 34' 59.5657" E,3° 56' 46.8348" S,sangat rendah,142.000000,122.583213,-3.946343,203.938890,Gamping keras; Marmer (sangat curam; hindari pembangunan),tidak pernah banjir,sangat rendah,1
122° 34' 59.4066" E,3° 56' 48.7619" S,sangat rendah,143.000000,122.583168,-3.946878,202.311970,Gamping keras; Marmer (sangat curam; hindari pembangunan),tidak pernah banjir,sangat rendah,1
122° 34' 58.7834" E,3° 56' 50.1099" S,sangat rendah,144.000000,122.582995,-3.947253,201.814790,Gamping keras; Marmer (sangat curam; hindari pembangunan),tidak pernah banjir,sangat rendah,1
122° 34' 58.6078" E,3° 56' 51.5778" S,sangat rendah,145.000000,122.582947,-3.947661,197.365680,Gamping keras; Marmer (sangat curam; hindari pembangunan),tidak pernah banjir,sangat rendah,1
122° 34' 58.9303" E,3° 56' 53.1779" S,sangat rendah,146.000000,122.583036,-3.948105,199.605290,Gamping keras; Marmer (sangat curam; hindari pembangunan),tidak pernah banjir,sangat rendah,1
122° 34' 58.7982" E,3° 56' 54.9194" S,sangat rendah,147.000000,122.582999,-3.948589,193.665800,Gamping keras; Marmer (sangat curam; hindari pembangunan),tidak pernah banjir,sangat rendah,1
122° 34' 58.0044" E,3° 56' 56.4847" S,sangat rendah,148.000000,122.582779,-3.949024,188.595500,Gamping keras; Marmer (sangat curam; hindari pembangunan),tidak pernah banjir,sangat rendah,1
122° 34' 57.4594" E,3° 56' 57.0780" S,sangat rendah,149.000000,122.582628,-3.949188,185.817200,Gamping keras; Marmer (sangat curam; hindari pembangunan),tidak pernah banjir,sangat rendah,1
122° 34' 57.0310" E,3° 56' 57.7251" S,sangat rendah,150.000000,122.582509,-3.949368,182.599910,Gamping keras; Marmer (sangat curam; hindari pembangunan),tidak pernah banjir,sangat rendah,1
122° 34' 56.7386" E,3° 56' 58.4919" S,sangat rendah,151.000000,122.582427,-3.949581,180.079130,Gamping keras; Marmer (sangat curam; hindari pembangunan),tidak pernah banjir,sangat rendah,1
122° 34' 56.2004" E,3° 57' 00.2356" S,sangat rendah,152.000000,122.582278,-3.950065,178.627820,Gamping keras; Marmer (sangat curam; hindari pembangunan),tidak pernah banjir,sangat rendah,1
122° 34' 55.4315" E,3° 57' 01.1830" S,sangat rendah,153.000000,122.582064,-3.950329,174.856400,Gamping keras; Marmer (sangat curam; hindari pembangunan),tidak pernah banjir,sangat rendah,1
122° 34' 54.5430" E,3° 57' 02.1547" S,sangat rendah,154.000000,122.581817,-3.950599,170.771730,Gamping keras; Marmer (sangat curam; hindari pembangunan),tidak pernah banjir,sangat rendah,1
122° 34' 54.2413" E,3° 57' 02.7285" S,sangat rendah,155.000000,122.581734,-3.950758,168.905330,Gamping keras; Marmer (sangat curam; hindari pembangunan),tidak pernah banjir,sangat rendah,1
122° 34' 54.1402" E,3° 57' 03.0026" S,sangat rendah,156.000000,122.581706,-3.950834,167.995220,Gamping keras; Marmer (sangat curam; hindari pembangunan),tidak pernah banjir,sangat rendah,1
122° 34' 54.0682" E,3° 57' 03.4392" S,sangat rendah,157.000000,122.581686,-3.950955,167.355470,Gamping keras; Marmer (sangat curam; hindari pembangunan),tidak pernah banjir,sangat rendah,1
122° 34' 54.0556" E,3° 57' 04.2038" S,sangat rendah,158.000000,122.581682,-3.951168,169.306980,Gamping keras; Marmer (sangat curam; hindari pembangunan),tidak pernah banjir,sangat rendah,1
122° 34' 54.1988" E,3° 57' 04.8951" S,sangat rendah,159.000000,122.581722,-3.951360,169.282710,Gamping keras; Marmer (sangat curam; hindari pembangunan),tidak pernah banjir,sangat rendah,1
122° 34' 54.4951" E,3° 57' 05.4448" S,sangat rendah,160.000000,122.581804,-3.951512,164.443370,Gamping keras; Marmer (sangat curam; hindari pembangunan),tidak pernah banjir,sangat rendah,1
122° 34' 55.0276" E,3° 57' 05.8408" S,sangat rendah,161.000000,122.581952,-3.951622,160.248150,Gamping keras; Marmer (sangat curam; hindari pembangunan),tidak pernah banjir,sangat rendah,1
122° 34' 55.2778" E,3° 57' 05.9118" S,sangat rendah,162.000000,122.582022,-3.951642,158.351090,Gamping keras; Marmer (sangat curam; hindari pembangunan),tidak pernah banjir,sangat rendah,1
122° 34' 55.8790" E,3° 57' 06.0064" S,sangat rendah,163.000000,122.582189,-3.951668,157.273900,Gamping keras; Marmer (sangat curam; hindari pembangunan),tidak pernah banjir,sangat rendah,1
122° 34' 56.5162" E,3° 57' 06.0534" S,sangat rendah,164.000000,122.582366,-3.951681,155.738170,Gamping keras; Marmer (sangat curam; hindari pembangunan),tidak pernah banjir,sangat rendah,1
122° 34' 57.0997" E,3° 57' 06.1747" S,sangat rendah,165.000000,122.582528,-3.951715,155.765490,Gamping keras; Marmer (sangat curam; hindari pembangunan),tidak pernah banjir,sangat rendah,1
122° 34' 57.6152" E,3° 57' 06.3599" S,sangat rendah,166.000000,122.582671,-3.951767,154.909320,Gamping keras; Marmer (sangat curam; hindari pembangunan),tidak pernah banjir,sangat rendah,1
122° 34' 58.0829" E,3° 57' 06.7055" S,sangat rendah,167.000000,122.582801,-3.951863,151.956850,Gamping keras; Marmer (sangat curam; hindari pembangunan),tidak pernah banjir,sangat rendah,1
122° 34' 58.3378" E,3° 57' 06.9625" S,sangat rendah,168.000000,122.582872,-3.951934,150.807880,Gamping keras; Marmer (sangat curam; hindari pembangunan),tidak pernah banjir,sangat rendah,1
122° 34' 58.8526" E,3° 57' 07.5843" S,sangat rendah,169.000000,122.583015,-3.952107,152.086040,Gamping keras; Marmer (sangat curam; hindari pembangunan),tidak pernah banjir,sangat rendah,1
122° 34' 59.2421" E,3° 57' 07.8759" S,sangat rendah,170.000000,122.583123,-3.952188,151.312000,Gamping keras; Marmer (sangat curam; hindari pembangunan),tidak pernah banjir,sangat rendah,1
122° 34' 59.6784" E,3° 57' 08.1660" S,sangat rendah,171.000000,122.583244,-3.952268,149.680570,Gamping keras; Marmer (sangat curam; hindari pembangunan),tidak pernah banjir,sangat rendah,1
122° 35' 00.1799" E,3° 57' 08.4399" S,sangat rendah,172.000000,122.583383,-3.952344,150.377600,Gamping keras; Marmer (sangat curam; hindari pembangunan),tidak pernah banjir,sangat rendah,1
122° 35' 00.7044" E,3° 57' 08.8249" S,sangat rendah,173.000000,122.583529,-3.952451,151.994980,Gamping keras; Marmer (sangat curam; hindari pembangunan),tidak pernah banjir,sangat rendah,1
122° 35' 00.9143" E,3° 57' 09.0563" S,sangat rendah,174.000000,122.583587,-3.952516,152.641240,Gamping keras; Marmer (sangat curam; hindari pembangunan),tidak pernah banjir,sangat rendah,1
122° 35' 01.2131" E,3° 57' 09.5469" S,sangat rendah,175.000000,122.583670,-3.952652,152.008100,Gamping keras; Marmer (sangat curam; hindari pembangunan),tidak pernah banjir,sangat rendah,1
122° 35' 01.4608" E,3° 57' 10.2676" S,sangat rendah,176.000000,122.583739,-3.952852,149.276840,Gamping keras; Marmer (sangat curam; hindari pembangunan),tidak pernah banjir,sangat rendah,1
122° 35' 01.5990" E,3° 57' 11.5305" S,sangat rendah,177.000000,122.583777,-3.953203,143.788650,Gamping keras; Marmer (sangat curam; hindari pembangunan),tidak pernah banjir,sangat rendah,1
122° 35' 01.6278" E,3° 57' 12.2022" S,sangat rendah,178.000000,122.583786,-3.953389,141.428570,Gamping keras; Marmer (sangat curam; hindari pembangunan),tidak pernah banjir,sangat rendah,1
122° 35' 01.5371" E,3° 57' 13.2842" S,sangat rendah,179.000000,122.583760,-3.953690,140.951370,Gamping keras; Marmer (sangat curam; hindari pembangunan),tidak pernah banjir,sangat rendah,1
122° 35' 01.3592" E,3° 57' 13.8117" S,sangat rendah,180.000000,122.583711,-3.953837,140.716320,Gamping keras; Marmer (sangat curam; hindari pembangunan),tidak pernah banjir,sangat rendah,1
122° 35' 00.8333" E,3° 57' 17.1580" S,sangat rendah,181.000000,122.583565,-3.954766,140.965620,Gamping keras; Marmer (sangat curam; hindari pembangunan),tidak pernah banjir,sangat rendah,1
122° 34' 59.1154" E,3° 57' 25.2863" S,sangat rendah,182.000000,122.583088,-3.957024,146.009190,Gamping keras; Marmer (sangat curam; hindari pembangunan),tidak pernah banjir,sangat rendah,1
122° 34' 59.1150" E,3° 57' 25.7246" S,sangat rendah,183.000000,122.583088,-3.957146,146.715850,Gamping keras; Marmer (sangat curam; hindari pembangunan),tidak pernah banjir,sangat rendah,1
122° 34' 58.0436" E,3° 57' 29.6130" S,sangat rendah,184.000000,122.582790,-3.958226,150.889430,Gamping keras; Marmer (sangat curam; hindari pembangunan),tidak pernah banjir,sangat rendah,1
122° 34' 57.7769" E,3° 57' 31.1475" S,sangat rendah,185.000000,122.582716,-3.958652,145.350370,Gamping keras; Marmer (sangat curam; hindari pembangunan),tidak pernah banjir,sangat rendah,1
122° 34' 58.3943" E,3° 57' 33.5737" S,sangat rendah,186.000000,122.582887,-3.959326,129.904510,Gamping keras; Marmer (sangat curam; hindari pembangunan),tidak pernah banjir,sangat rendah,1
122° 34' 58.7071" E,3° 57' 34.2021" S,sangat rendah,187.000000,122.582974,-3.959501,126.113000,Gamping keras; Marmer (sangat curam; hindari pembangunan),tidak pernah banjir,sangat rendah,1
122° 34' 59.2756" E,3° 57' 35.8017" S,sangat rendah,188.000000,122.583132,-3.959945,114.409900,Gamping keras; Marmer (sangat curam; hindari pembangunan),tidak pernah banjir,sangat rendah,1
122° 34' 59.0657" E,3° 57' 39.0372" S,sangat rendah,189.000000,122.583074,-3.960844,133.628400,Gamping keras; Marmer (sangat curam; hindari pembangunan),tidak pernah banjir,sangat rendah,1
122° 35' 00.7530" E,3° 57' 42.7420" S,sangat rendah,190.000000,122.583542,-3.961873,118.874084,Gamping keras; Marmer (sangat curam; hindari pembangunan),tidak pernah banjir,sangat rendah,1
122° 35' 00.9445" E,3° 57' 43.8804" S,sangat rendah,191.000000,122.583596,-3.962189,116.023834,Gamping keras; Marmer (sangat curam; hindari pembangunan),tidak pernah banjir,sangat rendah,1
122° 35' 01.2534" E,3° 57' 45.3507" S,sangat rendah,192.000000,122.583681,-3.962597,107.591420,Gamping keras; Marmer (sangat curam; hindari pembangunan),tidak pernah banjir,sangat rendah,1
122° 35' 01.1454" E,3° 57' 45.9762" S,sangat rendah,193.000000,122.583652,-3.962771,103.493180,Gamping keras; Marmer (sangat curam; hindari pembangunan),tidak pernah banjir,sangat rendah,1
122° 35' 01.1598" E,3° 57' 46.7212" S,sangat rendah,194.000000,122.583656,-3.962978,101.223200,Gamping keras; Marmer (sangat curam; hindari pembangunan),tidak pernah banjir,sangat rendah,1
122° 35' 01.2808" E,3° 57' 47.5273" S,sangat rendah,195.000000,122.583689,-3.963202,100.074500,Gamping keras; Marmer (sangat curam; hindari pembangunan),tidak pernah banjir,sangat rendah,1
122° 35' 01.5036" E,3° 57' 49.3349" S,sangat rendah,196.000000,122.583751,-3.963704,94.543450,Gamping keras; Marmer (sangat curam; hindari pembangunan),tidak pernah banjir,sangat rendah,1
122° 35' 01.3985" E,3° 57' 50.7785" S,sangat rendah,197.000000,122.583722,-3.964105,84.905120,Gamping keras; Marmer (sangat curam; hindari pembangunan),tidak pernah banjir,sangat rendah,1
122° 35' 00.9024" E,3° 57' 51.7131" S,sangat rendah,198.000000,122.583584,-3.964365,80.498116,Gamping keras; Marmer (sangat curam; hindari pembangunan),tidak pernah banjir,sangat rendah,1
122° 35' 00.3746" E,3° 57' 52.3603" S,sangat rendah,199.000000,122.583437,-3.964545,79.481550,Gamping keras; Marmer (sangat curam; hindari pembangunan),tidak pernah banjir,sangat rendah,1
122° 34' 59.6485" E,3° 57' 53.1518" S,sangat rendah,200.000000,122.583236,-3.964764,76.481180,Gamping keras; Marmer (sangat curam; hindari pembangunan),tidak pernah banjir,sangat rendah,1
122° 34' 59.4026" E,3° 57' 53.7208" S,sangat rendah,201.000000,122.583167,-3.964922,76.035920,Gamping keras; Marmer (sangat curam; hindari pembangunan),tidak pernah banjir,sangat rendah,1
122° 34' 59.3436" E,3° 57' 55.0178" S,sangat rendah,202.000000,122.583151,-3.965283,75.509160,Gamping keras; Marmer (sangat curam; hindari pembangunan),tidak pernah banjir,sangat rendah,1
122° 34' 59.1708" E,3° 57' 55.4378" S,sangat rendah,203.000000,122.583103,-3.965399,74.527660,Gamping keras; Marmer (sangat curam; hindari pembangunan),tidak pernah banjir,sangat rendah,1
122° 34' 58.6841" E,3° 57' 55.7820" S,sangat rendah,204.000000,122.582968,-3.965495,72.655720,Gamping keras; Marmer (sangat curam; hindari pembangunan),tidak pernah banjir,sangat rendah,1
122° 34' 58.3972" E,3° 57' 55.8343" S,sangat rendah,205.000000,122.582888,-3.965510,71.430740,Gamping keras; Marmer (sangat curam; hindari pembangunan),tidak pernah banjir,sangat rendah,1
122° 34' 57.7891" E,3° 57' 55.9452" S,sangat rendah,206.000000,122.582719,-3.965540,70.556590,Gamping keras; Marmer (sangat curam; hindari pembangunan),tidak pernah banjir,sangat rendah,1
122° 34' 56.7019" E,3° 57' 55.8347" S,sangat rendah,207.000000,122.582417,-3.965510,73.780390,Gamping keras; Marmer (sangat curam; hindari pembangunan),tidak pernah banjir,sangat rendah,1
122° 34' 55.2176" E,3° 57' 55.6899" S,sangat rendah,208.000000,122.582005,-3.965469,66.771020,Gamping keras; Marmer (sangat curam; hindari pembangunan),tidak pernah banjir,sangat rendah,1
122° 34' 54.3511" E,3° 57' 55.7742" S,sangat rendah,209.000000,122.581764,-3.965493,65.916210,Gamping keras; Marmer (sangat curam; hindari pembangunan),tidak pernah banjir,sangat rendah,1
122° 34' 53.2578" E,3° 57' 56.1993" S,sangat rendah,210.000000,122.581461,-3.965611,69.915490,Gamping keras; Marmer (sangat curam; hindari pembangunan),tidak pernah banjir,sangat rendah,1
122° 34' 52.6130" E,3° 57' 56.4384" S,sangat rendah,211.000000,122.581281,-3.965677,67.551500,Gamping keras; Marmer (sangat curam; hindari pembangunan),tidak pernah banjir,sangat rendah,1
122° 34' 51.8178" E,3° 57' 56.5064" S,sangat rendah,212.000000,122.581061,-3.965696,64.897950,Gamping keras; Marmer (sangat curam; hindari pembangunan),tidak pernah banjir,sangat rendah,1
122° 34' 51.5734" E,3° 57' 56.4468" S,sangat rendah,213.000000,122.580993,-3.965680,63.374752,Gamping keras; Marmer (sangat curam; hindari pembangunan),tidak pernah banjir,sangat rendah,1
122° 34' 51.1151" E,3° 57' 56.3350" S,sangat rendah,214.000000,122.580865,-3.965649,58.800210,Gamping keras; Marmer (sangat curam; hindari pembangunan),tidak pernah banjir,sangat rendah,1
122° 34' 50.2194" E,3° 57' 56.5827" S,sangat rendah,215.000000,122.580617,-3.965717,60.195766,Gamping keras; Marmer (sangat curam; hindari pembangunan),tidak pernah banjir,sangat rendah,1
122° 34' 49.8007" E,3° 57' 57.2684" S,sangat rendah,216.000000,122.580500,-3.965908,69.262120,Gamping keras; Marmer (sangat curam; hindari pembangunan),tidak pernah banjir,sangat rendah,1
122° 34' 49.9242" E,3° 57' 57.9341" S,sangat rendah,217.000000,122.580534,-3.966093,79.154465,Gamping keras; Marmer (sangat curam; hindari pembangunan),tidak pernah banjir,sangat rendah,1
122° 34' 49.7827" E,3° 57' 59.3398" S,sangat rendah,218.000000,122.580495,-3.966483,82.406640,Gamping keras; Marmer (sangat curam; hindari pembangunan),tidak pernah banjir,sangat rendah,1
122° 34' 49.6578" E,3° 58' 00.7901" S,sangat rendah,219.000000,122.580461,-3.966886,72.077050,Gamping keras; Marmer (sangat curam; hindari pembangunan),tidak pernah banjir,sangat rendah,1
122° 34' 49.2182" E,3° 58' 01.7070" S,sangat rendah,220.000000,122.580338,-3.967141,61.889954,Gamping keras; Marmer (sangat curam; hindari pembangunan),tidak pernah banjir,sangat rendah,1
122° 34' 48.8939" E,3° 58' 01.8204" S,sangat rendah,221.000000,122.580248,-3.967172,60.004562,Gamping keras; Marmer (sangat curam; hindari pembangunan),tidak pernah banjir,sangat rendah,1
122° 34' 48.5944" E,3° 58' 01.9454" S,sangat rendah,222.000000,122.580165,-3.967207,59.241077,Gamping keras; Marmer (sangat curam; hindari pembangunan),tidak pernah banjir,sangat rendah,1
122° 34' 48.3744" E,3° 58' 02.0657" S,sangat rendah,223.000000,122.580104,-3.967240,56.493454,Gamping keras; Marmer (sangat curam; hindari pembangunan),tidak pernah banjir,sangat rendah,1
122° 34' 48.0277" E,3° 58' 02.3399" S,sangat rendah,224.000000,122.580008,-3.967317,54.427864,Gamping keras; Marmer (sangat curam; hindari pembangunan),tidak pernah banjir,sangat rendah,1
122° 34' 47.8859" E,3° 58' 02.4745" S,sangat rendah,225.000000,122.579968,-3.967354,54.427864,Gamping keras; Marmer (sangat curam; hindari pembangunan),tidak pernah banjir,sangat rendah,1
122° 34' 47.8110" E,3° 58' 02.5868" S,sangat rendah,226.000000,122.579948,-3.967385,52.705620,Gamping keras; Marmer (sangat curam; hindari pembangunan),tidak pernah banjir,sangat rendah,1
122° 34' 47.6713" E,3° 58' 02.7964" S,sangat rendah,227.000000,122.579909,-3.967443,51.366020,Gamping keras; Marmer (sangat curam; hindari pembangunan),tidak pernah banjir,sangat rendah,1
122° 34' 47.5568" E,3° 58' 03.1845" S,sangat rendah,228.000000,122.579877,-3.967551,48.981537,Gamping keras; Marmer (sangat curam; hindari pembangunan),tidak pernah banjir,sangat rendah,1
122° 34' 47.4456" E,3° 58' 03.5605" S,sangat rendah,229.000000,122.579846,-3.967656,45.899677,Gamping keras; Marmer (sangat curam; hindari pembangunan),tidak pernah banjir,sangat rendah,1
122° 34' 47.6731" E,3° 58' 03.7849" S,sangat rendah,230.000000,122.579909,-3.967718,45.211166,Gamping keras; Marmer (sangat curam; hindari pembangunan),tidak pernah banjir,sangat rendah,1
122° 34' 47.9528" E,3° 58' 04.0223" S,rendah,231.000000,122.579987,-3.967784,42.829926,Sabak; Napal (rawan longsor; perlu konservasi),tidak pernah banjir,rendah,2
122° 34' 48.5144" E,3° 58' 04.5033" S,rendah,232.000000,122.580143,-3.967918,40.083202,Sabak; Napal (rawan longsor; perlu konservasi),tidak pernah banjir,rendah,2
122° 34' 48.8683" E,3° 58' 04.7251" S,rendah,233.000000,122.580241,-3.967979,41.972683,Sabak; Napal (rawan longsor; perlu konservasi),tidak pernah banjir,rendah,2
122° 34' 49.4062" E,3° 58' 05.0953" S,rendah,234.000000,122.580391,-3.968082,39.055145,Sabak; Napal (rawan longsor; perlu konservasi),tidak pernah banjir,rendah,2
122° 34' 49.8277" E,3° 58' 05.3746" S,rendah,235.000000,122.580508,-3.968160,37.895970,Sabak; Napal (rawan longsor; perlu konservasi),tidak pernah banjir,rendah,2
122° 34' 50.0268" E,3° 58' 05.4495" S,rendah,236.000000,122.580563,-3.968180,39.222977,Sabak; Napal (rawan longsor; perlu konservasi),tidak pernah banjir,rendah,2
122° 34' 50.1697" E,3° 58' 05.4826" S,rendah,237.000000,122.580603,-3.968190,39.222977,Sabak; Napal (rawan longsor; perlu konservasi),tidak pernah banjir,rendah,2
122° 34' 50.3882" E,3° 58' 05.5175" S,rendah,238.000000,122.580663,-3.968199,39.637474,Sabak; Napal (rawan longsor; perlu konservasi),tidak pernah banjir,rendah,2
122° 34' 50.9002" E,3° 58' 05.6476" S,rendah,239.000000,122.580806,-3.968235,38.074190,Sabak; Napal (rawan longsor; perlu konservasi),tidak pernah banjir,rendah,2
122° 34' 51.3696" E,3° 58' 05.7282" S,rendah,240.000000,122.580936,-3.968258,41.040490,Sabak; Napal (rawan longsor; perlu konservasi),tidak pernah banjir,rendah,2
122° 34' 51.8560" E,3° 58' 05.8185" S,rendah,241.000000,122.581071,-3.968283,41.979595,Sabak; Napal (rawan longsor; perlu konservasi),tidak pernah banjir,rendah,2
122° 34' 52.3139" E,3° 58' 05.9513" S,rendah,242.000000,122.581198,-3.968320,42.254837,Sabak; Napal (rawan longsor; perlu konservasi),tidak pernah banjir,rendah,2
122° 34' 52.4903" E,3° 58' 06.0384" S,rendah,243.000000,122.581247,-3.968344,41.463140,Sabak; Napal (rawan longsor; perlu konservasi),tidak pernah banjir,rendah,2
122° 34' 52.5911" E,3° 58' 06.0881" S,rendah,244.000000,122.581275,-3.968358,40.751420,Sabak; Napal (rawan longsor; perlu konservasi),tidak pernah banjir,rendah,2
122° 34' 52.6609" E,3° 58' 06.1227" S,rendah,245.000000,122.581295,-3.968367,39.629010,Sabak; Napal (rawan longsor; perlu konservasi),tidak pernah banjir,rendah,2
122° 34' 52.7218" E,3° 58' 06.1525" S,rendah,246.000000,122.581312,-3.968376,39.629010,Sabak; Napal (rawan longsor; perlu konservasi),tidak pernah banjir,rendah,2
122° 34' 52.4708" E,3° 58' 06.9801" S,rendah,247.000000,122.581242,-3.968606,39.897266,Sabak; Napal (rawan longsor; perlu konservasi),tidak pernah banjir,rendah,2
122° 34' 52.4384" E,3° 58' 07.2700" S,rendah,248.000000,122.581233,-3.968686,36.850765,Sabak; Napal (rawan longsor; perlu konservasi),tidak pernah banjir,rendah,2
122° 34' 52.4215" E,3° 58' 08.0157" S,rendah,249.000000,122.581228,-3.968893,25.662098,Sabak; Napal (rawan longsor; perlu konservasi),tidak pernah banjir,rendah,2
122° 34' 52.4507" E,3° 58' 08.5946" S,rendah,250.000000,122.581236,-3.969054,22.270105,Serpih; Kuarsit (waspada erosi; vegetasi penting),pernah banjir,rendah,2
122° 34' 52.2725" E,3° 58' 09.7108" S,rendah,251.000000,122.581187,-3.969364,15.060768,Serpih; Kuarsit (waspada erosi; vegetasi penting),pernah banjir,rendah,2
122° 34' 52.0414" E,3° 58' 10.0673" S,sedang,252.000000,122.581123,-3.969463,13.354067,Lanau; Gamping; Pasir (stabil; cocok untuk permukiman),pernah banjir,sedang,3
122° 34' 51.3592" E,3° 58' 11.2813" S,sedang,253.000000,122.580933,-3.969800,7.973001,Lanau; Gamping; Pasir (stabil; cocok untuk permukiman),pernah banjir,sedang,3
122° 34' 50.7979" E,3° 58' 12.3392" S,tinggi,254.000000,122.580777,-3.970094,4.250014,Lanau; Gamping; Pasir (stabil; cocok untuk permukiman),pernah banjir,tinggi,4
122° 34' 50.6096" E,3° 58' 12.6830" S,tinggi,255.000000,122.580725,-3.970190,2.680131,Lanau; Gamping; Pasir (stabil; cocok untuk permukiman),pernah banjir,tinggi,4
122° 34' 50.5362" E,3° 58' 12.8776" S,tinggi,256.000000,122.580704,-3.970244,2.040182,Lanau; Gamping; Pasir (stabil; cocok untuk permukiman),pernah banjir,tinggi,4
122° 34' 50.5088" E,3° 58' 13.0866" S,tinggi,257.000000,122.580697,-3.970302,2.040182,Lanau; Gamping; Pasir (stabil; cocok untuk permukiman),pernah banjir,tinggi,4
122° 34' 50.5301" E,3° 58' 13.3626" S,tinggi,258.000000,122.580703,-3.970378,1.936321,Eluvium; Lumpur (datar; berpotensi genangan),pernah banjir,tinggi,4
122° 34' 50.5834" E,3° 58' 13.5015" S,tinggi,259.000000,122.580718,-3.970417,2.915148,Lanau; Gamping; Pasir (stabil; cocok untuk permukiman),pernah banjir,tinggi,4
122° 34' 50.7576" E,3° 58' 13.8087" S,tinggi,260.000000,122.580766,-3.970502,3.935121,Lanau; Gamping; Pasir (stabil; cocok untuk permukiman),pernah banjir,tinggi,4
122° 34' 51.0251" E,3° 58' 14.1432" S,tinggi,261.000000,122.580840,-3.970595,4.867312,Lanau; Gamping; Pasir (stabil; cocok untuk permukiman),pernah banjir,tinggi,4
122° 34' 51.3469" E,3° 58' 14.5456" S,sedang,262.000000,122.580930,-3.970707,6.593089,Lanau; Gamping; Pasir (stabil; cocok untuk permukiman),pernah banjir,sedang,3
122° 34' 51.4186" E,3° 58' 14.6349" S,sedang,263.000000,122.580950,-3.970732,6.593089,Lanau; Gamping; Pasir (stabil; cocok untuk permukiman),pernah banjir,sedang,3
122° 34' 51.5248" E,3° 58' 14.7679" S,sedang,264.000000,122.580979,-3.970769,7.032495,Lanau; Gamping; Pasir (stabil; cocok untuk permukiman),pernah banjir,sedang,3
122° 34' 51.6608" E,3° 58' 14.9378" S,sedang,265.000000,122.581017,-3.970816,7.107925,Lanau; Gamping; Pasir (stabil; cocok untuk permukiman),pernah banjir,sedang,3
122° 34' 51.7793" E,3° 58' 15.0858" S,sedang,266.000000,122.581050,-3.970857,7.784816,Lanau; Gamping; Pasir (stabil; cocok untuk permukiman),pernah banjir,sedang,3
122° 34' 51.7933" E,3° 58' 15.1034" S,sedang,267.000000,122.581054,-3.970862,7.784816,Lanau; Gamping; Pasir (stabil; cocok untuk permukiman),pernah banjir,sedang,3
122° 34' 51.8239" E,3° 58' 15.1415" S,sedang,268.000000,122.581062,-3.970873,7.427140,Lanau; Gamping; Pasir (stabil; cocok untuk permukiman),pernah banjir,sedang,3
122° 34' 51.8531" E,3° 58' 15.1781" S,sedang,269.000000,122.581070,-3.970883,7.427140,Lanau; Gamping; Pasir (stabil; cocok untuk permukiman),pernah banjir,sedang,3
122° 34' 51.9359" E,3° 58' 15.2815" S,sedang,270.000000,122.581093,-3.970912,8.693552,Lanau; Gamping; Pasir (stabil; cocok untuk permukiman),pernah banjir,sedang,3
122° 34' 52.0507" E,3° 58' 15.4254" S,sedang,271.000000,122.581125,-3.970951,8.693552,Lanau; Gamping; Pasir (stabil; cocok untuk permukiman),pernah banjir,sedang,3
122° 34' 52.3038" E,3° 58' 15.7673" S,sedang,272.000000,122.581196,-3.971046,9.441980,Lanau; Gamping; Pasir (stabil; cocok untuk permukiman),pernah banjir,sedang,3
122° 34' 52.4658" E,3° 58' 15.9976" S,sedang,273.000000,122.581241,-3.971110,9.611698,Lanau; Gamping; Pasir (stabil; cocok untuk permukiman),pernah banjir,sedang,3
122° 34' 52.6994" E,3° 58' 16.3304" S,sedang,274.000000,122.581305,-3.971203,8.738750,Lanau; Gamping; Pasir (stabil; cocok untuk permukiman),pernah banjir,sedang,3
122° 34' 52.9439" E,3° 58' 16.8297" S,sedang,275.000000,122.581373,-3.971342,5.442444,Lanau; Gamping; Pasir (stabil; cocok untuk permukiman),pernah banjir,sedang,3
122° 34' 53.1617" E,3° 58' 17.3022" S,tinggi,276.000000,122.581434,-3.971473,1.899013,Eluvium; Lumpur (datar; berpotensi genangan),pernah banjir,tinggi,4
122° 34' 53.5022" E,3° 58' 18.0587" S,tinggi,277.000000,122.581528,-3.971683,0.422339,Eluvium; Lumpur (datar; berpotensi genangan),pernah banjir,tinggi,4
122° 34' 53.3122" E,3° 58' 18.2291" S,tinggi,278.000000,122.581476,-3.971730,0.117423,Eluvium; Lumpur (datar; berpotensi genangan),pernah banjir,tinggi,4
122° 34' 53.2272" E,3° 58' 18.1632" S,tinggi,279.000000,122.581452,-3.971712,0.117423,Eluvium; Lumpur (datar; berpotensi genangan),pernah banjir,tinggi,4
122° 34' 52.6116" E,3° 58' 17.8068" S,tinggi,280.000000,122.581281,-3.971613,0.604139,Eluvium; Lumpur (datar; berpotensi genangan),pernah banjir,tinggi,4
122° 34' 52.1652" E,3° 58' 17.9832" S,tinggi,281.000000,122.581157,-3.971662,0.173758,Eluvium; Lumpur (datar; berpotensi genangan),pernah banjir,tinggi,4
122° 34' 51.7026" E,3° 58' 18.2161" S,tinggi,282.000000,122.581029,-3.971727,0.636569,Eluvium; Lumpur (datar; berpotensi genangan),pernah banjir,tinggi,4
122° 34' 51.3019" E,3° 58' 18.2276" S,tinggi,283.000000,122.580917,-3.971730,0.713734,Eluvium; Lumpur (datar; berpotensi genangan),pernah banjir,tinggi,4
122° 34' 50.6780" E,3° 58' 18.2551" S,tinggi,284.000000,122.580744,-3.971738,-0.578486,Eluvium; Lumpur (datar; berpotensi genangan),pernah banjir,tinggi,4
122° 34' 50.6327" E,3° 58' 18.2531" S,tinggi,285.000000,122.580731,-3.971737,-0.578486,Eluvium; Lumpur (datar; berpotensi genangan),pernah banjir,tinggi,4
122° 34' 50.5690" E,3° 58' 18.2332" S,tinggi,286.000000,122.580714,-3.971731,-0.578486,Eluvium; Lumpur (datar; berpotensi genangan),pernah banjir,tinggi,4
122° 34' 50.3490" E,3° 58' 18.1514" S,tinggi,287.000000,122.580652,-3.971709,-0.082952,Eluvium; Lumpur (datar; berpotensi genangan),pernah banjir,tinggi,4
122° 34' 49.9048" E,3° 58' 18.0039" S,tinggi,288.000000,122.580529,-3.971668,-0.534215,Eluvium; Lumpur (datar; berpotensi genangan),pernah banjir,tinggi,4
122° 34' 49.2874" E,3° 58' 17.8636" S,tinggi,289.000000,122.580358,-3.971629,-0.011046,Eluvium; Lumpur (datar; berpotensi genangan),pernah banjir,tinggi,4
122° 34' 48.6095" E,3° 58' 17.7941" S,tinggi,290.000000,122.580169,-3.971609,0.072821,Eluvium; Lumpur (datar; berpotensi genangan),pernah banjir,tinggi,4
122° 34' 47.7649" E,3° 58' 17.8110" S,tinggi,291.000000,122.579935,-3.971614,0.406251,Eluvium; Lumpur (datar; berpotensi genangan),pernah banjir,tinggi,4
122° 34' 47.5403" E,3° 58' 17.8309" S,tinggi,292.000000,122.579872,-3.971620,0.219010,Eluvium; Lumpur (datar; berpotensi genangan),pernah banjir,tinggi,4
122° 34' 47.1864" E,3° 58' 17.7168" S,tinggi,293.000000,122.579774,-3.971588,0.120836,Eluvium; Lumpur (datar; berpotensi genangan),pernah banjir,tinggi,4
122° 34' 46.5672" E,3° 58' 17.8032" S,tinggi,294.000000,122.579602,-3.971612,0.720951,Eluvium; Lumpur (datar; berpotensi genangan),pernah banjir,tinggi,4
122° 34' 45.7284" E,3° 58' 18.3360" S,tinggi,295.000000,122.579369,-3.971760,1.509184,Eluvium; Lumpur (datar; berpotensi genangan),pernah banjir,tinggi,4
122° 34' 45.1092" E,3° 58' 18.7824" S,tinggi,296.000000,122.579197,-3.971884,0.509510,Eluvium; Lumpur (datar; berpotensi genangan),pernah banjir,tinggi,4
122° 34' 44.7960" E,3° 58' 19.2684" S,tinggi,297.000000,122.579110,-3.972019,0.674455,Eluvium; Lumpur (datar; berpotensi genangan),pernah banjir,tinggi,4
122° 34' 44.5764" E,3° 58' 19.8012" S,tinggi,298.000000,122.579049,-3.972167,0.434809,Eluvium; Lumpur (datar; berpotensi genangan),pernah banjir,tinggi,4
122° 34' 44.7096" E,3° 58' 20.5140" S,tinggi,299.000000,122.579086,-3.972365,0.367898,Eluvium; Lumpur (datar; berpotensi genangan),pernah banjir,tinggi,4
122° 34' 44.7528" E,3° 58' 21.1800" S,tinggi,300.000000,122.579098,-3.972550,-0.388515,Eluvium; Lumpur (datar; berpotensi genangan),pernah banjir,tinggi,4
122° 34' 44.7960" E,3° 58' 21.7128" S,tinggi,301.000000,122.579110,-3.972698,-0.988012,Eluvium; Lumpur (datar; berpotensi genangan),pernah banjir,tinggi,4
122° 34' 44.5778" E,3° 58' 21.7851" S,tinggi,302.000000,122.579049,-3.972718,-1.504307,Eluvium; Lumpur (datar; berpotensi genangan),pernah banjir,tinggi,4
122° 34' 44.0818" E,3° 58' 21.7595" S,tinggi,303.000000,122.578912,-3.972711,-1.696377,Eluvium; Lumpur (datar; berpotensi genangan),pernah banjir,tinggi,4
122° 34' 44.0494" E,3° 58' 21.7433" S,tinggi,304.000000,122.578903,-3.972706,-1.696377,Eluvium; Lumpur (datar; berpotensi genangan),pernah banjir,tinggi,4
122° 34' 43.7912" E,3° 58' 21.5458" S,tinggi,305.000000,122.578831,-3.972652,-1.417671,Eluvium; Lumpur (datar; berpotensi genangan),pernah banjir,tinggi,4
122° 34' 43.7106" E,3° 58' 21.4793" S,tinggi,306.000000,122.578808,-3.972633,-1.505812,Eluvium; Lumpur (datar; berpotensi genangan),pernah banjir,tinggi,4
122° 34' 43.6073" E,3° 58' 21.3204" S,tinggi,307.000000,122.578780,-3.972589,-0.868623,Eluvium; Lumpur (datar; berpotensi genangan),pernah banjir,tinggi,4
122° 34' 43.4464" E,3° 58' 21.0980" S,tinggi,308.000000,122.578735,-3.972527,0.010812,Eluvium; Lumpur (datar; berpotensi genangan),pernah banjir,tinggi,4
122° 34' 43.3859" E,3° 58' 21.0807" S,tinggi,309.000000,122.578718,-3.972522,-0.081887,Eluvium; Lumpur (datar; berpotensi genangan),pernah banjir,tinggi,4
122° 34' 43.1155" E,3° 58' 21.0516" S,tinggi,310.000000,122.578643,-3.972514,-0.113203,Eluvium; Lumpur (datar; berpotensi genangan),pernah banjir,tinggi,4
122° 34' 42.7012" E,3° 58' 21.0283" S,tinggi,311.000000,122.578528,-3.972508,-0.177154,Eluvium; Lumpur (datar; berpotensi genangan),pernah banjir,tinggi,4
122° 34' 41.8800" E,3° 58' 21.0651" S,tinggi,312.000000,122.578300,-3.972518,-0.640018,Eluvium; Lumpur (datar; berpotensi genangan),pernah banjir,tinggi,4
122° 34' 41.0315" E,3° 58' 21.0467" S,tinggi,313.000000,122.578064,-3.972513,-0.720955,Eluvium; Lumpur (datar; berpotensi genangan),pernah banjir,tinggi,4
122° 34' 40.9696" E,3° 58' 21.0558" S,tinggi,314.000000,122.578047,-3.972515,-0.044523,Eluvium; Lumpur (datar; berpotensi genangan),pernah banjir,tinggi,4
122° 34' 40.8464" E,3° 58' 21.1249" S,tinggi,315.000000,122.578013,-3.972535,-0.044523,Eluvium; Lumpur (datar; berpotensi genangan),pernah banjir,tinggi,4
122° 34' 40.7028" E,3° 58' 21.2304" S,tinggi,316.000000,122.577973,-3.972564,-0.103636,Eluvium; Lumpur (datar; berpotensi genangan),pernah banjir,tinggi,4
122° 34' 40.6794" E,3° 58' 21.2923" S,tinggi,317.000000,122.577967,-3.972581,-0.103636,Eluvium; Lumpur (datar; berpotensi genangan),pernah banjir,tinggi,4
122° 34' 40.6711" E,3° 58' 21.3278" S,tinggi,318.000000,122.577964,-3.972591,-0.103636,Eluvium; Lumpur (datar; berpotensi genangan),pernah banjir,tinggi,4
122° 34' 38.7840" E,3° 58' 21.3960" S,tinggi,319.000000,122.577440,-3.972610,0.513670,Eluvium; Lumpur (datar; berpotensi genangan),pernah banjir,tinggi,4
122° 34' 38.1180" E,3° 58' 21.4860" S,tinggi,320.000000,122.577255,-3.972635,-0.454568,Eluvium; Lumpur (datar; berpotensi genangan),pernah banjir,tinggi,4
122° 34' 37.8552" E,3° 58' 21.2628" S,tinggi,321.000000,122.577182,-3.972573,0.193432,Eluvium; Lumpur (datar; berpotensi genangan),pernah banjir,tinggi,4
122° 34' 37.5456" E,3° 58' 20.1540" S,tinggi,322.000000,122.577096,-3.972265,2.435456,Lanau; Gamping; Pasir (stabil; cocok untuk permukiman),pernah banjir,tinggi,4
122° 34' 36.3504" E,3° 58' 19.7544" S,tinggi,323.000000,122.576764,-3.972154,3.044948,Lanau; Gamping; Pasir (stabil; cocok untuk permukiman),pernah banjir,tinggi,4
122° 34' 35.7780" E,3° 58' 19.7544" S,tinggi,324.000000,122.576605,-3.972154,2.977764,Lanau; Gamping; Pasir (stabil; cocok untuk permukiman),pernah banjir,tinggi,4
122° 34' 35.2452" E,3° 58' 19.9308" S,tinggi,325.000000,122.576457,-3.972203,2.843791,Lanau; Gamping; Pasir (stabil; cocok untuk permukiman),pernah banjir,tinggi,4
122° 34' 34.8024" E,3° 58' 19.9308" S,tinggi,326.000000,122.576334,-3.972203,2.956346,Lanau; Gamping; Pasir (stabil; cocok untuk permukiman),pernah banjir,tinggi,4
122° 34' 34.3164" E,3° 58' 19.9308" S,tinggi,327.000000,122.576199,-3.972203,2.535050,Lanau; Gamping; Pasir (stabil; cocok untuk permukiman),pernah banjir,tinggi,4
122° 34' 34.0500" E,3° 58' 19.9308" S,tinggi,328.000000,122.576125,-3.972203,1.808197,Eluvium; Lumpur (datar; berpotensi genangan),pernah banjir,tinggi,4
122° 34' 33.9168" E,3° 58' 20.4636" S,tinggi,329.000000,122.576088,-3.972351,1.290306,Eluvium; Lumpur (datar; berpotensi genangan),pernah banjir,tinggi,4
122° 34' 34.0068" E,3° 58' 20.9064" S,tinggi,330.000000,122.576113,-3.972474,1.393600,Eluvium; Lumpur (datar; berpotensi genangan),pernah banjir,tinggi,4
122° 34' 34.6692" E,3° 58' 21.2196" S,tinggi,331.000000,122.576297,-3.972561,0.373549,Eluvium; Lumpur (datar; berpotensi genangan),pernah banjir,tinggi,4
122° 34' 34.6692" E,3° 58' 22.1562" S,tinggi,332.000000,122.576297,-3.972821,-0.355429,Eluvium; Lumpur (datar; berpotensi genangan),pernah banjir,tinggi,4
122° 34' 34.4575" E,3° 58' 22.1123" S,tinggi,333.000000,122.576238,-3.972809,-0.299614,Eluvium; Lumpur (datar; berpotensi genangan),pernah banjir,tinggi,4
122° 34' 33.1327" E,3° 58' 21.8609" S,tinggi,334.000000,122.575870,-3.972739,-0.841973,Eluvium; Lumpur (datar; berpotensi genangan),pernah banjir,tinggi,4
122° 34' 32.7166" E,3° 58' 21.7896" S,tinggi,335.000000,122.575755,-3.972719,-0.883199,Eluvium; Lumpur (datar; berpotensi genangan),pernah banjir,tinggi,4
122° 34' 32.7029" E,3° 58' 21.7831" S,tinggi,336.000000,122.575751,-3.972718,-0.883199,Eluvium; Lumpur (datar; berpotensi genangan),pernah banjir,tinggi,4
122° 34' 32.4120" E,3° 58' 21.0828" S,tinggi,337.000000,122.575670,-3.972523,-0.596941,Eluvium; Lumpur (datar; berpotensi genangan),pernah banjir,tinggi,4
122° 34' 32.7756" E,3° 58' 20.8128" S,tinggi,338.000000,122.575771,-3.972448,-0.176256,Eluvium; Lumpur (datar; berpotensi genangan),pernah banjir,tinggi,4
122° 34' 32.8656" E,3° 58' 19.9056" S,tinggi,339.000000,122.575796,-3.972196,0.044045,Eluvium; Lumpur (datar; berpotensi genangan),pernah banjir,tinggi,4
122° 34' 32.6856" E,3° 58' 19.3656" S,tinggi,340.000000,122.575746,-3.972046,0.465887,Eluvium; Lumpur (datar; berpotensi genangan),pernah banjir,tinggi,4
122° 34' 32.5956" E,3° 58' 19.0920" S,tinggi,341.000000,122.575721,-3.971970,0.672962,Eluvium; Lumpur (datar; berpotensi genangan),pernah banjir,tinggi,4
122° 34' 32.1456" E,3° 58' 18.0984" S,tinggi,342.000000,122.575596,-3.971694,1.552359,Eluvium; Lumpur (datar; berpotensi genangan),pernah banjir,tinggi,4
122° 34' 31.5156" E,3° 58' 17.3748" S,tinggi,343.000000,122.575421,-3.971493,1.296981,Eluvium; Lumpur (datar; berpotensi genangan),pernah banjir,tinggi,4
122° 34' 31.2456" E,3° 58' 16.6512" S,tinggi,344.000000,122.575346,-3.971292,2.190486,Lanau; Gamping; Pasir (stabil; cocok untuk permukiman),pernah banjir,tinggi,4
122° 34' 28.1820" E,3° 58' 15.6540" S,tinggi,345.000000,122.574495,-3.971015,1.747185,Eluvium; Lumpur (datar; berpotensi genangan),pernah banjir,tinggi,4
122° 34' 27.0156" E,3° 58' 15.9240" S,tinggi,346.000000,122.574171,-3.971090,1.073676,Eluvium; Lumpur (datar; berpotensi genangan),pernah banjir,tinggi,4
122° 34' 26.4720" E,3° 58' 16.5576" S,tinggi,347.000000,122.574020,-3.971266,-0.009825,Eluvium; Lumpur (datar; berpotensi genangan),pernah banjir,tinggi,4
122° 34' 25.3920" E,3° 58' 16.6476" S,tinggi,348.000000,122.573720,-3.971291,0.208050,Eluvium; Lumpur (datar; berpotensi genangan),pernah banjir,tinggi,4
122° 34' 24.5820" E,3° 58' 16.1040" S,tinggi,349.000000,122.573495,-3.971140,1.007535,Eluvium; Lumpur (datar; berpotensi genangan),pernah banjir,tinggi,4
122° 34' 24.5820" E,3° 58' 15.5604" S,tinggi,350.000000,122.573495,-3.970989,0.453234,Eluvium; Lumpur (datar; berpotensi genangan),pernah banjir,tinggi,4
122° 34' 23.6820" E,3° 58' 15.2004" S,tinggi,351.000000,122.573245,-3.970889,0.680831,Eluvium; Lumpur (datar; berpotensi genangan),pernah banjir,tinggi,4
122° 34' 23.0484" E,3° 58' 15.3804" S,tinggi,352.000000,122.573069,-3.970939,0.056331,Eluvium; Lumpur (datar; berpotensi genangan),pernah banjir,tinggi,4
122° 34' 22.3284" E,3° 58' 15.9240" S,tinggi,353.000000,122.572869,-3.971090,1.026660,Eluvium; Lumpur (datar; berpotensi genangan),pernah banjir,tinggi,4
122° 34' 21.6984" E,3° 58' 16.7376" S,tinggi,354.000000,122.572694,-3.971316,0.142737,Eluvium; Lumpur (datar; berpotensi genangan),pernah banjir,tinggi,4
122° 34' 21.1120" E,3° 58' 16.9052" S,tinggi,355.000000,122.572531,-3.971363,-0.722761,Eluvium; Lumpur (datar; berpotensi genangan),pernah banjir,tinggi,4
122° 34' 20.7221" E,3° 58' 16.8876" S,tinggi,356.000000,122.572423,-3.971358,-0.755393,Eluvium; Lumpur (datar; berpotensi genangan),pernah banjir,tinggi,4
122° 34' 19.9884" E,3° 58' 16.8240" S,tinggi,357.000000,122.572219,-3.971340,-0.250723,Eluvium; Lumpur (datar; berpotensi genangan),pernah banjir,tinggi,4
122° 34' 18.9984" E,3° 58' 16.3740" S,tinggi,358.000000,122.571944,-3.971215,0.276114,Eluvium; Lumpur (datar; berpotensi genangan),pernah banjir,tinggi,4
122° 34' 18.6384" E,3° 58' 15.3768" S,tinggi,359.000000,122.571844,-3.970938,-0.236685,Eluvium; Lumpur (datar; berpotensi genangan),pernah banjir,tinggi,4
122° 34' 18.0984" E,3° 58' 14.3832" S,tinggi,360.000000,122.571694,-3.970662,0.587620,Eluvium; Lumpur (datar; berpotensi genangan),pernah banjir,tinggi,4
122° 34' 16.3884" E,3° 58' 14.1096" S,tinggi,361.000000,122.571219,-3.970586,-0.243039,Eluvium; Lumpur (datar; berpotensi genangan),pernah banjir,tinggi,4
122° 34' 13.5048" E,3° 58' 13.7460" S,tinggi,362.000000,122.570418,-3.970485,0.043794,Eluvium; Lumpur (datar; berpotensi genangan),pernah banjir,tinggi,4
122° 34' 06.9708" E,3° 58' 12.5616" S,tinggi,363.000000,122.568603,-3.970156,0.072816,Eluvium; Lumpur (datar; berpotensi genangan),pernah banjir,tinggi,4
122° 34' 06.0708" E,3° 58' 12.0180" S,tinggi,364.000000,122.568353,-3.970005,0.806132,Eluvium; Lumpur (datar; berpotensi genangan),pernah banjir,tinggi,4
122° 34' 04.2708" E,3° 58' 12.0180" S,tinggi,365.000000,122.567853,-3.970005,-0.024585,Eluvium; Lumpur (datar; berpotensi genangan),pernah banjir,tinggi,4
122° 34' 03.3708" E,3° 58' 11.9280" S,tinggi,366.000000,122.567603,-3.969980,-0.566858,Eluvium; Lumpur (datar; berpotensi genangan),pernah banjir,tinggi,4
122° 34' 01.3872" E,3° 58' 11.7444" S,tinggi,367.000000,122.567052,-3.969929,-0.585790,Eluvium; Lumpur (datar; berpotensi genangan),pernah banjir,tinggi,4
122° 34' 00.0372" E,3° 58' 11.5644" S,tinggi,368.000000,122.566677,-3.969879,-0.940915,Eluvium; Lumpur (datar; berpotensi genangan),pernah banjir,tinggi,4
122° 33' 58.9572" E,3° 58' 11.0208" S,tinggi,369.000000,122.566377,-3.969728,-0.405320,Eluvium; Lumpur (datar; berpotensi genangan),pernah banjir,tinggi,4
122° 33' 57.6972" E,3° 58' 10.7472" S,tinggi,370.000000,122.566027,-3.969652,0.261364,Eluvium; Lumpur (datar; berpotensi genangan),pernah banjir,tinggi,4
122° 33' 56.6172" E,3° 58' 10.7472" S,tinggi,371.000000,122.565727,-3.969652,-0.279044,Eluvium; Lumpur (datar; berpotensi genangan),pernah banjir,tinggi,4
122° 33' 56.4376" E,3° 58' 11.0336" S,tinggi,372.000000,122.565677,-3.969732,-0.894068,Eluvium; Lumpur (datar; berpotensi genangan),pernah banjir,tinggi,4
122° 33' 55.3396" E,3° 58' 10.8564" S,tinggi,373.000000,122.565372,-3.969682,1.661940,Eluvium; Lumpur (datar; berpotensi genangan),pernah banjir,tinggi,4
122° 33' 52.7854" E,3° 58' 10.2071" S,tinggi,374.000000,122.564663,-3.969502,2.647943,Lanau; Gamping; Pasir (stabil; cocok untuk permukiman),pernah banjir,tinggi,4
122° 33' 51.4573" E,3° 58' 09.8179" S,tinggi,375.000000,122.564294,-3.969394,-0.060529,Eluvium; Lumpur (datar; berpotensi genangan),pernah banjir,tinggi,4
122° 33' 51.2186" E,3° 58' 09.7446" S,tinggi,376.000000,122.564227,-3.969373,-0.711576,Eluvium; Lumpur (datar; berpotensi genangan),pernah banjir,tinggi,4
122° 33' 49.3200" E,3° 58' 08.7528" S,tinggi,377.000000,122.563700,-3.969098,-0.889743,Eluvium; Lumpur (datar; berpotensi genangan),pernah banjir,tinggi,4
122° 33' 48.0600" E,3° 58' 08.1192" S,tinggi,378.000000,122.563350,-3.968922,-1.417229,Eluvium; Lumpur (datar; berpotensi genangan),pernah banjir,tinggi,4
122° 33' 46.9800" E,3° 58' 07.7592" S,tinggi,379.000000,122.563050,-3.968822,-1.975674,Eluvium; Lumpur (datar; berpotensi genangan),pernah banjir,tinggi,4
122° 33' 46.0800" E,3° 58' 07.2156" S,tinggi,380.000000,122.562800,-3.968671,-1.978620,Eluvium; Lumpur (datar; berpotensi genangan),pernah banjir,tinggi,4
122° 33' 46.0541" E,3° 58' 07.2036" S,tinggi,381.000000,122.562793,-3.968668,-1.978620,Eluvium; Lumpur (datar; berpotensi genangan),pernah banjir,tinggi,4
122° 33' 44.8002" E,3° 58' 06.2580" S,tinggi,382.000000,122.562444,-3.968405,-1.643556,Eluvium; Lumpur (datar; berpotensi genangan),pernah banjir,tinggi,4
122° 33' 44.3513" E,3° 58' 05.9708" S,tinggi,383.000000,122.562320,-3.968325,-1.574248,Eluvium; Lumpur (datar; berpotensi genangan),pernah banjir,tinggi,4
122° 33' 44.1900" E,3° 58' 05.7684" S,tinggi,384.000000,122.562275,-3.968269,-1.476138,Eluvium; Lumpur (datar; berpotensi genangan),pernah banjir,tinggi,4
122° 33' 43.9222" E,3° 58' 05.6963" S,tinggi,385.000000,122.562201,-3.968249,-1.735410,Eluvium; Lumpur (datar; berpotensi genangan),pernah banjir,tinggi,4
122° 33' 43.5287" E,3° 58' 05.4445" S,tinggi,386.000000,122.562091,-3.968179,-1.560488,Eluvium; Lumpur (datar; berpotensi genangan),pernah banjir,tinggi,4
122° 33' 42.7694" E,3° 58' 04.9268" S,tinggi,387.000000,122.561880,-3.968035,-1.646380,Eluvium; Lumpur (datar; berpotensi genangan),pernah banjir,tinggi,4
122° 33' 41.8446" E,3° 58' 04.3300" S,tinggi,388.000000,122.561623,-3.967869,-0.975858,Eluvium; Lumpur (datar; berpotensi genangan),pernah banjir,tinggi,4
122° 33' 41.7877" E,3° 58' 04.2920" S,tinggi,389.000000,122.561608,-3.967859,-0.975858,Eluvium; Lumpur (datar; berpotensi genangan),pernah banjir,tinggi,4
122° 33' 41.6171" E,3° 58' 04.2565" S,tinggi,390.000000,122.561560,-3.967849,-1.005924,Eluvium; Lumpur (datar; berpotensi genangan),pernah banjir,tinggi,4
122° 33' 40.7113" E,3° 58' 04.0535" S,tinggi,391.000000,122.561309,-3.967793,-0.205521,Eluvium; Lumpur (datar; berpotensi genangan),pernah banjir,tinggi,4
122° 33' 40.3078" E,3° 58' 03.9610" S,tinggi,392.000000,122.561197,-3.967767,-0.353930,Eluvium; Lumpur (datar; berpotensi genangan),pernah banjir,tinggi,4
122° 33' 39.8171" E,3° 58' 03.8376" S,tinggi,393.000000,122.561060,-3.967733,-0.197525,Eluvium; Lumpur (datar; berpotensi genangan),pernah banjir,tinggi,4
122° 33' 39.3149" E,3° 58' 03.7116" S,tinggi,394.000000,122.560921,-3.967698,-0.161876,Eluvium; Lumpur (datar; berpotensi genangan),pernah banjir,tinggi,4
122° 33' 38.8980" E,3° 58' 03.6073" S,tinggi,395.000000,122.560805,-3.967669,0.422426,Eluvium; Lumpur (datar; berpotensi genangan),pernah banjir,tinggi,4
122° 33' 38.6975" E,3° 58' 03.5591" S,tinggi,396.000000,122.560749,-3.967655,0.422426,Eluvium; Lumpur (datar; berpotensi genangan),pernah banjir,tinggi,4
122° 33' 37.0516" E,3° 58' 03.2879" S,tinggi,397.000000,122.560292,-3.967580,-0.265443,Eluvium; Lumpur (datar; berpotensi genangan),pernah banjir,tinggi,4
122° 33' 36.8280" E,3° 58' 03.2511" S,tinggi,398.000000,122.560230,-3.967570,-0.295865,Eluvium; Lumpur (datar; berpotensi genangan),pernah banjir,tinggi,4
122° 33' 36.6689" E,3° 58' 03.2253" S,tinggi,399.000000,122.560186,-3.967563,-0.380856,Eluvium; Lumpur (datar; berpotensi genangan),pernah banjir,tinggi,4
122° 33' 36.4223" E,3° 58' 03.1858" S,tinggi,400.000000,122.560117,-3.967552,-0.507878,Eluvium; Lumpur (datar; berpotensi genangan),pernah banjir,tinggi,4
122° 33' 36.2066" E,3° 58' 03.1458" S,tinggi,401.000000,122.560057,-3.967540,-0.542179,Eluvium; Lumpur (datar; berpotensi genangan),pernah banjir,tinggi,4
122° 33' 35.9514" E,3° 58' 03.0939" S,tinggi,402.000000,122.559986,-3.967526,0.403039,Eluvium; Lumpur (datar; berpotensi genangan),pernah banjir,tinggi,4
122° 33' 35.5284" E,3° 58' 03.0093" S,tinggi,403.000000,122.559869,-3.967503,0.418676,Eluvium; Lumpur (datar; berpotensi genangan),pernah banjir,tinggi,4
122° 33' 34.7717" E,3° 58' 02.8614" S,tinggi,404.000000,122.559659,-3.967462,-0.723313,Eluvium; Lumpur (datar; berpotensi genangan),pernah banjir,tinggi,4
122° 33' 34.2094" E,3° 58' 02.7489" S,tinggi,405.000000,122.559503,-3.967430,-0.069999,Eluvium; Lumpur (datar; berpotensi genangan),pernah banjir,tinggi,4
122° 33' 33.5200" E,3° 58' 02.6120" S,tinggi,406.000000,122.559311,-3.967392,-0.380079,Eluvium; Lumpur (datar; berpotensi genangan),pernah banjir,tinggi,4
122° 33' 33.3947" E,3° 58' 02.5887" S,tinggi,407.000000,122.559276,-3.967386,-0.380079,Eluvium; Lumpur (datar; berpotensi genangan),pernah banjir,tinggi,4
122° 33' 29.1528" E,3° 58' 01.5996" S,tinggi,408.000000,122.558098,-3.967111,0.071642,Eluvium; Lumpur (datar; berpotensi genangan),pernah banjir,tinggi,4
122° 33' 27.2592" E,3° 58' 01.3260" S,tinggi,409.000000,122.557572,-3.967035,0.349799,Eluvium; Lumpur (datar; berpotensi genangan),pernah banjir,tinggi,4
122° 33' 26.1792" E,3° 58' 01.1460" S,tinggi,410.000000,122.557272,-3.966985,-0.190587,Eluvium; Lumpur (datar; berpotensi genangan),pernah banjir,tinggi,4
122° 33' 25.3660" E,3° 58' 01.0685" S,tinggi,411.000000,122.557046,-3.966963,-0.562865,Eluvium; Lumpur (datar; berpotensi genangan),pernah banjir,tinggi,4
122° 33' 25.0042" E,3° 58' 01.0018" S,tinggi,412.000000,122.556946,-3.966945,-0.817565,Eluvium; Lumpur (datar; berpotensi genangan),pernah banjir,tinggi,4
122° 33' 23.8482" E,3° 58' 00.8319" S,tinggi,413.000000,122.556624,-3.966898,-0.402140,Eluvium; Lumpur (datar; berpotensi genangan),pernah banjir,tinggi,4
122° 33' 23.1732" E,3° 58' 00.7518" S,tinggi,414.000000,122.556437,-3.966875,-0.457903,Eluvium; Lumpur (datar; berpotensi genangan),pernah banjir,tinggi,4
122° 33' 22.0601" E,3° 58' 00.7244" S,tinggi,415.000000,122.556128,-3.966868,-0.188649,Eluvium; Lumpur (datar; berpotensi genangan),pernah banjir,tinggi,4
122° 33' 20.9308" E,3° 58' 00.7845" S,tinggi,416.000000,122.555814,-3.966885,0.327695,Eluvium; Lumpur (datar; berpotensi genangan),pernah banjir,tinggi,4
122° 33' 19.4731" E,3° 58' 00.8243" S,tinggi,417.000000,122.555409,-3.966896,0.521044,Eluvium; Lumpur (datar; berpotensi genangan),pernah banjir,tinggi,4
122° 33' 18.4244" E,3° 58' 00.9148" S,tinggi,418.000000,122.555118,-3.966921,0.285043,Eluvium; Lumpur (datar; berpotensi genangan),pernah banjir,tinggi,4
122° 33' 16.7404" E,3° 58' 01.0455" S,tinggi,419.000000,122.554650,-3.966957,0.797513,Eluvium; Lumpur (datar; berpotensi genangan),pernah banjir,tinggi,4
122° 33' 16.1352" E,3° 58' 01.1059" S,tinggi,420.000000,122.554482,-3.966974,-0.035864,Eluvium; Lumpur (datar; berpotensi genangan),pernah banjir,tinggi,4
122° 33' 14.8846" E,3° 58' 01.0648" S,tinggi,421.000000,122.554135,-3.966962,-0.861673,Eluvium; Lumpur (datar; berpotensi genangan),pernah banjir,tinggi,4
122° 33' 13.5601" E,3° 58' 00.9797" S,tinggi,422.000000,122.553767,-3.966939,-0.863985,Eluvium; Lumpur (datar; berpotensi genangan),pernah banjir,tinggi,4
122° 33' 10.9292" E,3° 58' 00.8484" S,tinggi,423.000000,122.553036,-3.966902,-0.912649,Eluvium; Lumpur (datar; berpotensi genangan),pernah banjir,tinggi,4
122° 33' 08.0399" E,3° 58' 00.6448" S,tinggi,424.000000,122.552233,-3.966846,-0.455832,Eluvium; Lumpur (datar; berpotensi genangan),pernah banjir,tinggi,4
122° 33' 06.6726" E,3° 58' 00.6147" S,tinggi,425.000000,122.551853,-3.966837,-0.225705,Eluvium; Lumpur (datar; berpotensi genangan),pernah banjir,tinggi,4
122° 33' 06.3940" E,3° 58' 00.6145" S,tinggi,426.000000,122.551776,-3.966837,-0.214727,Eluvium; Lumpur (datar; berpotensi genangan),pernah banjir,tinggi,4
122° 33' 06.1783" E,3° 58' 00.6325" S,tinggi,427.000000,122.551716,-3.966842,-0.221161,Eluvium; Lumpur (datar; berpotensi genangan),pernah banjir,tinggi,4
122° 33' 05.9087" E,3° 58' 00.7225" S,tinggi,428.000000,122.551641,-3.966867,-0.822366,Eluvium; Lumpur (datar; berpotensi genangan),pernah banjir,tinggi,4
122° 33' 05.8223" E,3° 58' 00.7788" S,tinggi,429.000000,122.551617,-3.966883,-0.822366,Eluvium; Lumpur (datar; berpotensi genangan),pernah banjir,tinggi,4
122° 33' 05.1480" E,3° 58' 00.7788" S,tinggi,430.000000,122.551430,-3.966883,0.282271,Eluvium; Lumpur (datar; berpotensi genangan),pernah banjir,tinggi,4
122° 33' 03.7080" E,3° 58' 00.8688" S,tinggi,431.000000,122.551030,-3.966908,1.530585,Eluvium; Lumpur (datar; berpotensi genangan),pernah banjir,tinggi,4
122° 33' 02.3580" E,3° 58' 01.6824" S,tinggi,432.000000,122.550655,-3.967134,0.747936,Eluvium; Lumpur (datar; berpotensi genangan),pernah banjir,tinggi,4
122° 33' 01.5444" E,3° 58' 01.7724" S,tinggi,433.000000,122.550429,-3.967159,0.073514,Eluvium; Lumpur (datar; berpotensi genangan),pernah banjir,tinggi,4
122° 33' 00.1044" E,3° 58' 01.5888" S,tinggi,434.000000,122.550029,-3.967108,2.514809,Lanau; Gamping; Pasir (stabil; cocok untuk permukiman),pernah banjir,tinggi,4
122° 32' 59.3844" E,3° 58' 01.4988" S,tinggi,435.000000,122.549829,-3.967083,4.598123,Lanau; Gamping; Pasir (stabil; cocok untuk permukiman),pernah banjir,tinggi,4
122° 32' 58.1244" E,3° 58' 01.7688" S,tinggi,436.000000,122.549479,-3.967158,4.369372,Lanau; Gamping; Pasir (stabil; cocok untuk permukiman),pernah banjir,tinggi,4
122° 32' 56.9508" E,3° 58' 01.9488" S,tinggi,437.000000,122.549153,-3.967208,3.671094,Lanau; Gamping; Pasir (stabil; cocok untuk permukiman),pernah banjir,tinggi,4
122° 32' 55.4208" E,3° 58' 01.8588" S,tinggi,438.000000,122.548728,-3.967183,0.721699,Eluvium; Lumpur (datar; berpotensi genangan),pernah banjir,tinggi,4
122° 32' 54.2544" E,3° 58' 01.4952" S,tinggi,439.000000,122.548404,-3.967082,2.138928,Lanau; Gamping; Pasir (stabil; cocok untuk permukiman),pernah banjir,tinggi,4
122° 32' 53.4408" E,3° 58' 00.5916" S,tinggi,440.000000,122.548178,-3.966831,0.704688,Eluvium; Lumpur (datar; berpotensi genangan),pernah banjir,tinggi,4
122° 32' 53.4041" E,3° 58' 00.5742" S,tinggi,441.000000,122.548168,-3.966826,0.704688,Eluvium; Lumpur (datar; berpotensi genangan),pernah banjir,tinggi,4
122° 32' 53.3864" E,3° 58' 00.5521" S,tinggi,442.000000,122.548163,-3.966820,0.704688,Eluvium; Lumpur (datar; berpotensi genangan),pernah banjir,tinggi,4
122° 32' 52.9822" E,3° 58' 00.2417" S,tinggi,443.000000,122.548051,-3.966734,0.515760,Eluvium; Lumpur (datar; berpotensi genangan),pernah banjir,tinggi,4
122° 32' 52.7294" E,3° 58' 00.1288" S,tinggi,444.000000,122.547980,-3.966702,0.752156,Eluvium; Lumpur (datar; berpotensi genangan),pernah banjir,tinggi,4
122° 32' 52.3306" E,3° 58' 00.0271" S,tinggi,445.000000,122.547870,-3.966674,0.336216,Eluvium; Lumpur (datar; berpotensi genangan),pernah banjir,tinggi,4
122° 32' 52.2240" E,3° 58' 00.0161" S,tinggi,446.000000,122.547840,-3.966671,0.026472,Eluvium; Lumpur (datar; berpotensi genangan),pernah banjir,tinggi,4
122° 32' 51.9108" E,3° 57' 59.8680" S,tinggi,447.000000,122.547753,-3.966630,0.475975,Eluvium; Lumpur (datar; berpotensi genangan),pernah banjir,tinggi,4
122° 32' 47.8702" E,3° 57' 59.6475" S,tinggi,448.000000,122.546631,-3.966569,-0.698550,Eluvium; Lumpur (datar; berpotensi genangan),pernah banjir,tinggi,4
122° 32' 47.5289" E,3° 57' 59.6205" S,tinggi,449.000000,122.546536,-3.966561,-0.681876,Eluvium; Lumpur (datar; berpotensi genangan),pernah banjir,tinggi,4
122° 32' 46.8402" E,3° 57' 59.5092" S,tinggi,450.000000,122.546345,-3.966530,0.033103,Eluvium; Lumpur (datar; berpotensi genangan),pernah banjir,tinggi,4
122° 32' 45.9100" E,3° 57' 59.3600" S,tinggi,451.000000,122.546086,-3.966489,-0.163506,Eluvium; Lumpur (datar; berpotensi genangan),pernah banjir,tinggi,4
122° 32' 45.4780" E,3° 57' 59.3023" S,tinggi,452.000000,122.545966,-3.966473,0.544269,Eluvium; Lumpur (datar; berpotensi genangan),pernah banjir,tinggi,4
122° 32' 44.5103" E,3° 57' 59.2244" S,tinggi,453.000000,122.545697,-3.966451,0.435546,Eluvium; Lumpur (datar; berpotensi genangan),pernah banjir,tinggi,4
122° 32' 44.0664" E,3° 57' 59.1944" S,tinggi,454.000000,122.545574,-3.966443,0.273477,Eluvium; Lumpur (datar; berpotensi genangan),pernah banjir,tinggi,4
122° 32' 43.3061" E,3° 57' 59.1465" S,tinggi,455.000000,122.545363,-3.966430,0.132056,Eluvium; Lumpur (datar; berpotensi genangan),pernah banjir,tinggi,4
122° 32' 42.7931" E,3° 57' 59.1264" S,tinggi,456.000000,122.545220,-3.966424,0.088962,Eluvium; Lumpur (datar; berpotensi genangan),pernah banjir,tinggi,4
122° 32' 42.1112" E,3° 57' 59.0942" S,tinggi,457.000000,122.545031,-3.966415,0.289738,Eluvium; Lumpur (datar; berpotensi genangan),pernah banjir,tinggi,4
122° 32' 41.5313" E,3° 57' 59.0225" S,tinggi,458.000000,122.544870,-3.966395,1.032806,Eluvium; Lumpur (datar; berpotensi genangan),pernah banjir,tinggi,4
122° 32' 40.6579" E,3° 57' 58.9327" S,tinggi,459.000000,122.544627,-3.966370,2.063174,Lanau; Gamping; Pasir (stabil; cocok untuk permukiman),pernah banjir,tinggi,4
122° 32' 40.0877" E,3° 57' 58.8750" S,tinggi,460.000000,122.544469,-3.966354,1.388177,Eluvium; Lumpur (datar; berpotensi genangan),pernah banjir,tinggi,4
122° 32' 39.4426" E,3° 57' 58.8351" S,tinggi,461.000000,122.544290,-3.966343,0.085925,Eluvium; Lumpur (datar; berpotensi genangan),pernah banjir,tinggi,4
122° 32' 38.9054" E,3° 57' 58.8144" S,tinggi,462.000000,122.544140,-3.966337,-0.622791,Eluvium; Lumpur (datar; berpotensi genangan),pernah banjir,tinggi,4
122° 32' 38.4259" E,3° 57' 58.7921" S,tinggi,463.000000,122.544007,-3.966331,0.085373,Eluvium; Lumpur (datar; berpotensi genangan),pernah banjir,tinggi,4
122° 32' 37.8485" E,3° 57' 58.7650" S,tinggi,464.000000,122.543847,-3.966324,-0.426932,Eluvium; Lumpur (datar; berpotensi genangan),pernah banjir,tinggi,4
122° 32' 37.3315" E,3° 57' 58.7316" S,tinggi,465.000000,122.543703,-3.966314,-0.928011,Eluvium; Lumpur (datar; berpotensi genangan),pernah banjir,tinggi,4
122° 32' 36.4985" E,3° 57' 58.6761" S,tinggi,466.000000,122.543472,-3.966299,-0.892583,Eluvium; Lumpur (datar; berpotensi genangan),pernah banjir,tinggi,4
122° 32' 35.9423" E,3° 57' 58.6427" S,tinggi,467.000000,122.543317,-3.966290,-0.797481,Eluvium; Lumpur (datar; berpotensi genangan),pernah banjir,tinggi,4
122° 32' 35.2957" E,3° 57' 58.5951" S,tinggi,468.000000,122.543138,-3.966276,-0.701587,Eluvium; Lumpur (datar; berpotensi genangan),pernah banjir,tinggi,4
122° 32' 34.6974" E,3° 57' 58.5665" S,tinggi,469.000000,122.542971,-3.966268,-0.595426,Eluvium; Lumpur (datar; berpotensi genangan),pernah banjir,tinggi,4
122° 32' 34.2092" E,3° 57' 58.5504" S,tinggi,470.000000,122.542836,-3.966264,-0.534702,Eluvium; Lumpur (datar; berpotensi genangan),pernah banjir,tinggi,4
122° 32' 33.5872" E,3° 57' 58.5296" S,tinggi,471.000000,122.542663,-3.966258,-0.590431,Eluvium; Lumpur (datar; berpotensi genangan),pernah banjir,tinggi,4
122° 32' 33.1314" E,3° 57' 58.5073" S,tinggi,472.000000,122.542536,-3.966252,0.109113,Eluvium; Lumpur (datar; berpotensi genangan),pernah banjir,tinggi,4
122° 32' 31.7904" E,3° 57' 58.5050" S,tinggi,473.000000,122.542164,-3.966251,0.445645,Eluvium; Lumpur (datar; berpotensi genangan),pernah banjir,tinggi,4
122° 32' 31.1838" E,3° 57' 58.5093" S,tinggi,474.000000,122.541995,-3.966253,0.317382,Eluvium; Lumpur (datar; berpotensi genangan),pernah banjir,tinggi,4
122° 32' 30.4811" E,3° 57' 58.4655" S,tinggi,475.000000,122.541800,-3.966240,0.268900,Eluvium; Lumpur (datar; berpotensi genangan),pernah banjir,tinggi,4
122° 32' 29.8000" E,3° 57' 58.4398" S,tinggi,476.000000,122.541611,-3.966233,0.296336,Eluvium; Lumpur (datar; berpotensi genangan),pernah banjir,tinggi,4
122° 32' 28.4287" E,3° 57' 58.4065" S,tinggi,477.000000,122.541230,-3.966224,0.272464,Eluvium; Lumpur (datar; berpotensi genangan),pernah banjir,tinggi,4
122° 32' 27.6464" E,3° 57' 58.3807" S,tinggi,478.000000,122.541013,-3.966217,0.175773,Eluvium; Lumpur (datar; berpotensi genangan),pernah banjir,tinggi,4
122° 32' 26.9171" E,3° 57' 58.3583" S,tinggi,479.000000,122.540810,-3.966211,0.291704,Eluvium; Lumpur (datar; berpotensi genangan),pernah banjir,tinggi,4
122° 32' 26.3944" E,3° 57' 58.3363" S,tinggi,480.000000,122.540665,-3.966205,0.379973,Eluvium; Lumpur (datar; berpotensi genangan),pernah banjir,tinggi,4
122° 32' 26.2216" E,3° 57' 58.3543" S,tinggi,481.000000,122.540617,-3.966210,0.368820,Eluvium; Lumpur (datar; berpotensi genangan),pernah banjir,tinggi,4
122° 32' 25.5728" E,3° 57' 58.4518" S,tinggi,482.000000,122.540437,-3.966237,0.375813,Eluvium; Lumpur (datar; berpotensi genangan),pernah banjir,tinggi,4
122° 32' 24.8039" E,3° 57' 58.5543" S,tinggi,483.000000,122.540223,-3.966265,0.079336,Eluvium; Lumpur (datar; berpotensi genangan),pernah banjir,tinggi,4
122° 32' 23.5266" E,3° 57' 58.7370" S,tinggi,484.000000,122.539868,-3.966316,0.711982,Eluvium; Lumpur (datar; berpotensi genangan),pernah banjir,tinggi,4
122° 32' 22.2302" E,3° 57' 58.9127" S,tinggi,485.000000,122.539508,-3.966365,1.596654,Eluvium; Lumpur (datar; berpotensi genangan),pernah banjir,tinggi,4
122° 32' 21.1247" E,3° 57' 59.0885" S,tinggi,486.000000,122.539201,-3.966413,1.915793,Eluvium; Lumpur (datar; berpotensi genangan),pernah banjir,tinggi,4
122° 32' 20.9634" E,3° 57' 59.1546" S,tinggi,487.000000,122.539157,-3.966432,1.915793,Eluvium; Lumpur (datar; berpotensi genangan),pernah banjir,tinggi,4
122° 32' 20.5120" E,3° 57' 59.5011" S,tinggi,488.000000,122.539031,-3.966528,0.425950,Eluvium; Lumpur (datar; berpotensi genangan),pernah banjir,tinggi,4
122° 32' 20.4558" E,3° 57' 59.5549" S,tinggi,489.000000,122.539016,-3.966543,0.425950,Eluvium; Lumpur (datar; berpotensi genangan),pernah banjir,tinggi,4
122° 32' 19.5792" E,3° 57' 59.8500" S,tinggi,490.000000,122.538772,-3.966625,1.160197,Eluvium; Lumpur (datar; berpotensi genangan),pernah banjir,tinggi,4
122° 32' 18.4956" E,3° 58' 00.3900" S,tinggi,491.000000,122.538471,-3.966775,1.064094,Eluvium; Lumpur (datar; berpotensi genangan),pernah banjir,tinggi,4
122° 32' 17.1593" E,3° 58' 00.5571" S,tinggi,492.000000,122.538100,-3.966821,1.683700,Eluvium; Lumpur (datar; berpotensi genangan),pernah banjir,tinggi,4
122° 32' 16.9951" E,3° 58' 00.4609" S,tinggi,493.000000,122.538054,-3.966795,1.790604,Eluvium; Lumpur (datar; berpotensi genangan),pernah banjir,tinggi,4
122° 32' 16.4465" E,3° 58' 00.2085" S,tinggi,494.000000,122.537902,-3.966725,2.270326,Lanau; Gamping; Pasir (stabil; cocok untuk permukiman),pernah banjir,tinggi,4
122° 32' 15.8942" E,3° 58' 00.0149" S,tinggi,495.000000,122.537748,-3.966671,1.446335,Eluvium; Lumpur (datar; berpotensi genangan),pernah banjir,tinggi,4
122° 32' 15.0756" E,3° 57' 59.4864" S,tinggi,496.000000,122.537521,-3.966524,1.001222,Eluvium; Lumpur (datar; berpotensi genangan),pernah banjir,tinggi,4
122° 32' 13.7220" E,3° 57' 59.6664" S,tinggi,497.000000,122.537145,-3.966574,0.689839,Eluvium; Lumpur (datar; berpotensi genangan),pernah banjir,tinggi,4
122° 32' 12.6974" E,3° 58' 00.4743" S,tinggi,498.000000,122.536860,-3.966798,-0.378146,Eluvium; Lumpur (datar; berpotensi genangan),pernah banjir,tinggi,4
122° 32' 12.2813" E,3° 58' 00.6557" S,tinggi,499.000000,122.536745,-3.966849,-0.063136,Eluvium; Lumpur (datar; berpotensi genangan),pernah banjir,tinggi,4
122° 32' 11.5238" E,3° 58' 00.9816" S,tinggi,500.000000,122.536534,-3.966939,-0.542830,Eluvium; Lumpur (datar; berpotensi genangan),pernah banjir,tinggi,4
122° 32' 10.3045" E,3° 58' 01.5773" S,tinggi,501.000000,122.536196,-3.967105,-0.442402,Eluvium; Lumpur (datar; berpotensi genangan),pernah banjir,tinggi,4
122° 32' 09.3905" E,3° 58' 02.0270" S,tinggi,502.000000,122.535942,-3.967230,0.173446,Eluvium; Lumpur (datar; berpotensi genangan),pernah banjir,tinggi,4
122° 32' 08.4440" E,3° 58' 02.5387" S,tinggi,503.000000,122.535679,-3.967372,-0.015116,Eluvium; Lumpur (datar; berpotensi genangan),pernah banjir,tinggi,4
122° 32' 07.0289" E,3° 58' 03.2417" S,tinggi,504.000000,122.535286,-3.967567,-0.749761,Eluvium; Lumpur (datar; berpotensi genangan),pernah banjir,tinggi,4
122° 32' 06.3485" E,3° 58' 03.6029" S,tinggi,505.000000,122.535097,-3.967667,-0.630834,Eluvium; Lumpur (datar; berpotensi genangan),pernah banjir,tinggi,4
122° 32' 05.6162" E,3° 58' 03.9267" S,tinggi,506.000000,122.534893,-3.967757,-0.997527,Eluvium; Lumpur (datar; berpotensi genangan),pernah banjir,tinggi,4
122° 32' 05.0215" E,3° 58' 04.1796" S,tinggi,507.000000,122.534728,-3.967828,-0.208363,Eluvium; Lumpur (datar; berpotensi genangan),pernah banjir,tinggi,4
122° 32' 04.7526" E,3° 58' 04.3056" S,tinggi,508.000000,122.534654,-3.967863,-0.602827,Eluvium; Lumpur (datar; berpotensi genangan),pernah banjir,tinggi,4
122° 32' 04.4840" E,3° 58' 04.4164" S,tinggi,509.000000,122.534579,-3.967893,-0.328786,Eluvium; Lumpur (datar; berpotensi genangan),pernah banjir,tinggi,4
122° 32' 04.2814" E,3° 58' 04.5073" S,tinggi,510.000000,122.534523,-3.967919,-0.737652,Eluvium; Lumpur (datar; berpotensi genangan),pernah banjir,tinggi,4
122° 32' 04.0452" E,3° 58' 04.6123" S,tinggi,511.000000,122.534457,-3.967948,-0.444726,Eluvium; Lumpur (datar; berpotensi genangan),pernah banjir,tinggi,4
122° 32' 03.4681" E,3° 58' 04.8776" S,tinggi,512.000000,122.534297,-3.968022,0.011695,Eluvium; Lumpur (datar; berpotensi genangan),pernah banjir,tinggi,4
122° 32' 02.9393" E,3° 58' 05.1162" S,tinggi,513.000000,122.534150,-3.968088,-0.076704,Eluvium; Lumpur (datar; berpotensi genangan),pernah banjir,tinggi,4
122° 32' 02.3201" E,3° 58' 05.4132" S,tinggi,514.000000,122.533978,-3.968170,-0.186800,Eluvium; Lumpur (datar; berpotensi genangan),pernah banjir,tinggi,4
122° 32' 02.2639" E,3° 58' 05.4608" S,tinggi,515.000000,122.533962,-3.968184,0.189001,Eluvium; Lumpur (datar; berpotensi genangan),pernah banjir,tinggi,4
122° 32' 02.1653" E,3° 58' 05.6135" S,tinggi,516.000000,122.533935,-3.968226,-0.357139,Eluvium; Lumpur (datar; berpotensi genangan),pernah banjir,tinggi,4
122° 32' 02.1174" E,3° 58' 05.7141" S,tinggi,517.000000,122.533922,-3.968254,-0.357139,Eluvium; Lumpur (datar; berpotensi genangan),pernah banjir,tinggi,4
122° 32' 02.0112" E,3° 58' 05.9375" S,tinggi,518.000000,122.533892,-3.968316,-0.086087,Eluvium; Lumpur (datar; berpotensi genangan),pernah banjir,tinggi,4
122° 32' 01.9223" E,3° 58' 06.1427" S,tinggi,519.000000,122.533867,-3.968373,-0.207481,Eluvium; Lumpur (datar; berpotensi genangan),pernah banjir,tinggi,4
122° 32' 01.8748" E,3° 58' 06.2229" S,tinggi,520.000000,122.533854,-3.968395,-0.207481,Eluvium; Lumpur (datar; berpotensi genangan),pernah banjir,tinggi,4
122° 32' 01.8035" E,3° 58' 06.3061" S,tinggi,521.000000,122.533834,-3.968418,-0.207481,Eluvium; Lumpur (datar; berpotensi genangan),pernah banjir,tinggi,4
122° 32' 01.6822" E,3° 58' 06.4191" S,tinggi,522.000000,122.533801,-3.968450,0.961892,Eluvium; Lumpur (datar; berpotensi genangan),pernah banjir,tinggi,4
122° 32' 01.6285" E,3° 58' 06.4726" S,tinggi,523.000000,122.533786,-3.968465,0.961892,Eluvium; Lumpur (datar; berpotensi genangan),pernah banjir,tinggi,4
122° 32' 01.5162" E,3° 58' 06.5320" S,tinggi,524.000000,122.533755,-3.968481,0.961892,Eluvium; Lumpur (datar; berpotensi genangan),pernah banjir,tinggi,4
122° 32' 01.3758" E,3° 58' 06.6238" S,tinggi,525.000000,122.533715,-3.968507,1.272738,Eluvium; Lumpur (datar; berpotensi genangan),pernah banjir,tinggi,4
122° 32' 01.2012" E,3° 58' 06.7116" S,tinggi,526.000000,122.533667,-3.968531,2.315907,Lanau; Gamping; Pasir (stabil; cocok untuk permukiman),pernah banjir,tinggi,4
122° 31' 59.5812" E,3° 58' 07.5252" S,tinggi,527.000000,122.533217,-3.968757,2.447290,Lanau; Gamping; Pasir (stabil; cocok untuk permukiman),pernah banjir,tinggi,4
122° 31' 54.0365" E,3° 58' 09.7960" S,tinggi,528.000000,122.531677,-3.969388,0.582368,Eluvium; Lumpur (datar; berpotensi genangan),pernah banjir,tinggi,4
122° 31' 53.9191" E,3° 58' 09.8164" S,tinggi,529.000000,122.531644,-3.969393,0.582368,Eluvium; Lumpur (datar; berpotensi genangan),pernah banjir,tinggi,4
122° 31' 53.3950" E,3° 58' 09.9582" S,tinggi,530.000000,122.531499,-3.969433,0.826169,Eluvium; Lumpur (datar; berpotensi genangan),pernah banjir,tinggi,4
122° 31' 53.0036" E,3° 58' 10.0735" S,tinggi,531.000000,122.531390,-3.969465,1.123923,Eluvium; Lumpur (datar; berpotensi genangan),pernah banjir,tinggi,4
122° 31' 52.7286" E,3° 58' 10.2110" S,tinggi,532.000000,122.531313,-3.969503,0.277427,Eluvium; Lumpur (datar; berpotensi genangan),pernah banjir,tinggi,4
122° 31' 52.5403" E,3° 58' 10.2962" S,tinggi,533.000000,122.531261,-3.969527,0.333678,Eluvium; Lumpur (datar; berpotensi genangan),pernah banjir,tinggi,4
122° 31' 52.4129" E,3° 58' 10.3998" S,tinggi,534.000000,122.531226,-3.969555,0.333678,Eluvium; Lumpur (datar; berpotensi genangan),pernah banjir,tinggi,4
122° 31' 52.3510" E,3° 58' 10.4863" S,tinggi,535.000000,122.531209,-3.969580,-0.543678,Eluvium; Lumpur (datar; berpotensi genangan),pernah banjir,tinggi,4
122° 31' 51.2040" E,3° 58' 10.9560" S,tinggi,536.000000,122.530890,-3.969710,-0.749282,Eluvium; Lumpur (datar; berpotensi genangan),pernah banjir,tinggi,4
122° 31' 49.9404" E,3° 58' 11.5896" S,tinggi,537.000000,122.530539,-3.969886,-1.394873,Eluvium; Lumpur (datar; berpotensi genangan),pernah banjir,tinggi,4
122° 31' 48.8604" E,3° 58' 12.0396" S,tinggi,538.000000,122.530239,-3.970011,-1.596714,Eluvium; Lumpur (datar; berpotensi genangan),pernah banjir,tinggi,4
122° 31' 48.1404" E,3° 58' 12.5832" S,tinggi,539.000000,122.530039,-3.970162,-0.791192,Eluvium; Lumpur (datar; berpotensi genangan),pernah banjir,tinggi,4
122° 31' 47.4168" E,3° 58' 13.0332" S,tinggi,540.000000,122.529838,-3.970287,2.957311,Lanau; Gamping; Pasir (stabil; cocok untuk permukiman),pernah banjir,tinggi,4
122° 31' 46.9668" E,3° 58' 14.0268" S,tinggi,541.000000,122.529713,-3.970563,2.260326,Lanau; Gamping; Pasir (stabil; cocok untuk permukiman),pernah banjir,tinggi,4
122° 31' 47.5068" E,3° 58' 16.4712" S,tinggi,542.000000,122.529863,-3.971242,0.208524,Eluvium; Lumpur (datar; berpotensi genangan),pernah banjir,tinggi,4
122° 31' 47.7768" E,3° 58' 17.0112" S,tinggi,543.000000,122.529938,-3.971392,2.253936,Lanau; Gamping; Pasir (stabil; cocok untuk permukiman),pernah banjir,tinggi,4
122° 31' 48.0468" E,3° 58' 17.3748" S,tinggi,544.000000,122.530013,-3.971493,2.133189,Lanau; Gamping; Pasir (stabil; cocok untuk permukiman),pernah banjir,tinggi,4
122° 31' 48.9468" E,3° 58' 17.1948" S,tinggi,545.000000,122.530263,-3.971443,-3.496611,Eluvium; Lumpur (datar; berpotensi genangan),pernah banjir,tinggi,4
122° 31' 49.4868" E,3° 58' 16.9248" S,tinggi,546.000000,122.530413,-3.971368,-3.690400,Eluvium; Lumpur (datar; berpotensi genangan),pernah banjir,tinggi,4
122° 31' 49.9404" E,3° 58' 16.4712" S,tinggi,547.000000,122.530539,-3.971242,-3.454423,Eluvium; Lumpur (datar; berpotensi genangan),pernah banjir,tinggi,4
122° 31' 50.4768" E,3° 58' 16.3812" S,tinggi,548.000000,122.530688,-3.971217,-1.986848,Eluvium; Lumpur (datar; berpotensi genangan),pernah banjir,tinggi,4
122° 31' 51.9204" E,3° 58' 16.6548" S,tinggi,549.000000,122.531089,-3.971293,1.446730,Eluvium; Lumpur (datar; berpotensi genangan),pernah banjir,tinggi,4
122° 31' 52.1904" E,3° 58' 17.3784" S,tinggi,550.000000,122.531164,-3.971494,1.108485,Eluvium; Lumpur (datar; berpotensi genangan),pernah banjir,tinggi,4
122° 31' 52.1868" E,3° 58' 18.0084" S,tinggi,551.000000,122.531163,-3.971669,-1.114105,Eluvium; Lumpur (datar; berpotensi genangan),pernah banjir,tinggi,4
122° 31' 52.3704" E,3° 58' 18.6420" S,tinggi,552.000000,122.531214,-3.971845,-2.192171,Eluvium; Lumpur (datar; berpotensi genangan),pernah banjir,tinggi,4
122° 31' 52.9068" E,3° 58' 19.0056" S,tinggi,553.000000,122.531363,-3.971946,-1.730004,Eluvium; Lumpur (datar; berpotensi genangan),pernah banjir,tinggi,4
122° 31' 52.9068" E,3° 58' 19.6392" S,tinggi,554.000000,122.531363,-3.972122,1.010777,Eluvium; Lumpur (datar; berpotensi genangan),pernah banjir,tinggi,4
122° 31' 52.1868" E,3° 58' 20.9028" S,tinggi,555.000000,122.531163,-3.972473,2.398839,Lanau; Gamping; Pasir (stabil; cocok untuk permukiman),pernah banjir,tinggi,4
122° 31' 51.6468" E,3° 58' 21.8064" S,tinggi,556.000000,122.531013,-3.972724,3.170369,Lanau; Gamping; Pasir (stabil; cocok untuk permukiman),pernah banjir,tinggi,4
122° 31' 51.0132" E,3° 58' 22.8936" S,tinggi,557.000000,122.530837,-3.973026,0.487098,Eluvium; Lumpur (datar; berpotensi genangan),pernah banjir,tinggi,4
122° 31' 51.0665" E,3° 58' 23.1612" S,tinggi,558.000000,122.530852,-3.973100,-1.111282,Eluvium; Lumpur (datar; berpotensi genangan),pernah banjir,tinggi,4
122° 31' 50.3555" E,3° 58' 23.1274" S,tinggi,559.000000,122.530654,-3.973091,0.239435,Eluvium; Lumpur (datar; berpotensi genangan),pernah banjir,tinggi,4
122° 31' 49.3799" E,3° 58' 22.7657" S,tinggi,560.000000,122.530383,-3.972990,1.918006,Eluvium; Lumpur (datar; berpotensi genangan),pernah banjir,tinggi,4
122° 31' 48.5936" E,3° 58' 22.2045" S,tinggi,561.000000,122.530165,-3.972835,0.564449,Eluvium; Lumpur (datar; berpotensi genangan),pernah banjir,tinggi,4
122° 31' 48.1678" E,3° 58' 21.6529" S,tinggi,562.000000,122.530047,-3.972681,1.353274,Eluvium; Lumpur (datar; berpotensi genangan),pernah banjir,tinggi,4
122° 31' 47.6184" E,3° 58' 21.0918" S,tinggi,563.000000,122.529894,-3.972526,0.308369,Eluvium; Lumpur (datar; berpotensi genangan),pernah banjir,tinggi,4
122° 31' 46.7281" E,3° 58' 20.7777" S,tinggi,564.000000,122.529647,-3.972438,-0.497378,Eluvium; Lumpur (datar; berpotensi genangan),pernah banjir,tinggi,4
122° 31' 45.9988" E,3° 58' 20.8058" S,tinggi,565.000000,122.529444,-3.972446,-0.890607,Eluvium; Lumpur (datar; berpotensi genangan),pernah banjir,tinggi,4
122° 31' 45.6766" E,3° 58' 20.6748" S,tinggi,566.000000,122.529355,-3.972410,-0.948922,Eluvium; Lumpur (datar; berpotensi genangan),pernah banjir,tinggi,4
122° 31' 44.1354" E,3° 58' 19.0132" S,tinggi,567.000000,122.528926,-3.971948,-0.109173,Eluvium; Lumpur (datar; berpotensi genangan),pernah banjir,tinggi,4
122° 31' 41.5798" E,3° 58' 17.2276" S,tinggi,568.000000,122.528217,-3.971452,0.201021,Eluvium; Lumpur (datar; berpotensi genangan),pernah banjir,tinggi,4
122° 31' 40.7532" E,3° 58' 16.7004" S,tinggi,569.000000,122.527987,-3.971306,0.116458,Eluvium; Lumpur (datar; berpotensi genangan),pernah banjir,tinggi,4
122° 31' 40.2028" E,3° 58' 16.3440" S,tinggi,570.000000,122.527834,-3.971207,0.387854,Eluvium; Lumpur (datar; berpotensi genangan),pernah banjir,tinggi,4
122° 31' 39.8582" E,3° 58' 16.1126" S,tinggi,571.000000,122.527738,-3.971142,0.475573,Eluvium; Lumpur (datar; berpotensi genangan),pernah banjir,tinggi,4
122° 31' 39.4846" E,3° 58' 15.8616" S,tinggi,572.000000,122.527635,-3.971073,0.667702,Eluvium; Lumpur (datar; berpotensi genangan),pernah banjir,tinggi,4
122° 31' 39.0360" E,3° 58' 15.5603" S,tinggi,573.000000,122.527510,-3.970989,1.073777,Eluvium; Lumpur (datar; berpotensi genangan),pernah banjir,tinggi,4
122° 31' 38.9143" E,3° 58' 15.4787" S,tinggi,574.000000,122.527476,-3.970966,1.577393,Eluvium; Lumpur (datar; berpotensi genangan),pernah banjir,tinggi,4
122° 31' 38.7692" E,3° 58' 15.3587" S,tinggi,575.000000,122.527436,-3.970933,1.362004,Eluvium; Lumpur (datar; berpotensi genangan),pernah banjir,tinggi,4
122° 31' 38.7329" E,3° 58' 15.3285" S,tinggi,576.000000,122.527426,-3.970925,1.362004,Eluvium; Lumpur (datar; berpotensi genangan),pernah banjir,tinggi,4
122° 31' 38.5136" E,3° 58' 15.1475" S,tinggi,577.000000,122.527365,-3.970874,1.155866,Eluvium; Lumpur (datar; berpotensi genangan),pernah banjir,tinggi,4
122° 31' 38.4607" E,3° 58' 15.0959" S,tinggi,578.000000,122.527350,-3.970860,1.155866,Eluvium; Lumpur (datar; berpotensi genangan),pernah banjir,tinggi,4
122° 31' 38.3884" E,3° 58' 15.0187" S,tinggi,579.000000,122.527330,-3.970839,1.155866,Eluvium; Lumpur (datar; berpotensi genangan),pernah banjir,tinggi,4
122° 31' 38.3012" E,3° 58' 14.9256" S,tinggi,580.000000,122.527306,-3.970813,1.171925,Eluvium; Lumpur (datar; berpotensi genangan),pernah banjir,tinggi,4
122° 31' 38.2318" E,3° 58' 14.8513" S,tinggi,581.000000,122.527287,-3.970792,0.877314,Eluvium; Lumpur (datar; berpotensi genangan),pernah banjir,tinggi,4
122° 31' 37.7800" E,3° 58' 14.0331" S,tinggi,582.000000,122.527161,-3.970565,0.991989,Eluvium; Lumpur (datar; berpotensi genangan),pernah banjir,tinggi,4
122° 31' 37.1608" E,3° 58' 12.7114" S,tinggi,583.000000,122.526989,-3.970198,0.812228,Eluvium; Lumpur (datar; berpotensi genangan),pernah banjir,tinggi,4
122° 31' 36.1193" E,3° 58' 10.8059" S,tinggi,584.000000,122.526700,-3.969668,1.676997,Eluvium; Lumpur (datar; berpotensi genangan),pernah banjir,tinggi,4
122° 31' 35.7294" E,3° 58' 09.9912" S,tinggi,585.000000,122.526591,-3.969442,1.850650,Eluvium; Lumpur (datar; berpotensi genangan),pernah banjir,tinggi,4
122° 31' 34.8528" E,3° 58' 08.5394" S,tinggi,586.000000,122.526348,-3.969039,0.803408,Eluvium; Lumpur (datar; berpotensi genangan),pernah banjir,tinggi,4
122° 31' 34.4658" E,3° 58' 07.9082" S,tinggi,587.000000,122.526241,-3.968863,1.374111,Eluvium; Lumpur (datar; berpotensi genangan),pernah banjir,tinggi,4
122° 31' 33.6072" E,3° 58' 07.0100" S,tinggi,588.000000,122.526002,-3.968614,2.635299,Lanau; Gamping; Pasir (stabil; cocok untuk permukiman),pernah banjir,tinggi,4
122° 31' 33.2202" E,3° 58' 06.6434" S,tinggi,589.000000,122.525895,-3.968512,2.476850,Lanau; Gamping; Pasir (stabil; cocok untuk permukiman),pernah banjir,tinggi,4
122° 31' 32.2687" E,3° 58' 06.0184" S,tinggi,590.000000,122.525630,-3.968338,2.499512,Lanau; Gamping; Pasir (stabil; cocok untuk permukiman),pernah banjir,tinggi,4
122° 31' 30.6563" E,3° 58' 05.0598" S,tinggi,591.000000,122.525182,-3.968072,2.739968,Lanau; Gamping; Pasir (stabil; cocok untuk permukiman),pernah banjir,tinggi,4
122° 31' 29.6206" E,3° 58' 04.4133" S,tinggi,592.000000,122.524895,-3.967893,2.959462,Lanau; Gamping; Pasir (stabil; cocok untuk permukiman),pernah banjir,tinggi,4
122° 31' 29.2771" E,3° 58' 04.1984" S,tinggi,593.000000,122.524799,-3.967833,2.822432,Lanau; Gamping; Pasir (stabil; cocok untuk permukiman),pernah banjir,tinggi,4
122° 31' 29.1677" E,3° 58' 04.1310" S,tinggi,594.000000,122.524769,-3.967814,3.070980,Lanau; Gamping; Pasir (stabil; cocok untuk permukiman),pernah banjir,tinggi,4
122° 31' 28.9916" E,3° 58' 04.0224" S,tinggi,595.000000,122.524720,-3.967784,2.297899,Lanau; Gamping; Pasir (stabil; cocok untuk permukiman),pernah banjir,tinggi,4
122° 31' 28.9146" E,3° 58' 03.9749" S,tinggi,596.000000,122.524698,-3.967771,2.297899,Lanau; Gamping; Pasir (stabil; cocok untuk permukiman),pernah banjir,tinggi,4
122° 31' 29.0010" E,3° 58' 03.7259" S,tinggi,597.000000,122.524722,-3.967702,2.198299,Lanau; Gamping; Pasir (stabil; cocok untuk permukiman),pernah banjir,tinggi,4
122° 31' 29.2994" E,3° 58' 02.8718" S,tinggi,598.000000,122.524805,-3.967464,2.533548,Lanau; Gamping; Pasir (stabil; cocok untuk permukiman),pernah banjir,tinggi,4
122° 31' 29.3858" E,3° 58' 02.6244" S,tinggi,599.000000,122.524829,-3.967396,2.664827,Lanau; Gamping; Pasir (stabil; cocok untuk permukiman),pernah banjir,tinggi,4
122° 31' 29.5795" E,3° 58' 02.1418" S,tinggi,600.000000,122.524883,-3.967262,2.461834,Lanau; Gamping; Pasir (stabil; cocok untuk permukiman),pernah banjir,tinggi,4
122° 31' 29.9572" E,3° 58' 01.2014" S,tinggi,601.000000,122.524988,-3.967000,3.415111,Lanau; Gamping; Pasir (stabil; cocok untuk permukiman),pernah banjir,tinggi,4
122° 31' 30.3546" E,3° 58' 00.2124" S,tinggi,602.000000,122.525098,-3.966726,3.310945,Lanau; Gamping; Pasir (stabil; cocok untuk permukiman),pernah banjir,tinggi,4
122° 31' 30.6401" E,3° 57' 59.6178" S,tinggi,603.000000,122.525178,-3.966560,2.767313,Lanau; Gamping; Pasir (stabil; cocok untuk permukiman),pernah banjir,tinggi,4
122° 31' 30.9349" E,3° 57' 59.0037" S,tinggi,604.000000,122.525260,-3.966390,3.101357,Lanau; Gamping; Pasir (stabil; cocok untuk permukiman),pernah banjir,tinggi,4
122° 31' 31.0480" E,3° 57' 58.7682" S,tinggi,605.000000,122.525291,-3.966324,3.180293,Lanau; Gamping; Pasir (stabil; cocok untuk permukiman),pernah banjir,tinggi,4
122° 31' 29.7350" E,3° 57' 58.2699" S,tinggi,606.000000,122.524926,-3.966186,2.781877,Lanau; Gamping; Pasir (stabil; cocok untuk permukiman),pernah banjir,tinggi,4
122° 31' 28.3332" E,3° 57' 57.7379" S,tinggi,607.000000,122.524537,-3.966038,2.628317,Lanau; Gamping; Pasir (stabil; cocok untuk permukiman),pernah banjir,tinggi,4
122° 31' 26.7899" E,3° 57' 57.1708" S,tinggi,608.000000,122.524108,-3.965881,3.139808,Lanau; Gamping; Pasir (stabil; cocok untuk permukiman),pernah banjir,tinggi,4
122° 31' 26.0616" E,3° 57' 56.9059" S,tinggi,609.000000,122.523906,-3.965807,2.535060,Lanau; Gamping; Pasir (stabil; cocok untuk permukiman),pernah banjir,tinggi,4
122° 31' 25.3535" E,3° 57' 56.6486" S,tinggi,610.000000,122.523709,-3.965736,2.474057,Lanau; Gamping; Pasir (stabil; cocok untuk permukiman),pernah banjir,tinggi,4
122° 31' 24.7526" E,3° 57' 56.4302" S,tinggi,611.000000,122.523542,-3.965675,3.288704,Lanau; Gamping; Pasir (stabil; cocok untuk permukiman),pernah banjir,tinggi,4
122° 31' 23.8447" E,3° 57' 56.1121" S,tinggi,612.000000,122.523290,-3.965587,3.304690,Lanau; Gamping; Pasir (stabil; cocok untuk permukiman),pernah banjir,tinggi,4
122° 31' 23.3962" E,3° 57' 55.9551" S,tinggi,613.000000,122.523166,-3.965543,3.383992,Lanau; Gamping; Pasir (stabil; cocok untuk permukiman),pernah banjir,tinggi,4
122° 31' 22.7359" E,3° 57' 55.6804" S,tinggi,614.000000,122.522982,-3.965467,3.376071,Lanau; Gamping; Pasir (stabil; cocok untuk permukiman),pernah banjir,tinggi,4
122° 31' 21.8370" E,3° 57' 55.3062" S,tinggi,615.000000,122.522733,-3.965363,1.785308,Eluvium; Lumpur (datar; berpotensi genangan),pernah banjir,tinggi,4
122° 31' 22.0454" E,3° 57' 54.8920" S,tinggi,616.000000,122.522790,-3.965248,2.603778,Lanau; Gamping; Pasir (stabil; cocok untuk permukiman),pernah banjir,tinggi,4
122° 31' 22.2388" E,3° 57' 54.5077" S,tinggi,617.000000,122.522844,-3.965141,3.076078,Lanau; Gamping; Pasir (stabil; cocok untuk permukiman),pernah banjir,tinggi,4
122° 31' 22.5192" E,3° 57' 53.9502" S,tinggi,618.000000,122.522922,-3.964986,2.753776,Lanau; Gamping; Pasir (stabil; cocok untuk permukiman),pernah banjir,tinggi,4
122° 31' 22.9271" E,3° 57' 53.0817" S,tinggi,619.000000,122.523035,-3.964745,2.483727,Lanau; Gamping; Pasir (stabil; cocok untuk permukiman),pernah banjir,tinggi,4
122° 31' 23.3533" E,3° 57' 52.1739" S,tinggi,620.000000,122.523154,-3.964493,2.724616,Lanau; Gamping; Pasir (stabil; cocok untuk permukiman),pernah banjir,tinggi,4
122° 31' 24.1320" E,3° 57' 50.4128" S,tinggi,621.000000,122.523370,-3.964004,3.379962,Lanau; Gamping; Pasir (stabil; cocok untuk permukiman),pernah banjir,tinggi,4
122° 31' 24.7066" E,3° 57' 49.1129" S,tinggi,622.000000,122.523530,-3.963642,4.238770,Lanau; Gamping; Pasir (stabil; cocok untuk permukiman),pernah banjir,tinggi,4
122° 31' 25.0039" E,3° 57' 48.4405" S,sedang,623.000000,122.523612,-3.963456,5.387551,Lanau; Gamping; Pasir (stabil; cocok untuk permukiman),pernah banjir,sedang,3
122° 31' 25.4431" E,3° 57' 47.4478" S,sedang,624.000000,122.523734,-3.963180,5.163816,Lanau; Gamping; Pasir (stabil; cocok untuk permukiman),pernah banjir,sedang,3
122° 31' 25.9212" E,3° 57' 46.3660" S,sedang,625.000000,122.523867,-3.962879,6.445179,Lanau; Gamping; Pasir (stabil; cocok untuk permukiman),pernah banjir,sedang,3
122° 31' 26.3824" E,3° 57' 45.3232" S,sedang,626.000000,122.523995,-3.962590,6.206034,Lanau; Gamping; Pasir (stabil; cocok untuk permukiman),pernah banjir,sedang,3
122° 31' 26.7478" E,3° 57' 44.4973" S,sedang,627.000000,122.524097,-3.962360,6.486804,Lanau; Gamping; Pasir (stabil; cocok untuk permukiman),pernah banjir,sedang,3
122° 31' 26.9947" E,3° 57' 43.6629" S,sedang,628.000000,122.524165,-3.962129,8.244633,Lanau; Gamping; Pasir (stabil; cocok untuk permukiman),pernah banjir,sedang,3
122° 31' 27.0620" E,3° 57' 43.4176" S,sedang,629.000000,122.524184,-3.962060,8.244633,Lanau; Gamping; Pasir (stabil; cocok untuk permukiman),pernah banjir,sedang,3
122° 31' 27.9404" E,3° 57' 43.8084" S,sedang,630.000000,122.524428,-3.962169,9.314505,Lanau; Gamping; Pasir (stabil; cocok untuk permukiman),pernah banjir,sedang,3
122° 31' 28.4531" E,3° 57' 44.0128" S,sedang,631.000000,122.524570,-3.962226,9.310193,Lanau; Gamping; Pasir (stabil; cocok untuk permukiman),pernah banjir,sedang,3
122° 31' 29.5075" E,3° 57' 44.3211" S,sedang,632.000000,122.524863,-3.962311,9.273532,Lanau; Gamping; Pasir (stabil; cocok untuk permukiman),pernah banjir,sedang,3
122° 31' 30.7610" E,3° 57' 40.2511" S,rendah,633.000000,122.525211,-3.961181,22.530180,Serpih; Kuarsit (waspada erosi; vegetasi penting),pernah banjir,rendah,2
122° 31' 30.7542" E,3° 57' 37.5847" S,rendah,634.000000,122.525210,-3.960440,44.097633,Sabak; Napal (rawan longsor; perlu konservasi),tidak pernah banjir,rendah,2
122° 31' 29.4463" E,3° 57' 37.5721" S,rendah,635.000000,122.524846,-3.960437,35.601803,Sabak; Napal (rawan longsor; perlu konservasi),tidak pernah banjir,rendah,2
122° 31' 29.5133" E,3° 57' 34.7114" S,sangat rendah,636.000000,122.524865,-3.959642,47.881985,Gamping keras; Marmer (sangat curam; hindari pembangunan),tidak pernah banjir,sangat rendah,1
122° 31' 29.1299" E,3° 57' 33.9814" S,sangat rendah,637.000000,122.524758,-3.959439,48.404870,Gamping keras; Marmer (sangat curam; hindari pembangunan),tidak pernah banjir,sangat rendah,1
122° 31' 28.4898" E,3° 57' 32.5788" S,sangat rendah,638.000000,122.524580,-3.959050,52.244730,Gamping keras; Marmer (sangat curam; hindari pembangunan),tidak pernah banjir,sangat rendah,1
122° 31' 29.4092" E,3° 57' 29.0477" S,sangat rendah,639.000000,122.524836,-3.958069,50.585606,Gamping keras; Marmer (sangat curam; hindari pembangunan),tidak pernah banjir,sangat rendah,1
122° 31' 32.6618" E,3° 57' 16.9706" S,sangat rendah,640.000000,122.525739,-3.954714,84.050606,Gamping keras; Marmer (sangat curam; hindari pembangunan),tidak pernah banjir,sangat rendah,1
122° 31' 32.3890" E,3° 57' 05.7147" S,sangat rendah,641.000000,122.525664,-3.951587,110.872640,Gamping keras; Marmer (sangat curam; hindari pembangunan),tidak pernah banjir,sangat rendah,1
122° 31' 28.5197" E,3° 56' 56.0373" S,sangat rendah,642.000000,122.524589,-3.948899,109.706850,Gamping keras; Marmer (sangat curam; hindari pembangunan),tidak pernah banjir,sangat rendah,1
122° 31' 24.9769" E,3° 56' 49.8359" S,sangat rendah,643.000000,122.523605,-3.947177,124.744270,Gamping keras; Marmer (sangat curam; hindari pembangunan),tidak pernah banjir,sangat rendah,1
122° 31' 23.6968" E,3° 56' 45.8835" S,sangat rendah,644.000000,122.523249,-3.946079,129.635560,Gamping keras; Marmer (sangat curam; hindari pembangunan),tidak pernah banjir,sangat rendah,1
122° 31' 17.2286" E,3° 56' 31.6735" S,sangat rendah,645.000000,122.521452,-3.942132,127.574455,Gamping keras; Marmer (sangat curam; hindari pembangunan),tidak pernah banjir,sangat rendah,1
122° 31' 14.8566" E,3° 56' 27.4496" S,sangat rendah,646.000000,122.520793,-3.940958,123.065094,Gamping keras; Marmer (sangat curam; hindari pembangunan),tidak pernah banjir,sangat rendah,1
122° 31' 17.0396" E,3° 56' 18.3337" S,sangat rendah,647.000000,122.521400,-3.938426,129.666560,Gamping keras; Marmer (sangat curam; hindari pembangunan),tidak pernah banjir,sangat rendah,1
122° 31' 19.4113" E,3° 56' 11.5609" S,sangat rendah,648.000000,122.522059,-3.936545,184.284350,Gamping keras; Marmer (sangat curam; hindari pembangunan),tidak pernah banjir,sangat rendah,1
122° 31' 20.3977" E,3° 56' 08.7897" S,sangat rendah,649.000000,122.522333,-3.935775,178.381620,Gamping keras; Marmer (sangat curam; hindari pembangunan),tidak pernah banjir,sangat rendah,1
122° 31' 24.9294" E,3° 56' 09.7355" S,sangat rendah,650.000000,122.523591,-3.936038,200.912900,Gamping keras; Marmer (sangat curam; hindari pembangunan),tidak pernah banjir,sangat rendah,1
122° 31' 25.5454" E,3° 56' 09.8040" S,sangat rendah,651.000000,122.523763,-3.936057,200.972490,Gamping keras; Marmer (sangat curam; hindari pembangunan),tidak pernah banjir,sangat rendah,1
