{
  "type": "FeatureCollection",
  "features": [
    {
      "type": "Feature",
      "geometry": {
        "type": "Point",
        "coordinates": [
          122.523763,
          -3.936057
        ]
      },
      "properties": {
        "risiko_aktual": "sangat rendah",
        "risiko_prediksi": "Sangat Rendah",
        "probabilitas": 0.9855,
        "curah_hujan": 1991.5,
        "kemiringan": "15-25% (Agak Curam)",
        "jenis_tanah": "Dystrudepts",
        "penggunaan_lahan": "Hutan",
        "skor_drainase": 0.0,
        "warna": "#27ae60"
      }
    },
    {
      "type": "Feature",
      "geometry": {
        "type": "Point",
        "coordinates": [
          122.523383,
          -3.937018
        ]
      },
      "properties": {
        "risiko_aktual": "sangat rendah",
        "risiko_prediksi": "Sangat Rendah",
        "probabilitas": 0.9855,
        "curah_hujan": 1991.5,
        "kemiringan": "25-45% (Curam)",
        "jenis_tanah": "Dystrudepts",
        "penggunaan_lahan": "Hutan",
        "skor_drainase": 0.0,
        "warna": "#27ae60"
      }
    },
    {
      "type": "Feature",
      "geometry": {
        "type": "Point",
        "coordinates": [
          122.52331,
          -3.937201
        ]
      },
      "properties": {
        "risiko_aktual": "sangat rendah",
        "risiko_prediksi": "Sangat Rendah",
        "probabilitas": 0.9855,
        "curah_hujan": 1991.5,
        "kemiringan": ">45% (Sangat Curam)",
        "jenis_tanah": "Dystrudepts",
        "penggunaan_lahan": "Hutan",
        "skor_drainase": 0.0,
        "warna": "#27ae60"
      }
    },
    {
      "type": "Feature",
      "geometry": {
        "type": "Point",
        "coordinates": [
          122.523237,
          -3.937599
        ]
      },
      "properties": {
        "risiko_aktual": "sangat rendah",
        "risiko_prediksi": "Sangat Rendah",
        "probabilitas": 0.9855,
        "curah_hujan": 1991.5,
        "kemiringan": ">45% (Sangat Curam)",
        "jenis_tanah": "Dystrudepts",
        "penggunaan_lahan": "Hutan",
        "skor_drainase": 0.0,
        "warna": "#27ae60"
      }
    },
    {
      "type": "Feature",
      "geometry": {
        "type": "Point",
        "coordinates": [
          122.523292,
          -3.938059
        ]
      },
      "properties": {
        "risiko_aktual": "sangat rendah",
        "risiko_prediksi": "Sangat Rendah",
        "probabilitas": 0.9855,
        "curah_hujan": 1991.5,
        "kemiringan": "25-45% (Curam)",
        "jenis_tanah": "Dystrudepts",
        "penggunaan_lahan": "Hutan",
        "skor_drainase": 0.0,
        "warna": "#27ae60"
      }
    },
    {
      "type": "Feature",
      "geometry": {
        "type": "Point",
        "coordinates": [
          122.523313,
          -3.938309
        ]
      },
      "properties": {
        "risiko_aktual": "sangat rendah",
        "risiko_prediksi": "Sangat Rendah",
        "probabilitas": 0.9855,
        "curah_hujan": 1991.5,
        "kemiringan": "15-25% (Agak Curam)",
        "jenis_tanah": "Dystrudepts",
        "penggunaan_lahan": "Hutan",
        "skor_drainase": 0.0,
        "warna": "#27ae60"
      }
    },
    {
      "type": "Feature",
      "geometry": {
        "type": "Point",
        "coordinates": [
          122.523257,
          -3.938779
        ]
      },
      "properties": {
        "risiko_aktual": "sangat rendah",
        "risiko_prediksi": "Sangat Rendah",
        "probabilitas": 0.9855,
        "curah_hujan": 1991.5,
        "kemiringan": "25-45% (Curam)",
        "jenis_tanah": "Dystrudepts",
        "penggunaan_lahan": "Hutan",
        "skor_drainase": 0.0,
        "warna": "#27ae60"
      }
    },
    {
      "type": "Feature",
      "geometry": {
        "type": "Point",
        "coordinates": [
          122.523262,
          -3.939238
        ]
      },
      "properties": {
        "risiko_aktual": "sangat rendah",
        "risiko_prediksi": "Sangat Rendah",
        "probabilitas": 0.9855,
        "curah_hujan": 1991.5,
        "kemiringan": "25-45% (Curam)",
        "jenis_tanah": "Dystrudepts",
        "penggunaan_lahan": "Hutan",
        "skor_drainase": 0.0,
        "warna": "#27ae60"
      }
    },
    {
      "type": "Feature",
      "geometry": {
        "type": "Point",
        "coordinates": [
          122.523337,
          -3.93997
        ]
      },
      "properties": {
        "risiko_aktual": "sangat rendah",
        "risiko_prediksi": "Sangat Rendah",
        "probabilitas": 0.9855,
        "curah_hujan": 1991.5,
        "kemiringan": "25-45% (Curam)",
        "jenis_tanah": "Dystrudepts",
        "penggunaan_lahan": "Hutan",
        "skor_drainase": 0.0,
        "warna": "#27ae60"
      }
    },
    {
      "type": "Feature",
      "geometry": {
        "type": "Point",
        "coordinates": [
          122.523459,
          -3.940513
        ]
      },
      "properties": {
        "risiko_aktual": "sangat rendah",
        "risiko_prediksi": "Sangat Rendah",
        "probabilitas": 0.9855,
        "curah_hujan": 1991.5,
        "kemiringan": "25-45% (Curam)",
        "jenis_tanah": "Dystrudepts",
        "penggunaan_lahan": "Hutan",
        "skor_drainase": 0.0,
        "warna": "#27ae60"
      }
    },
    {
      "type": "Feature",
      "geometry": {
        "type": "Point",
        "coordinates": [
          122.523693,
          -3.940865
        ]
      },
      "properties": {
        "risiko_aktual": "sangat rendah",
        "risiko_prediksi": "Sangat Rendah",
        "probabilitas": 0.9855,
        "curah_hujan": 1991.5,
        "kemiringan": ">45% (Sangat Curam)",
        "jenis_tanah": "Dystrudepts",
        "penggunaan_lahan": "Hutan",
        "skor_drainase": 0.0,
        "warna": "#27ae60"
      }
    },
    {
      "type": "Feature",
      "geometry": {
        "type": "Point",
        "coordinates": [
          122.524075,
          -3.94122
        ]
      },
      "properties": {
        "risiko_aktual": "sangat rendah",
        "risiko_prediksi": "Sangat Rendah",
        "probabilitas": 0.9855,
        "curah_hujan": 1991.5,
        "kemiringan": "0-8% (Datar)",
        "jenis_tanah": "Dystrudepts",
        "penggunaan_lahan": "Hutan",
        "skor_drainase": 0.0,
        "warna": "#27ae60"
      }
    },
    {
      "type": "Feature",
      "geometry": {
        "type": "Point",
        "coordinates": [
          122.524247,
          -3.941358
        ]
      },
      "properties": {
        "risiko_aktual": "sangat rendah",
        "risiko_prediksi": "Sangat Rendah",
        "probabilitas": 0.9855,
        "curah_hujan": 1991.5,
        "kemiringan": "8-15% (Landai)",
        "jenis_tanah": "Dystrudepts",
        "penggunaan_lahan": "Hutan",
        "skor_drainase": 0.0,
        "warna": "#27ae60"
      }
    },
    {
      "type": "Feature",
      "geometry": {
        "type": "Point",
        "coordinates": [
          122.524535,
          -3.941161
        ]
      },
      "properties": {
        "risiko_aktual": "sangat rendah",
        "risiko_prediksi": "Sangat Rendah",
        "probabilitas": 0.9855,
        "curah_hujan": 1991.5,
        "kemiringan": "15-25% (Agak Curam)",
        "jenis_tanah": "Dystrudepts",
        "penggunaan_lahan": "Hutan",
        "skor_drainase": 0.0,
        "warna": "#27ae60"
      }
    },
    {
      "type": "Feature",
      "geometry": {
        "type": "Point",
        "coordinates": [
          122.524728,
          -3.94105
        ]
      },
      "properties": {
        "risiko_aktual": "sangat rendah",
        "risiko_prediksi": "Sangat Rendah",
        "probabilitas": 0.9855,
        "curah_hujan": 1991.5,
        "kemiringan": "8-15% (Landai)",
        "jenis_tanah": "Dystrudepts",
        "penggunaan_lahan": "Hutan",
        "skor_drainase": 0.0,
        "warna": "#27ae60"
      }
    },
    {
      "type": "Feature",
      "geometry": {
        "type": "Point",
        "coordinates": [
          122.52501,
          -3.940755
        ]
      },
      "properties": {
        "risiko_aktual": "sangat rendah",
        "risiko_prediksi": "Sangat Rendah",
        "probabilitas": 0.9855,
        "curah_hujan": 1991.5,
        "kemiringan": "8-15% (Landai)",
        "jenis_tanah": "Dystrudepts",
        "penggunaan_lahan": "Hutan",
        "skor_drainase": 0.0,
        "warna": "#27ae60"
      }
    },
    {
      "type": "Feature",
      "geometry": {
        "type": "Point",
        "coordinates": [
          122.525074,
          -3.940598
        ]
      },
      "properties": {
        "risiko_aktual": "sangat rendah",
        "risiko_prediksi": "Sangat Rendah",
        "probabilitas": 0.9855,
        "curah_hujan": 1991.5,
        "kemiringan": "15-25% (Agak Curam)",
        "jenis_tanah": "Dystrudepts",
        "penggunaan_lahan": "Hutan",
        "skor_drainase": 0.0,
        "warna": "#27ae60"
      }
    },
    {
      "type": "Feature",
      "geometry": {
        "type": "Point",
        "coordinates": [
          122.525102,
          -3.940397
        ]
      },
      "properties": {
        "risiko_aktual": "sangat rendah",
        "risiko_prediksi": "Sangat Rendah",
        "probabilitas": 0.9855,
        "curah_hujan": 1991.5,
        "kemiringan": "15-25% (Agak Curam)",
        "jenis_tanah": "Dystrudepts",
        "penggunaan_lahan": "Hutan",
        "skor_drainase": 0.0,
        "warna": "#27ae60"
      }
    },
    {
      "type": "Feature",
      "geometry": {
        "type": "Point",
        "coordinates": [
          122.525053,
          -3.939934
        ]
      },
      "properties": {
        "risiko_aktual": "sangat rendah",
        "risiko_prediksi": "Sangat Rendah",
        "probabilitas": 0.9855,
        "curah_hujan": 1991.5,
        "kemiringan": "8-15% (Landai)",
        "jenis_tanah": "Dystrudepts",
        "penggunaan_lahan": "Hutan",
        "skor_drainase": 0.0,
        "warna": "#27ae60"
      }
    },
    {
      "type": "Feature",
      "geometry": {
        "type": "Point",
        "coordinates": [
          122.525526,
          -3.939483
        ]
      },
      "properties": {
        "risiko_aktual": "sangat rendah",
        "risiko_prediksi": "Sangat Rendah",
        "probabilitas": 0.9855,
        "curah_hujan": 1991.5,
        "kemiringan": "8-15% (Landai)",
        "jenis_tanah": "Dystrudepts",
        "penggunaan_lahan": "Hutan",
        "skor_drainase": 0.0,
        "warna": "#27ae60"
      }
    },
    {
      "type": "Feature",
      "geometry": {
        "type": "Point",
        "coordinates": [
          122.525722,
          -3.939286
        ]
      },
      "properties": {
        "risiko_aktual": "sangat rendah",
        "risiko_prediksi": "Sangat Rendah",
        "probabilitas": 0.9855,
        "curah_hujan": 1991.5,
        "kemiringan": "25-45% (Curam)",
        "jenis_tanah": "Dystrudepts",
        "penggunaan_lahan": "Hutan",
        "skor_drainase": 0.0,
        "warna": "#27ae60"
      }
    },
    {
      "type": "Feature",
      "geometry": {
        "type": "Point",
        "coordinates": [
          122.526172,
          -3.938751
        ]
      },
      "properties": {
        "risiko_aktual": "sangat rendah",
        "risiko_prediksi": "Sangat Rendah",
        "probabilitas": 0.9855,
        "curah_hujan": 1991.5,
        "kemiringan": "25-45% (Curam)",
        "jenis_tanah": "Dystrudepts",
        "penggunaan_lahan": "Hutan",
        "skor_drainase": 0.0,
        "warna": "#27ae60"
      }
    },
    {
      "type": "Feature",
      "geometry": {
        "type": "Point",
        "coordinates": [
          122.526505,
          -3.938463
        ]
      },
      "properties": {
        "risiko_aktual": "sangat rendah",
        "risiko_prediksi": "Sangat Rendah",
        "probabilitas": 0.9855,
        "curah_hujan": 1991.5,
        "kemiringan": "25-45% (Curam)",
        "jenis_tanah": "Dystrudepts",
        "penggunaan_lahan": "Hutan",
        "skor_drainase": 0.0,
        "warna": "#27ae60"
      }
    },
    {
      "type": "Feature",
      "geometry": {
        "type": "Point",
        "coordinates": [
          122.526894,
          -3.938201
        ]
      },
      "properties": {
        "risiko_aktual": "sangat rendah",
        "risiko_prediksi": "Sangat Rendah",
        "probabilitas": 0.9855,
        "curah_hujan": 1991.5,
        "kemiringan": "25-45% (Curam)",
        "jenis_tanah": "Dystrudepts",
        "penggunaan_lahan": "Hutan",
        "skor_drainase": 0.0,
        "warna": "#27ae60"
      }
    },
    {
      "type": "Feature",
      "geometry": {
        "type": "Point",
        "coordinates": [
          122.527265,
          -3.938015
        ]
      },
      "properties": {
        "risiko_aktual": "sangat rendah",
        "risiko_prediksi": "Sangat Rendah",
        "probabilitas": 0.9855,
        "curah_hujan": 1991.5,
        "kemiringan": ">45% (Sangat Curam)",
        "jenis_tanah": "Dystrudepts",
        "penggunaan_lahan": "Hutan",
        "skor_drainase": 0.0,
        "warna": "#27ae60"
      }
    },
    {
      "type": "Feature",
      "geometry": {
        "type": "Point",
        "coordinates": [
          122.527667,
          -3.937851
        ]
      },
      "properties": {
        "risiko_aktual": "sangat rendah",
        "risiko_prediksi": "Sangat Rendah",
        "probabilitas": 0.9855,
        "curah_hujan": 1991.5,
        "kemiringan": ">45% (Sangat Curam)",
        "jenis_tanah": "Dystrudepts",
        "penggunaan_lahan": "Hutan",
        "skor_drainase": 0.0,
        "warna": "#27ae60"
      }
    },
    {
      "type": "Feature",
      "geometry": {
        "type": "Point",
        "coordinates": [
          122.528049,
          -3.93773
        ]
      },
      "properties": {
        "risiko_aktual": "sangat rendah",
        "risiko_prediksi": "Sangat Rendah",
        "probabilitas": 0.9855,
        "curah_hujan": 1991.5,
        "kemiringan": "15-25% (Agak Curam)",
        "jenis_tanah": "Dystrudepts",
        "penggunaan_lahan": "Hutan",
        "skor_drainase": 0.0,
        "warna": "#27ae60"
      }
    },
    {
      "type": "Feature",
      "geometry": {
        "type": "Point",
        "coordinates": [
          122.528239,
          -3.937694
        ]
      },
      "properties": {
        "risiko_aktual": "sangat rendah",
        "risiko_prediksi": "Sangat Rendah",
        "probabilitas": 0.9855,
        "curah_hujan": 1991.5,
        "kemiringan": "15-25% (Agak Curam)",
        "jenis_tanah": "Dystrudepts",
        "penggunaan_lahan": "Hutan",
        "skor_drainase": 0.0,
        "warna": "#27ae60"
      }
    },
    {
      "type": "Feature",
      "geometry": {
        "type": "Point",
        "coordinates": [
          122.528461,
          -3.937678
        ]
      },
      "properties": {
        "risiko_aktual": "sangat rendah",
        "risiko_prediksi": "Sangat Rendah",
        "probabilitas": 0.9855,
        "curah_hujan": 1991.5,
        "kemiringan": "15-25% (Agak Curam)",
        "jenis_tanah": "Dystrudepts",
        "penggunaan_lahan": "Hutan",
        "skor_drainase": 0.0,
        "warna": "#27ae60"
      }
    },
    {
      "type": "Feature",
      "geometry": {
        "type": "Point",
        "coordinates": [
          122.528727,
          -3.937828
        ]
      },
      "properties": {
        "risiko_aktual": "sangat rendah",
        "risiko_prediksi": "Sangat Rendah",
        "probabilitas": 0.9855,
        "curah_hujan": 1991.5,
        "kemiringan": "25-45% (Curam)",
        "jenis_tanah": "Dystrudepts",
        "penggunaan_lahan": "Hutan",
        "skor_drainase": 0.0,
        "warna": "#27ae60"
      }
    },
    {
      "type": "Feature",
      "geometry": {
        "type": "Point",
        "coordinates": [
          122.528758,
          -3.937971
        ]
      },
      "properties": {
        "risiko_aktual": "sangat rendah",
        "risiko_prediksi": "Sangat Rendah",
        "probabilitas": 0.9855,
        "curah_hujan": 1991.5,
        "kemiringan": "25-45% (Curam)",
        "jenis_tanah": "Dystrudepts",
        "penggunaan_lahan": "Hutan",
        "skor_drainase": 0.0,
        "warna": "#27ae60"
      }
    },
    {
      "type": "Feature",
      "geometry": {
        "type": "Point",
        "coordinates": [
          122.528969,
          -3.938028
        ]
      },
      "properties": {
        "risiko_aktual": "sangat rendah",
        "risiko_prediksi": "Sangat Rendah",
        "probabilitas": 0.9855,
        "curah_hujan": 1991.5,
        "kemiringan": "25-45% (Curam)",
        "jenis_tanah": "Dystrudepts",
        "penggunaan_lahan": "Hutan",
        "skor_drainase": 0.0,
        "warna": "#27ae60"
      }
    },
    {
      "type": "Feature",
      "geometry": {
        "type": "Point",
        "coordinates": [
          122.529208,
          -3.938052
        ]
      },
      "properties": {
        "risiko_aktual": "sangat rendah",
        "risiko_prediksi": "Sangat Rendah",
        "probabilitas": 0.9855,
        "curah_hujan": 1991.5,
        "kemiringan": "25-45% (Curam)",
        "jenis_tanah": "Dystrudepts",
        "penggunaan_lahan": "Hutan",
        "skor_drainase": 0.0,
        "warna": "#27ae60"
      }
    },
    {
      "type": "Feature",
      "geometry": {
        "type": "Point",
        "coordinates": [
          122.529829,
          -3.938152
        ]
      },
      "properties": {
        "risiko_aktual": "sangat rendah",
        "risiko_prediksi": "Sangat Rendah",
        "probabilitas": 0.9855,
        "curah_hujan": 1991.5,
        "kemiringan": "0-8% (Datar)",
        "jenis_tanah": "Dystrudepts",
        "penggunaan_lahan": "Hutan",
        "skor_drainase": 0.0,
        "warna": "#27ae60"
      }
    },
    {
      "type": "Feature",
      "geometry": {
        "type": "Point",
        "coordinates": [
          122.530211,
          -3.938151
        ]
      },
      "properties": {
        "risiko_aktual": "sangat rendah",
        "risiko_prediksi": "Sangat Rendah",
        "probabilitas": 0.9855,
        "curah_hujan": 1991.5,
        "kemiringan": "0-8% (Datar)",
        "jenis_tanah": "Dystrudepts",
        "penggunaan_lahan": "Hutan",
        "skor_drainase": 0.0,
        "warna": "#27ae60"
      }
    },
    {
      "type": "Feature",
      "geometry": {
        "type": "Point",
        "coordinates": [
          122.530708,
          -3.93814
        ]
      },
      "properties": {
        "risiko_aktual": "sangat rendah",
        "risiko_prediksi": "Sangat Rendah",
        "probabilitas": 0.9855,
        "curah_hujan": 1991.5,
        "kemiringan": "0-8% (Datar)",
        "jenis_tanah": "Dystrudepts",
        "penggunaan_lahan": "Hutan",
        "skor_drainase": 0.0,
        "warna": "#27ae60"
      }
    },
    {
      "type": "Feature",
      "geometry": {
        "type": "Point",
        "coordinates": [
          122.530979,
          -3.938126
        ]
      },
      "properties": {
        "risiko_aktual": "sangat rendah",
        "risiko_prediksi": "Sangat Rendah",
        "probabilitas": 0.9855,
        "curah_hujan": 1991.5,
        "kemiringan": "0-8% (Datar)",
        "jenis_tanah": "Dystrudepts",
        "penggunaan_lahan": "Hutan",
        "skor_drainase": 0.0,
        "warna": "#27ae60"
      }
    },
    {
      "type": "Feature",
      "geometry": {
        "type": "Point",
        "coordinates": [
          122.531651,
          -3.938088
        ]
      },
      "properties": {
        "risiko_aktual": "sangat rendah",
        "risiko_prediksi": "Sangat Rendah",
        "probabilitas": 0.9855,
        "curah_hujan": 1991.5,
        "kemiringan": "8-15% (Landai)",
        "jenis_tanah": "Dystrudepts",
        "penggunaan_lahan": "Hutan",
        "skor_drainase": 0.0,
        "warna": "#27ae60"
      }
    },
    {
      "type": "Feature",
      "geometry": {
        "type": "Point",
        "coordinates": [
          122.532097,
          -3.938
        ]
      },
      "properties": {
        "risiko_aktual": "sangat rendah",
        "risiko_prediksi": "Sangat Rendah",
        "probabilitas": 0.9855,
        "curah_hujan": 1991.5,
        "kemiringan": "15-25% (Agak Curam)",
        "jenis_tanah": "Dystrudepts",
        "penggunaan_lahan": "Hutan",
        "skor_drainase": 0.0,
        "warna": "#27ae60"
      }
    },
    {
      "type": "Feature",
      "geometry": {
        "type": "Point",
        "coordinates": [
          122.532354,
          -3.937947
        ]
      },
      "properties": {
        "risiko_aktual": "sangat rendah",
        "risiko_prediksi": "Sangat Rendah",
        "probabilitas": 0.9855,
        "curah_hujan": 1991.5,
        "kemiringan": "15-25% (Agak Curam)",
        "jenis_tanah": "Dystrudepts",
        "penggunaan_lahan": "Hutan",
        "skor_drainase": 0.0,
        "warna": "#27ae60"
      }
    },
    {
      "type": "Feature",
      "geometry": {
        "type": "Point",
        "coordinates": [
          122.532492,
          -3.938031
        ]
      },
      "properties": {
        "risiko_aktual": "sangat rendah",
        "risiko_prediksi": "Sangat Rendah",
        "probabilitas": 0.9855,
        "curah_hujan": 1991.5,
        "kemiringan": "25-45% (Curam)",
        "jenis_tanah": "Dystrudepts",
        "penggunaan_lahan": "Hutan",
        "skor_drainase": 0.0,
        "warna": "#27ae60"
      }
    },
    {
      "type": "Feature",
      "geometry": {
        "type": "Point",
        "coordinates": [
          122.532673,
          -3.938248
        ]
      },
      "properties": {
        "risiko_aktual": "sangat rendah",
        "risiko_prediksi": "Sangat Rendah",
        "probabilitas": 0.9855,
        "curah_hujan": 1991.5,
        "kemiringan": "15-25% (Agak Curam)",
        "jenis_tanah": "Dystrudepts",
        "penggunaan_lahan": "Hutan",
        "skor_drainase": 0.0,
        "warna": "#27ae60"
      }
    },
    {
      "type": "Feature",
      "geometry": {
        "type": "Point",
        "coordinates": [
          122.532859,
          -3.938412
        ]
      },
      "properties": {
        "risiko_aktual": "sangat rendah",
        "risiko_prediksi": "Sangat Rendah",
        "probabilitas": 0.9855,
        "curah_hujan": 1991.5,
        "kemiringan": "15-25% (Agak Curam)",
        "jenis_tanah": "Dystrudepts",
        "penggunaan_lahan": "Hutan",
        "skor_drainase": 0.0,
        "warna": "#27ae60"
      }
    },
    {
      "type": "Feature",
      "geometry": {
        "type": "Point",
        "coordinates": [
          122.533144,
          -3.938582
        ]
      },
      "properties": {
        "risiko_aktual": "sangat rendah",
        "risiko_prediksi": "Sangat Rendah",
        "probabilitas": 0.9855,
        "curah_hujan": 1991.5,
        "kemiringan": "15-25% (Agak Curam)",
        "jenis_tanah": "Dystrudepts",
        "penggunaan_lahan": "Hutan",
        "skor_drainase": 0.0,
        "warna": "#27ae60"
      }
    },
    {
      "type": "Feature",
      "geometry": {
        "type": "Point",
        "coordinates": [
          122.533452,
          -3.938709
        ]
      },
      "properties": {
        "risiko_aktual": "sangat rendah",
        "risiko_prediksi": "Sangat Rendah",
        "probabilitas": 0.9855,
        "curah_hujan": 1991.5,
        "kemiringan": "0-8% (Datar)",
        "jenis_tanah": "Dystrudepts",
        "penggunaan_lahan": "Hutan",
        "skor_drainase": 0.0,
        "warna": "#27ae60"
      }
    },
    {
      "type": "Feature",
      "geometry": {
        "type": "Point",
        "coordinates": [
          122.533722,
          -3.938853
        ]
      },
      "properties": {
        "risiko_aktual": "sangat rendah",
        "risiko_prediksi": "Sangat Rendah",
        "probabilitas": 0.9855,
        "curah_hujan": 1991.5,
        "kemiringan": "15-25% (Agak Curam)",
        "jenis_tanah": "Dystrudepts",
        "penggunaan_lahan": "Hutan",
        "skor_drainase": 0.0,
        "warna": "#27ae60"
      }
    },
    {
      "type": "Feature",
      "geometry": {
        "type": "Point",
        "coordinates": [
          122.534226,
          -3.938906
        ]
      },
      "properties": {
        "risiko_aktual": "sangat rendah",
        "risiko_prediksi": "Sangat Rendah",
        "probabilitas": 0.9855,
        "curah_hujan": 1991.5,
        "kemiringan": ">45% (Sangat Curam)",
        "jenis_tanah": "Dystrudepts",
        "penggunaan_lahan": "Hutan",
        "skor_drainase": 0.0,
        "warna": "#27ae60"
      }
    },
    {
      "type": "Feature",
      "geometry": {
        "type": "Point",
        "coordinates": [
          122.534478,
          -3.938795
        ]
      },
      "properties": {
        "risiko_aktual": "sangat rendah",
        "risiko_prediksi": "Sangat Rendah",
        "probabilitas": 0.9855,
        "curah_hujan": 1991.5,
        "kemiringan": ">45% (Sangat Curam)",
        "jenis_tanah": "Dystrudepts",
        "penggunaan_lahan": "Hutan",
        "skor_drainase": 0.0,
        "warna": "#27ae60"
      }
    },
    {
      "type": "Feature",
      "geometry": {
        "type": "Point",
        "coordinates": [
          122.534877,
          -3.938783
        ]
      },
      "properties": {
        "risiko_aktual": "sangat rendah",
        "risiko_prediksi": "Sangat Rendah",
        "probabilitas": 0.9855,
        "curah_hujan": 1991.5,
        "kemiringan": ">45% (Sangat Curam)",
        "jenis_tanah": "Dystrudepts",
        "penggunaan_lahan": "Hutan",
        "skor_drainase": 0.0,
        "warna": "#27ae60"
      }
    },
    {
      "type": "Feature",
      "geometry": {
        "type": "Point",
        "coordinates": [
          122.535074,
          -3.938807
        ]
      },
      "properties": {
        "risiko_aktual": "sangat rendah",
        "risiko_prediksi": "Sangat Rendah",
        "probabilitas": 0.9855,
        "curah_hujan": 1991.5,
        "kemiringan": ">45% (Sangat Curam)",
        "jenis_tanah": "Dystrudepts",
        "penggunaan_lahan": "Hutan",
        "skor_drainase": 0.0,
        "warna": "#27ae60"
      }
    },
    {
      "type": "Feature",
      "geometry": {
        "type": "Point",
        "coordinates": [
          122.535435,
          -3.938926
        ]
      },
      "properties": {
        "risiko_aktual": "sangat rendah",
        "risiko_prediksi": "Sangat Rendah",
        "probabilitas": 0.9855,
        "curah_hujan": 1991.5,
        "kemiringan": ">45% (Sangat Curam)",
        "jenis_tanah": "Dystrudepts",
        "penggunaan_lahan": "Hutan",
        "skor_drainase": 0.0,
        "warna": "#27ae60"
      }
    },
    {
      "type": "Feature",
      "geometry": {
        "type": "Point",
        "coordinates": [
          122.535557,
          -3.938973
        ]
      },
      "properties": {
        "risiko_aktual": "sangat rendah",
        "risiko_prediksi": "Sangat Rendah",
        "probabilitas": 0.9855,
        "curah_hujan": 1991.5,
        "kemiringan": ">45% (Sangat Curam)",
        "jenis_tanah": "Dystrudepts",
        "penggunaan_lahan": "Hutan",
        "skor_drainase": 0.0,
        "warna": "#27ae60"
      }
    },
    {
      "type": "Feature",
      "geometry": {
        "type": "Point",
        "coordinates": [
          122.535826,
          -3.939168
        ]
      },
      "properties": {
        "risiko_aktual": "sangat rendah",
        "risiko_prediksi": "Sangat Rendah",
        "probabilitas": 0.9855,
        "curah_hujan": 1991.5,
        "kemiringan": ">45% (Sangat Curam)",
        "jenis_tanah": "Dystrudepts",
        "penggunaan_lahan": "Hutan",
        "skor_drainase": 0.0,
        "warna": "#27ae60"
      }
    },
    {
      "type": "Feature",
      "geometry": {
        "type": "Point",
        "coordinates": [
          122.536006,
          -3.939299
        ]
      },
      "properties": {
        "risiko_aktual": "sangat rendah",
        "risiko_prediksi": "Sangat Rendah",
        "probabilitas": 0.9855,
        "curah_hujan": 1991.5,
        "kemiringan": "25-45% (Curam)",
        "jenis_tanah": "Dystrudepts",
        "penggunaan_lahan": "Hutan",
        "skor_drainase": 0.0,
        "warna": "#27ae60"
      }
    },
    {
      "type": "Feature",
      "geometry": {
        "type": "Point",
        "coordinates": [
          122.536124,
          -3.939741
        ]
      },
      "properties": {
        "risiko_aktual": "sangat rendah",
        "risiko_prediksi": "Sangat Rendah",
        "probabilitas": 0.9855,
        "curah_hujan": 1991.5,
        "kemiringan": "25-45% (Curam)",
        "jenis_tanah": "Dystrudepts",
        "penggunaan_lahan": "Hutan",
        "skor_drainase": 0.0,
        "warna": "#27ae60"
      }
    },
    {
      "type": "Feature",
      "geometry": {
        "type": "Point",
        "coordinates": [
          122.536213,
          -3.939939
        ]
      },
      "properties": {
        "risiko_aktual": "sangat rendah",
        "risiko_prediksi": "Sangat Rendah",
        "probabilitas": 0.9855,
        "curah_hujan": 1991.5,
        "kemiringan": "15-25% (Agak Curam)",
        "jenis_tanah": "Dystrudepts",
        "penggunaan_lahan": "Hutan",
        "skor_drainase": 0.0,
        "warna": "#27ae60"
      }
    },
    {
      "type": "Feature",
      "geometry": {
        "type": "Point",
        "coordinates": [
          122.536384,
          -3.940221
        ]
      },
      "properties": {
        "risiko_aktual": "sangat rendah",
        "risiko_prediksi": "Sangat Rendah",
        "probabilitas": 0.9855,
        "curah_hujan": 1991.5,
        "kemiringan": "15-25% (Agak Curam)",
        "jenis_tanah": "Dystrudepts",
        "penggunaan_lahan": "Hutan",
        "skor_drainase": 0.0,
        "warna": "#27ae60"
      }
    },
    {
      "type": "Feature",
      "geometry": {
        "type": "Point",
        "coordinates": [
          122.536515,
          -3.940465
        ]
      },
      "properties": {
        "risiko_aktual": "sangat rendah",
        "risiko_prediksi": "Sangat Rendah",
        "probabilitas": 0.9855,
        "curah_hujan": 1991.5,
        "kemiringan": "8-15% (Landai)",
        "jenis_tanah": "Dystrudepts",
        "penggunaan_lahan": "Hutan",
        "skor_drainase": 0.0,
        "warna": "#27ae60"
      }
    },
    {
      "type": "Feature",
      "geometry": {
        "type": "Point",
        "coordinates": [
          122.536991,
          -3.940762
        ]
      },
      "properties": {
        "risiko_aktual": "sangat rendah",
        "risiko_prediksi": "Sangat Rendah",
        "probabilitas": 0.9855,
        "curah_hujan": 1991.5,
        "kemiringan": ">45% (Sangat Curam)",
        "jenis_tanah": "Dystrudepts",
        "penggunaan_lahan": "Hutan",
        "skor_drainase": 0.0,
        "warna": "#27ae60"
      }
    },
    {
      "type": "Feature",
      "geometry": {
        "type": "Point",
        "coordinates": [
          122.537797,
          -3.941402
        ]
      },
      "properties": {
        "risiko_aktual": "sangat rendah",
        "risiko_prediksi": "Sangat Rendah",
        "probabilitas": 0.9855,
        "curah_hujan": 1991.5,
        "kemiringan": "25-45% (Curam)",
        "jenis_tanah": "Dystrudepts",
        "penggunaan_lahan": "Hutan",
        "skor_drainase": 0.0,
        "warna": "#27ae60"
      }
    },
    {
      "type": "Feature",
      "geometry": {
        "type": "Point",
        "coordinates": [
          122.538517,
          -3.941802
        ]
      },
      "properties": {
        "risiko_aktual": "sangat rendah",
        "risiko_prediksi": "Sangat Rendah",
        "probabilitas": 0.9855,
        "curah_hujan": 1991.5,
        "kemiringan": "25-45% (Curam)",
        "jenis_tanah": "Dystrudepts",
        "penggunaan_lahan": "Hutan",
        "skor_drainase": 0.0,
        "warna": "#27ae60"
      }
    },
    {
      "type": "Feature",
      "geometry": {
        "type": "Point",
        "coordinates": [
          122.53944,
          -3.941881
        ]
      },
      "properties": {
        "risiko_aktual": "sangat rendah",
        "risiko_prediksi": "Sangat Rendah",
        "probabilitas": 0.9855,
        "curah_hujan": 1991.5,
        "kemiringan": "25-45% (Curam)",
        "jenis_tanah": "Dystrudepts",
        "penggunaan_lahan": "Hutan",
        "skor_drainase": 0.0,
        "warna": "#27ae60"
      }
    },
    {
      "type": "Feature",
      "geometry": {
        "type": "Point",
        "coordinates": [
          122.539688,
          -3.941871
        ]
      },
      "properties": {
        "risiko_aktual": "sangat rendah",
        "risiko_prediksi": "Sangat Rendah",
        "probabilitas": 0.9855,
        "curah_hujan": 1991.5,
        "kemiringan": "15-25% (Agak Curam)",
        "jenis_tanah": "Dystrudepts",
        "penggunaan_lahan": "Hutan",
        "skor_drainase": 0.0,
        "warna": "#27ae60"
      }
    },
    {
      "type": "Feature",
      "geometry": {
        "type": "Point",
        "coordinates": [
          122.540319,
          -3.941815
        ]
      },
      "properties": {
        "risiko_aktual": "sangat rendah",
        "risiko_prediksi": "Sangat Rendah",
        "probabilitas": 0.9855,
        "curah_hujan": 1991.5,
        "kemiringan": "0-8% (Datar)",
        "jenis_tanah": "Dystrudepts",
        "penggunaan_lahan": "Hutan",
        "skor_drainase": 0.0,
        "warna": "#27ae60"
      }
    },
    {
      "type": "Feature",
      "geometry": {
        "type": "Point",
        "coordinates": [
          122.540378,
          -3.941251
        ]
      },
      "properties": {
        "risiko_aktual": "sangat rendah",
        "risiko_prediksi": "Sangat Rendah",
        "probabilitas": 0.9855,
        "curah_hujan": 1991.5,
        "kemiringan": "0-8% (Datar)",
        "jenis_tanah": "Dystrudepts",
        "penggunaan_lahan": "Hutan",
        "skor_drainase": 0.0,
        "warna": "#27ae60"
      }
    },
    {
      "type": "Feature",
      "geometry": {
        "type": "Point",
        "coordinates": [
          122.540616,
          -3.940917
        ]
      },
      "properties": {
        "risiko_aktual": "sangat rendah",
        "risiko_prediksi": "Sangat Rendah",
        "probabilitas": 0.9855,
        "curah_hujan": 1991.5,
        "kemiringan": "25-45% (Curam)",
        "jenis_tanah": "Dystrudepts",
        "penggunaan_lahan": "Hutan",
        "skor_drainase": 0.0,
        "warna": "#27ae60"
      }
    },
    {
      "type": "Feature",
      "geometry": {
        "type": "Point",
        "coordinates": [
          122.540825,
          -3.940769
        ]
      },
      "properties": {
        "risiko_aktual": "sangat rendah",
        "risiko_prediksi": "Sangat Rendah",
        "probabilitas": 0.9855,
        "curah_hujan": 1991.5,
        "kemiringan": "25-45% (Curam)",
        "jenis_tanah": "Dystrudepts",
        "penggunaan_lahan": "Hutan",
        "skor_drainase": 0.0,
        "warna": "#27ae60"
      }
    },
    {
      "type": "Feature",
      "geometry": {
        "type": "Point",
        "coordinates": [
          122.541347,
          -3.940683
        ]
      },
      "properties": {
        "risiko_aktual": "sangat rendah",
        "risiko_prediksi": "Sangat Rendah",
        "probabilitas": 0.9855,
        "curah_hujan": 1991.5,
        "kemiringan": "8-15% (Landai)",
        "jenis_tanah": "Dystrudepts",
        "penggunaan_lahan": "Hutan",
        "skor_drainase": 0.0,
        "warna": "#27ae60"
      }
    },
    {
      "type": "Feature",
      "geometry": {
        "type": "Point",
        "coordinates": [
          122.542524,
          -3.940964
        ]
      },
      "properties": {
        "risiko_aktual": "sangat rendah",
        "risiko_prediksi": "Sangat Rendah",
        "probabilitas": 0.9855,
        "curah_hujan": 1991.5,
        "kemiringan": "25-45% (Curam)",
        "jenis_tanah": "Dystrudepts",
        "penggunaan_lahan": "Hutan",
        "skor_drainase": 0.0,
        "warna": "#27ae60"
      }
    },
    {
      "type": "Feature",
      "geometry": {
        "type": "Point",
        "coordinates": [
          122.542819,
          -3.941147
        ]
      },
      "properties": {
        "risiko_aktual": "sangat rendah",
        "risiko_prediksi": "Sangat Rendah",
        "probabilitas": 0.9855,
        "curah_hujan": 1991.5,
        "kemiringan": "25-45% (Curam)",
        "jenis_tanah": "Dystrudepts",
        "penggunaan_lahan": "Hutan",
        "skor_drainase": 0.0,
        "warna": "#27ae60"
      }
    },
    {
      "type": "Feature",
      "geometry": {
        "type": "Point",
        "coordinates": [
          122.543724,
          -3.941976
        ]
      },
      "properties": {
        "risiko_aktual": "sangat rendah",
        "risiko_prediksi": "Sangat Rendah",
        "probabilitas": 0.9855,
        "curah_hujan": 1991.5,
        "kemiringan": "8-15% (Landai)",
        "jenis_tanah": "Dystrudepts",
        "penggunaan_lahan": "Hutan",
        "skor_drainase": 0.0,
        "warna": "#27ae60"
      }
    },
    {
      "type": "Feature",
      "geometry": {
        "type": "Point",
        "coordinates": [
          122.544222,
          -3.942462
        ]
      },
      "properties": {
        "risiko_aktual": "sangat rendah",
        "risiko_prediksi": "Sangat Rendah",
        "probabilitas": 0.9855,
        "curah_hujan": 1991.5,
        "kemiringan": "15-25% (Agak Curam)",
        "jenis_tanah": "Dystrudepts",
        "penggunaan_lahan": "Hutan",
        "skor_drainase": 0.0,
        "warna": "#27ae60"
      }
    },
    {
      "type": "Feature",
      "geometry": {
        "type": "Point",
        "coordinates": [
          122.544731,
          -3.942859
        ]
      },
      "properties": {
        "risiko_aktual": "sangat rendah",
        "risiko_prediksi": "Sangat Rendah",
        "probabilitas": 0.9855,
        "curah_hujan": 1991.5,
        "kemiringan": "15-25% (Agak Curam)",
        "jenis_tanah": "Dystrudepts",
        "penggunaan_lahan": "Hutan",
        "skor_drainase": 0.0,
        "warna": "#27ae60"
      }
    },
    {
      "type": "Feature",
      "geometry": {
        "type": "Point",
        "coordinates": [
          122.545605,
          -3.943429
        ]
      },
      "properties": {
        "risiko_aktual": "sangat rendah",
        "risiko_prediksi": "Sangat Rendah",
        "probabilitas": 0.9855,
        "curah_hujan": 1991.5,
        "kemiringan": "0-8% (Datar)",
        "jenis_tanah": "Dystrudepts",
        "penggunaan_lahan": "Hutan",
        "skor_drainase": 0.0,
        "warna": "#27ae60"
      }
    },
    {
      "type": "Feature",
      "geometry": {
        "type": "Point",
        "coordinates": [
          122.546231,
          -3.943512
        ]
      },
      "properties": {
        "risiko_aktual": "sangat rendah",
        "risiko_prediksi": "Sangat Rendah",
        "probabilitas": 0.9855,
        "curah_hujan": 1991.5,
        "kemiringan": "15-25% (Agak Curam)",
        "jenis_tanah": "Dystrudepts",
        "penggunaan_lahan": "Hutan",
        "skor_drainase": 0.0,
        "warna": "#27ae60"
      }
    },
    {
      "type": "Feature",
      "geometry": {
        "type": "Point",
        "coordinates": [
          122.546862,
          -3.943347
        ]
      },
      "properties": {
        "risiko_aktual": "sangat rendah",
        "risiko_prediksi": "Sangat Rendah",
        "probabilitas": 0.9855,
        "curah_hujan": 1991.5,
        "kemiringan": "25-45% (Curam)",
        "jenis_tanah": "Dystrudepts",
        "penggunaan_lahan": "Hutan",
        "skor_drainase": 0.0,
        "warna": "#27ae60"
      }
    },
    {
      "type": "Feature",
      "geometry": {
        "type": "Point",
        "coordinates": [
          122.547763,
          -3.943133
        ]
      },
      "properties": {
        "risiko_aktual": "sangat rendah",
        "risiko_prediksi": "Sangat Rendah",
        "probabilitas": 0.9855,
        "curah_hujan": 1991.5,
        "kemiringan": "15-25% (Agak Curam)",
        "jenis_tanah": "Dystrudepts",
        "penggunaan_lahan": "Hutan",
        "skor_drainase": 0.0,
        "warna": "#27ae60"
      }
    },
    {
      "type": "Feature",
      "geometry": {
        "type": "Point",
        "coordinates": [
          122.548023,
          -3.943064
        ]
      },
      "properties": {
        "risiko_aktual": "sangat rendah",
        "risiko_prediksi": "Sangat Rendah",
        "probabilitas": 0.9855,
        "curah_hujan": 1991.5,
        "kemiringan": "15-25% (Agak Curam)",
        "jenis_tanah": "Dystrudepts",
        "penggunaan_lahan": "Hutan",
        "skor_drainase": 0.0,
        "warna": "#27ae60"
      }
    },
    {
      "type": "Feature",
      "geometry": {
        "type": "Point",
        "coordinates": [
          122.548311,
          -3.943015
        ]
      },
      "properties": {
        "risiko_aktual": "sangat rendah",
        "risiko_prediksi": "Sangat Rendah",
        "probabilitas": 0.9855,
        "curah_hujan": 1991.5,
        "kemiringan": "15-25% (Agak Curam)",
        "jenis_tanah": "Dystrudepts",
        "penggunaan_lahan": "Hutan",
        "skor_drainase": 0.0,
        "warna": "#27ae60"
      }
    },
    {
      "type": "Feature",
      "geometry": {
        "type": "Point",
        "coordinates": [
          122.548559,
          -3.943012
        ]
      },
      "properties": {
        "risiko_aktual": "sangat rendah",
        "risiko_prediksi": "Sangat Rendah",
        "probabilitas": 0.9855,
        "curah_hujan": 1991.5,
        "kemiringan": "15-25% (Agak Curam)",
        "jenis_tanah": "Dystrudepts",
        "penggunaan_lahan": "Hutan",
        "skor_drainase": 0.0,
        "warna": "#27ae60"
      }
    },
    {
      "type": "Feature",
      "geometry": {
        "type": "Point",
        "coordinates": [
          122.548768,
          -3.943054
        ]
      },
      "properties": {
        "risiko_aktual": "sangat rendah",
        "risiko_prediksi": "Sangat Rendah",
        "probabilitas": 0.9855,
        "curah_hujan": 1991.5,
        "kemiringan": "8-15% (Landai)",
        "jenis_tanah": "Dystrudepts",
        "penggunaan_lahan": "Hutan",
        "skor_drainase": 0.0,
        "warna": "#27ae60"
      }
    },
    {
      "type": "Feature",
      "geometry": {
        "type": "Point",
        "coordinates": [
          122.549111,
          -3.943123
        ]
      },
      "properties": {
        "risiko_aktual": "sangat rendah",
        "risiko_prediksi": "Sangat Rendah",
        "probabilitas": 0.9855,
        "curah_hujan": 1991.5,
        "kemiringan": "15-25% (Agak Curam)",
        "jenis_tanah": "Dystrudepts",
        "penggunaan_lahan": "Hutan",
        "skor_drainase": 0.0,
        "warna": "#27ae60"
      }
    },
    {
      "type": "Feature",
      "geometry": {
        "type": "Point",
        "coordinates": [
          122.54939,
          -3.94305
        ]
      },
      "properties": {
        "risiko_aktual": "sangat rendah",
        "risiko_prediksi": "Sangat Rendah",
        "probabilitas": 0.9855,
        "curah_hujan": 1991.5,
        "kemiringan": "15-25% (Agak Curam)",
        "jenis_tanah": "Dystrudepts",
        "penggunaan_lahan": "Hutan",
        "skor_drainase": 0.0,
        "warna": "#27ae60"
      }
    },
    {
      "type": "Feature",
      "geometry": {
        "type": "Point",
        "coordinates": [
          122.549521,
          -3.942932
        ]
      },
      "properties": {
        "risiko_aktual": "sangat rendah",
        "risiko_prediksi": "Sangat Rendah",
        "probabilitas": 0.9855,
        "curah_hujan": 1991.5,
        "kemiringan": "25-45% (Curam)",
        "jenis_tanah": "Dystrudepts",
        "penggunaan_lahan": "Hutan",
        "skor_drainase": 0.0,
        "warna": "#27ae60"
      }
    },
    {
      "type": "Feature",
      "geometry": {
        "type": "Point",
        "coordinates": [
          122.549579,
          -3.942833
        ]
      },
      "properties": {
        "risiko_aktual": "sangat rendah",
        "risiko_prediksi": "Sangat Rendah",
        "probabilitas": 0.9855,
        "curah_hujan": 1991.5,
        "kemiringan": "15-25% (Agak Curam)",
        "jenis_tanah": "Dystrudepts",
        "penggunaan_lahan": "Hutan",
        "skor_drainase": 0.0,
        "warna": "#27ae60"
      }
    },
    {
      "type": "Feature",
      "geometry": {
        "type": "Point",
        "coordinates": [
          122.549624,
          -3.942756
        ]
      },
      "properties": {
        "risiko_aktual": "sangat rendah",
        "risiko_prediksi": "Sangat Rendah",
        "probabilitas": 0.9855,
        "curah_hujan": 1991.5,
        "kemiringan": "15-25% (Agak Curam)",
        "jenis_tanah": "Dystrudepts",
        "penggunaan_lahan": "Hutan",
        "skor_drainase": 0.0,
        "warna": "#27ae60"
      }
    },
    {
      "type": "Feature",
      "geometry": {
        "type": "Point",
        "coordinates": [
          122.549727,
          -3.942511
        ]
      },
      "properties": {
        "risiko_aktual": "sangat rendah",
        "risiko_prediksi": "Sangat Rendah",
        "probabilitas": 0.9855,
        "curah_hujan": 1991.5,
        "kemiringan": "8-15% (Landai)",
        "jenis_tanah": "Dystrudepts",
        "penggunaan_lahan": "Hutan",
        "skor_drainase": 0.0,
        "warna": "#27ae60"
      }
    },
    {
      "type": "Feature",
      "geometry": {
        "type": "Point",
        "coordinates": [
          122.549834,
          -3.94229
        ]
      },
      "properties": {
        "risiko_aktual": "sangat rendah",
        "risiko_prediksi": "Sangat Rendah",
        "probabilitas": 0.9855,
        "curah_hujan": 1991.5,
        "kemiringan": "15-25% (Agak Curam)",
        "jenis_tanah": "Dystrudepts",
        "penggunaan_lahan": "Hutan",
        "skor_drainase": 0.0,
        "warna": "#27ae60"
      }
    },
    {
      "type": "Feature",
      "geometry": {
        "type": "Point",
        "coordinates": [
          122.550004,
          -3.942042
        ]
      },
      "properties": {
        "risiko_aktual": "sangat rendah",
        "risiko_prediksi": "Sangat Rendah",
        "probabilitas": 0.9855,
        "curah_hujan": 1991.5,
        "kemiringan": "15-25% (Agak Curam)",
        "jenis_tanah": "Dystrudepts",
        "penggunaan_lahan": "Hutan",
        "skor_drainase": 0.0,
        "warna": "#27ae60"
      }
    },
    {
      "type": "Feature",
      "geometry": {
        "type": "Point",
        "coordinates": [
          122.550139,
          -3.941951
        ]
      },
      "properties": {
        "risiko_aktual": "sangat rendah",
        "risiko_prediksi": "Sangat Rendah",
        "probabilitas": 0.9855,
        "curah_hujan": 1991.5,
        "kemiringan": "8-15% (Landai)",
        "jenis_tanah": "Dystrudepts",
        "penggunaan_lahan": "Hutan",
        "skor_drainase": 0.0,
        "warna": "#27ae60"
      }
    },
    {
      "type": "Feature",
      "geometry": {
        "type": "Point",
        "coordinates": [
          122.55046,
          -3.94188
        ]
      },
      "properties": {
        "risiko_aktual": "sangat rendah",
        "risiko_prediksi": "Sangat Rendah",
        "probabilitas": 0.9855,
        "curah_hujan": 1991.5,
        "kemiringan": "8-15% (Landai)",
        "jenis_tanah": "Dystrudepts",
        "penggunaan_lahan": "Hutan",
        "skor_drainase": 0.0,
        "warna": "#27ae60"
      }
    },
    {
      "type": "Feature",
      "geometry": {
        "type": "Point",
        "coordinates": [
          122.550805,
          -3.941892
        ]
      },
      "properties": {
        "risiko_aktual": "sangat rendah",
        "risiko_prediksi": "Sangat Rendah",
        "probabilitas": 0.9855,
        "curah_hujan": 1991.5,
        "kemiringan": "8-15% (Landai)",
        "jenis_tanah": "Dystrudepts",
        "penggunaan_lahan": "Hutan",
        "skor_drainase": 0.0,
        "warna": "#27ae60"
      }
    },
    {
      "type": "Feature",
      "geometry": {
        "type": "Point",
        "coordinates": [
          122.551194,
          -3.941908
        ]
      },
      "properties": {
        "risiko_aktual": "sangat rendah",
        "risiko_prediksi": "Sangat Rendah",
        "probabilitas": 0.9855,
        "curah_hujan": 1991.5,
        "kemiringan": "0-8% (Datar)",
        "jenis_tanah": "Dystrudepts",
        "penggunaan_lahan": "Hutan",
        "skor_drainase": 0.0,
        "warna": "#27ae60"
      }
    },
    {
      "type": "Feature",
      "geometry": {
        "type": "Point",
        "coordinates": [
          122.551505,
          -3.941896
        ]
      },
      "properties": {
        "risiko_aktual": "sangat rendah",
        "risiko_prediksi": "Sangat Rendah",
        "probabilitas": 0.9855,
        "curah_hujan": 1991.5,
        "kemiringan": "8-15% (Landai)",
        "jenis_tanah": "Dystrudepts",
        "penggunaan_lahan": "Hutan",
        "skor_drainase": 0.0,
        "warna": "#27ae60"
      }
    },
    {
      "type": "Feature",
      "geometry": {
        "type": "Point",
        "coordinates": [
          122.551871,
          -3.941854
        ]
      },
      "properties": {
        "risiko_aktual": "sangat rendah",
        "risiko_prediksi": "Sangat Rendah",
        "probabilitas": 0.9855,
        "curah_hujan": 1991.5,
        "kemiringan": "25-45% (Curam)",
        "jenis_tanah": "Dystrudepts",
        "penggunaan_lahan": "Hutan",
        "skor_drainase": 0.0,
        "warna": "#27ae60"
      }
    },
    {
      "type": "Feature",
      "geometry": {
        "type": "Point",
        "coordinates": [
          122.552229,
          -3.941729
        ]
      },
      "properties": {
        "risiko_aktual": "sangat rendah",
        "risiko_prediksi": "Sangat Rendah",
        "probabilitas": 0.9855,
        "curah_hujan": 1991.5,
        "kemiringan": "15-25% (Agak Curam)",
        "jenis_tanah": "Dystrudepts",
        "penggunaan_lahan": "Hutan",
        "skor_drainase": 0.0,
        "warna": "#27ae60"
      }
    },
    {
      "type": "Feature",
      "geometry": {
        "type": "Point",
        "coordinates": [
          122.552701,
          -3.941408
        ]
      },
      "properties": {
        "risiko_aktual": "sangat rendah",
        "risiko_prediksi": "Sangat Rendah",
        "probabilitas": 0.9855,
        "curah_hujan": 1991.5,
        "kemiringan": "8-15% (Landai)",
        "jenis_tanah": "Dystrudepts",
        "penggunaan_lahan": "Hutan",
        "skor_drainase": 0.0,
        "warna": "#27ae60"
      }
    },
    {
      "type": "Feature",
      "geometry": {
        "type": "Point",
        "coordinates": [
          122.55275,
          -3.94083
        ]
      },
      "properties": {
        "risiko_aktual": "sangat rendah",
        "risiko_prediksi": "Sangat Rendah",
        "probabilitas": 0.9855,
        "curah_hujan": 1991.5,
        "kemiringan": "8-15% (Landai)",
        "jenis_tanah": "Dystrudepts",
        "penggunaan_lahan": "Hutan",
        "skor_drainase": 0.0,
        "warna": "#27ae60"
      }
    },
    {
      "type": "Feature",
      "geometry": {
        "type": "Point",
        "coordinates": [
          122.552998,
          -3.939672
        ]
      },
      "properties": {
        "risiko_aktual": "sangat rendah",
        "risiko_prediksi": "Sangat Rendah",
        "probabilitas": 0.9855,
        "curah_hujan": 1991.5,
        "kemiringan": "15-25% (Agak Curam)",
        "jenis_tanah": "Dystrudepts",
        "penggunaan_lahan": "Hutan",
        "skor_drainase": 0.0,
        "warna": "#27ae60"
      }
    },
    {
      "type": "Feature",
      "geometry": {
        "type": "Point",
        "coordinates": [
          122.553608,
          -3.938675
        ]
      },
      "properties": {
        "risiko_aktual": "sangat rendah",
        "risiko_prediksi": "Sangat Rendah",
        "probabilitas": 0.9855,
        "curah_hujan": 1991.5,
        "kemiringan": "8-15% (Landai)",
        "jenis_tanah": "Dystrudepts",
        "penggunaan_lahan": "Hutan",
        "skor_drainase": 0.0,
        "warna": "#27ae60"
      }
    },
    {
      "type": "Feature",
      "geometry": {
        "type": "Point",
        "coordinates": [
          122.554012,
          -3.938212
        ]
      },
      "properties": {
        "risiko_aktual": "sangat rendah",
        "risiko_prediksi": "Sangat Rendah",
        "probabilitas": 0.9855,
        "curah_hujan": 1991.5,
        "kemiringan": "0-8% (Datar)",
        "jenis_tanah": "Dystrudepts",
        "penggunaan_lahan": "Hutan",
        "skor_drainase": 0.0,
        "warna": "#27ae60"
      }
    },
    {
      "type": "Feature",
      "geometry": {
        "type": "Point",
        "coordinates": [
          122.554579,
          -3.937718
        ]
      },
      "properties": {
        "risiko_aktual": "sangat rendah",
        "risiko_prediksi": "Sangat Rendah",
        "probabilitas": 0.9855,
        "curah_hujan": 1991.5,
        "kemiringan": "0-8% (Datar)",
        "jenis_tanah": "Dystrudepts",
        "penggunaan_lahan": "Hutan",
        "skor_drainase": 0.0,
        "warna": "#27ae60"
      }
    },
    {
      "type": "Feature",
      "geometry": {
        "type": "Point",
        "coordinates": [
          122.55486,
          -3.937426
        ]
      },
      "properties": {
        "risiko_aktual": "sangat rendah",
        "risiko_prediksi": "Sangat Rendah",
        "probabilitas": 0.9855,
        "curah_hujan": 1991.5,
        "kemiringan": "8-15% (Landai)",
        "jenis_tanah": "Dystrudepts",
        "penggunaan_lahan": "Hutan",
        "skor_drainase": 0.0,
        "warna": "#27ae60"
      }
    },
    {
      "type": "Feature",
      "geometry": {
        "type": "Point",
        "coordinates": [
          122.555284,
          -3.936769
        ]
      },
      "properties": {
        "risiko_aktual": "sangat rendah",
        "risiko_prediksi": "Sangat Rendah",
        "probabilitas": 0.9855,
        "curah_hujan": 1991.5,
        "kemiringan": "25-45% (Curam)",
        "jenis_tanah": "Dystrudepts",
        "penggunaan_lahan": "Hutan",
        "skor_drainase": 0.0,
        "warna": "#27ae60"
      }
    },
    {
      "type": "Feature",
      "geometry": {
        "type": "Point",
        "coordinates": [
          122.557645,
          -3.937022
        ]
      },
      "properties": {
        "risiko_aktual": "sangat rendah",
        "risiko_prediksi": "Sangat Rendah",
        "probabilitas": 0.9855,
        "curah_hujan": 1991.5,
        "kemiringan": "25-45% (Curam)",
        "jenis_tanah": "Dystrudepts",
        "penggunaan_lahan": "Hutan",
        "skor_drainase": 0.0,
        "warna": "#27ae60"
      }
    },
    {
      "type": "Feature",
      "geometry": {
        "type": "Point",
        "coordinates": [
          122.559631,
          -3.937519
        ]
      },
      "properties": {
        "risiko_aktual": "sangat rendah",
        "risiko_prediksi": "Sangat Rendah",
        "probabilitas": 0.9855,
        "curah_hujan": 1991.5,
        "kemiringan": "25-45% (Curam)",
        "jenis_tanah": "Dystrudepts",
        "penggunaan_lahan": "Hutan",
        "skor_drainase": 0.0,
        "warna": "#27ae60"
      }
    },
    {
      "type": "Feature",
      "geometry": {
        "type": "Point",
        "coordinates": [
          122.562609,
          -3.938913
        ]
      },
      "properties": {
        "risiko_aktual": "sangat rendah",
        "risiko_prediksi": "Sangat Rendah",
        "probabilitas": 0.9855,
        "curah_hujan": 1991.5,
        "kemiringan": "25-45% (Curam)",
        "jenis_tanah": "Dystrudepts",
        "penggunaan_lahan": "Hutan",
        "skor_drainase": 0.0,
        "warna": "#27ae60"
      }
    },
    {
      "type": "Feature",
      "geometry": {
        "type": "Point",
        "coordinates": [
          122.564496,
          -3.939709
        ]
      },
      "properties": {
        "risiko_aktual": "sangat rendah",
        "risiko_prediksi": "Sangat Rendah",
        "probabilitas": 0.9855,
        "curah_hujan": 1991.5,
        "kemiringan": "25-45% (Curam)",
        "jenis_tanah": "Dystrudepts",
        "penggunaan_lahan": "Hutan",
        "skor_drainase": 0.0,
        "warna": "#27ae60"
      }
    },
    {
      "type": "Feature",
      "geometry": {
        "type": "Point",
        "coordinates": [
          122.565574,
          -3.940055
        ]
      },
      "properties": {
        "risiko_aktual": "sangat rendah",
        "risiko_prediksi": "Sangat Rendah",
        "probabilitas": 0.9855,
        "curah_hujan": 1991.5,
        "kemiringan": "25-45% (Curam)",
        "jenis_tanah": "Dystrudepts",
        "penggunaan_lahan": "Hutan",
        "skor_drainase": 0.0,
        "warna": "#27ae60"
      }
    },
    {
      "type": "Feature",
      "geometry": {
        "type": "Point",
        "coordinates": [
          122.56713,
          -3.939948
        ]
      },
      "properties": {
        "risiko_aktual": "sangat rendah",
        "risiko_prediksi": "Sangat Rendah",
        "probabilitas": 0.9855,
        "curah_hujan": 1991.5,
        "kemiringan": "15-25% (Agak Curam)",
        "jenis_tanah": "Dystrudepts",
        "penggunaan_lahan": "Hutan",
        "skor_drainase": 0.0,
        "warna": "#27ae60"
      }
    },
    {
      "type": "Feature",
      "geometry": {
        "type": "Point",
        "coordinates": [
          122.567776,
          -3.939921
        ]
      },
      "properties": {
        "risiko_aktual": "sangat rendah",
        "risiko_prediksi": "Sangat Rendah",
        "probabilitas": 0.9855,
        "curah_hujan": 1991.5,
        "kemiringan": "15-25% (Agak Curam)",
        "jenis_tanah": "Dystrudepts",
        "penggunaan_lahan": "Hutan",
        "skor_drainase": 0.0,
        "warna": "#27ae60"
      }
    },
    {
      "type": "Feature",
      "geometry": {
        "type": "Point",
        "coordinates": [
          122.57046,
          -3.939894
        ]
      },
      "properties": {
        "risiko_aktual": "sangat rendah",
        "risiko_prediksi": "Sangat Rendah",
        "probabilitas": 0.9855,
        "curah_hujan": 1991.5,
        "kemiringan": "15-25% (Agak Curam)",
        "jenis_tanah": "Dystrudepts",
        "penggunaan_lahan": "Hutan",
        "skor_drainase": 0.0,
        "warna": "#27ae60"
      }
    },
    {
      "type": "Feature",
      "geometry": {
        "type": "Point",
        "coordinates": [
          122.570996,
          -3.93972
        ]
      },
      "properties": {
        "risiko_aktual": "sangat rendah",
        "risiko_prediksi": "Sangat Rendah",
        "probabilitas": 0.9855,
        "curah_hujan": 1991.5,
        "kemiringan": "25-45% (Curam)",
        "jenis_tanah": "Dystrudepts",
        "penggunaan_lahan": "Hutan",
        "skor_drainase": 0.0,
        "warna": "#27ae60"
      }
    },
    {
      "type": "Feature",
      "geometry": {
        "type": "Point",
        "coordinates": [
          122.572634,
          -3.939729
        ]
      },
      "properties": {
        "risiko_aktual": "sangat rendah",
        "risiko_prediksi": "Sangat Rendah",
        "probabilitas": 0.9855,
        "curah_hujan": 1991.5,
        "kemiringan": "15-25% (Agak Curam)",
        "jenis_tanah": "Dystrudepts",
        "penggunaan_lahan": "Hutan",
        "skor_drainase": 0.0,
        "warna": "#27ae60"
      }
    },
    {
      "type": "Feature",
      "geometry": {
        "type": "Point",
        "coordinates": [
          122.57303,
          -3.939614
        ]
      },
      "properties": {
        "risiko_aktual": "sangat rendah",
        "risiko_prediksi": "Sangat Rendah",
        "probabilitas": 0.9855,
        "curah_hujan": 1991.5,
        "kemiringan": "25-45% (Curam)",
        "jenis_tanah": "Dystrudepts",
        "penggunaan_lahan": "Hutan",
        "skor_drainase": 0.0,
        "warna": "#27ae60"
      }
    },
    {
      "type": "Feature",
      "geometry": {
        "type": "Point",
        "coordinates": [
          122.57359,
          -3.94031
        ]
      },
      "properties": {
        "risiko_aktual": "sangat rendah",
        "risiko_prediksi": "Sangat Rendah",
        "probabilitas": 0.9855,
        "curah_hujan": 1991.5,
        "kemiringan": "15-25% (Agak Curam)",
        "jenis_tanah": "Dystrudepts",
        "penggunaan_lahan": "Hutan",
        "skor_drainase": 0.0,
        "warna": "#27ae60"
      }
    },
    {
      "type": "Feature",
      "geometry": {
        "type": "Point",
        "coordinates": [
          122.573874,
          -3.940573
        ]
      },
      "properties": {
        "risiko_aktual": "sangat rendah",
        "risiko_prediksi": "Sangat Rendah",
        "probabilitas": 0.9855,
        "curah_hujan": 1991.5,
        "kemiringan": "25-45% (Curam)",
        "jenis_tanah": "Dystrudepts",
        "penggunaan_lahan": "Hutan",
        "skor_drainase": 0.0,
        "warna": "#27ae60"
      }
    },
    {
      "type": "Feature",
      "geometry": {
        "type": "Point",
        "coordinates": [
          122.574551,
          -3.940807
        ]
      },
      "properties": {
        "risiko_aktual": "sangat rendah",
        "risiko_prediksi": "Sangat Rendah",
        "probabilitas": 0.9855,
        "curah_hujan": 1991.5,
        "kemiringan": "8-15% (Landai)",
        "jenis_tanah": "Dystrudepts",
        "penggunaan_lahan": "Hutan",
        "skor_drainase": 0.0,
        "warna": "#27ae60"
      }
    },
    {
      "type": "Feature",
      "geometry": {
        "type": "Point",
        "coordinates": [
          122.575365,
          -3.94067
        ]
      },
      "properties": {
        "risiko_aktual": "sangat rendah",
        "risiko_prediksi": "Sangat Rendah",
        "probabilitas": 0.9855,
        "curah_hujan": 1991.5,
        "kemiringan": "15-25% (Agak Curam)",
        "jenis_tanah": "Dystrudepts",
        "penggunaan_lahan": "Hutan",
        "skor_drainase": 0.0,
        "warna": "#27ae60"
      }
    },
    {
      "type": "Feature",
      "geometry": {
        "type": "Point",
        "coordinates": [
          122.576125,
          -3.94033
        ]
      },
      "properties": {
        "risiko_aktual": "sangat rendah",
        "risiko_prediksi": "Sangat Rendah",
        "probabilitas": 0.9855,
        "curah_hujan": 1991.5,
        "kemiringan": "15-25% (Agak Curam)",
        "jenis_tanah": "Dystrudepts",
        "penggunaan_lahan": "Hutan",
        "skor_drainase": 0.0,
        "warna": "#27ae60"
      }
    },
    {
      "type": "Feature",
      "geometry": {
        "type": "Point",
        "coordinates": [
          122.57647,
          -3.940078
        ]
      },
      "properties": {
        "risiko_aktual": "sangat rendah",
        "risiko_prediksi": "Sangat Rendah",
        "probabilitas": 0.9855,
        "curah_hujan": 1991.5,
        "kemiringan": "15-25% (Agak Curam)",
        "jenis_tanah": "Dystrudepts",
        "penggunaan_lahan": "Hutan",
        "skor_drainase": 0.0,
        "warna": "#27ae60"
      }
    },
    {
      "type": "Feature",
      "geometry": {
        "type": "Point",
        "coordinates": [
          122.576886,
          -3.939822
        ]
      },
      "properties": {
        "risiko_aktual": "sangat rendah",
        "risiko_prediksi": "Sangat Rendah",
        "probabilitas": 0.9855,
        "curah_hujan": 1991.5,
        "kemiringan": "15-25% (Agak Curam)",
        "jenis_tanah": "Dystrudepts",
        "penggunaan_lahan": "Hutan",
        "skor_drainase": 0.0,
        "warna": "#27ae60"
      }
    },
    {
      "type": "Feature",
      "geometry": {
        "type": "Point",
        "coordinates": [
          122.57765,
          -3.939572
        ]
      },
      "properties": {
        "risiko_aktual": "sangat rendah",
        "risiko_prediksi": "Sangat Rendah",
        "probabilitas": 0.9855,
        "curah_hujan": 1991.5,
        "kemiringan": "15-25% (Agak Curam)",
        "jenis_tanah": "Dystrudepts",
        "penggunaan_lahan": "Hutan",
        "skor_drainase": 0.0,
        "warna": "#27ae60"
      }
    },
    {
      "type": "Feature",
      "geometry": {
        "type": "Point",
        "coordinates": [
          122.578459,
          -3.939413
        ]
      },
      "properties": {
        "risiko_aktual": "sangat rendah",
        "risiko_prediksi": "Sangat Rendah",
        "probabilitas": 0.9855,
        "curah_hujan": 1991.5,
        "kemiringan": "8-15% (Landai)",
        "jenis_tanah": "Dystrudepts",
        "penggunaan_lahan": "Hutan",
        "skor_drainase": 0.0,
        "warna": "#27ae60"
      }
    },
    {
      "type": "Feature",
      "geometry": {
        "type": "Point",
        "coordinates": [
          122.578727,
          -3.939317
        ]
      },
      "properties": {
        "risiko_aktual": "sangat rendah",
        "risiko_prediksi": "Sangat Rendah",
        "probabilitas": 0.9855,
        "curah_hujan": 1991.5,
        "kemiringan": "15-25% (Agak Curam)",
        "jenis_tanah": "Dystrudepts",
        "penggunaan_lahan": "Hutan",
        "skor_drainase": 0.0,
        "warna": "#27ae60"
      }
    },
    {
      "type": "Feature",
      "geometry": {
        "type": "Point",
        "coordinates": [
          122.578901,
          -3.939231
        ]
      },
      "properties": {
        "risiko_aktual": "sangat rendah",
        "risiko_prediksi": "Sangat Rendah",
        "probabilitas": 0.9855,
        "curah_hujan": 1991.5,
        "kemiringan": "15-25% (Agak Curam)",
        "jenis_tanah": "Dystrudepts",
        "penggunaan_lahan": "Hutan",
        "skor_drainase": 0.0,
        "warna": "#27ae60"
      }
    },
    {
      "type": "Feature",
      "geometry": {
        "type": "Point",
        "coordinates": [
          122.580033,
          -3.93922
        ]
      },
      "properties": {
        "risiko_aktual": "sangat rendah",
        "risiko_prediksi": "Sangat Rendah",
        "probabilitas": 0.9855,
        "curah_hujan": 1991.5,
        "kemiringan": ">45% (Sangat Curam)",
        "jenis_tanah": "Dystrudepts",
        "penggunaan_lahan": "Hutan",
        "skor_drainase": 0.0,
        "warna": "#27ae60"
      }
    },
    {
      "type": "Feature",
      "geometry": {
        "type": "Point",
        "coordinates": [
          122.581653,
          -3.939238
        ]
      },
      "properties": {
        "risiko_aktual": "sangat rendah",
        "risiko_prediksi": "Sangat Rendah",
        "probabilitas": 0.9855,
        "curah_hujan": 1991.5,
        "kemiringan": "25-45% (Curam)",
        "jenis_tanah": "Dystrudepts",
        "penggunaan_lahan": "Hutan",
        "skor_drainase": 0.0,
        "warna": "#27ae60"
      }
    },
    {
      "type": "Feature",
      "geometry": {
        "type": "Point",
        "coordinates": [
          122.581885,
          -3.939575
        ]
      },
      "properties": {
        "risiko_aktual": "sangat rendah",
        "risiko_prediksi": "Sangat Rendah",
        "probabilitas": 0.9855,
        "curah_hujan": 1991.5,
        "kemiringan": "15-25% (Agak Curam)",
        "jenis_tanah": "Dystrudepts",
        "penggunaan_lahan": "Hutan",
        "skor_drainase": 0.0,
        "warna": "#27ae60"
      }
    },
    {
      "type": "Feature",
      "geometry": {
        "type": "Point",
        "coordinates": [
          122.582005,
          -3.93984
        ]
      },
      "properties": {
        "risiko_aktual": "sangat rendah",
        "risiko_prediksi": "Sangat Rendah",
        "probabilitas": 0.9855,
        "curah_hujan": 1991.5,
        "kemiringan": ">45% (Sangat Curam)",
        "jenis_tanah": "Dystrudepts",
        "penggunaan_lahan": "Hutan",
        "skor_drainase": 0.0,
        "warna": "#27ae60"
      }
    },
    {
      "type": "Feature",
      "geometry": {
        "type": "Point",
        "coordinates": [
          122.582127,
          -3.94027
        ]
      },
      "properties": {
        "risiko_aktual": "sangat rendah",
        "risiko_prediksi": "Sangat Rendah",
        "probabilitas": 0.9855,
        "curah_hujan": 1991.5,
        "kemiringan": ">45% (Sangat Curam)",
        "jenis_tanah": "Dystrudepts",
        "penggunaan_lahan": "Hutan",
        "skor_drainase": 0.0,
        "warna": "#27ae60"
      }
    },
    {
      "type": "Feature",
      "geometry": {
        "type": "Point",
        "coordinates": [
          122.582335,
          -3.941157
        ]
      },
      "properties": {
        "risiko_aktual": "sangat rendah",
        "risiko_prediksi": "Sangat Rendah",
        "probabilitas": 0.9855,
        "curah_hujan": 1991.5,
        "kemiringan": ">45% (Sangat Curam)",
        "jenis_tanah": "Dystrudepts",
        "penggunaan_lahan": "Hutan",
        "skor_drainase": 0.0,
        "warna": "#27ae60"
      }
    },
    {
      "type": "Feature",
      "geometry": {
        "type": "Point",
        "coordinates": [
          122.58254,
          -3.941542
        ]
      },
      "properties": {
        "risiko_aktual": "sangat rendah",
        "risiko_prediksi": "Sangat Rendah",
        "probabilitas": 0.9855,
        "curah_hujan": 1991.5,
        "kemiringan": ">45% (Sangat Curam)",
        "jenis_tanah": "Dystrudepts",
        "penggunaan_lahan": "Hutan",
        "skor_drainase": 0.0,
        "warna": "#27ae60"
      }
    },
    {
      "type": "Feature",
      "geometry": {
        "type": "Point",
        "coordinates": [
          122.582795,
          -3.941983
        ]
      },
      "properties": {
        "risiko_aktual": "sangat rendah",
        "risiko_prediksi": "Sangat Rendah",
        "probabilitas": 0.9855,
        "curah_hujan": 1991.5,
        "kemiringan": "25-45% (Curam)",
        "jenis_tanah": "Dystrudepts",
        "penggunaan_lahan": "Hutan",
        "skor_drainase": 0.0,
        "warna": "#27ae60"
      }
    },
    {
      "type": "Feature",
      "geometry": {
        "type": "Point",
        "coordinates": [
          122.583073,
          -3.942727
        ]
      },
      "properties": {
        "risiko_aktual": "sangat rendah",
        "risiko_prediksi": "Sangat Rendah",
        "probabilitas": 0.9855,
        "curah_hujan": 1991.5,
        "kemiringan": "25-45% (Curam)",
        "jenis_tanah": "Dystrudepts",
        "penggunaan_lahan": "Hutan",
        "skor_drainase": 0.0,
        "warna": "#27ae60"
      }
    },
    {
      "type": "Feature",
      "geometry": {
        "type": "Point",
        "coordinates": [
          122.58318,
          -3.943358
        ]
      },
      "properties": {
        "risiko_aktual": "sangat rendah",
        "risiko_prediksi": "Sangat Rendah",
        "probabilitas": 0.9855,
        "curah_hujan": 1991.5,
        "kemiringan": "25-45% (Curam)",
        "jenis_tanah": "Dystrudepts",
        "penggunaan_lahan": "Hutan",
        "skor_drainase": 0.0,
        "warna": "#27ae60"
      }
    },
    {
      "type": "Feature",
      "geometry": {
        "type": "Point",
        "coordinates": [
          122.583222,
          -3.944374
        ]
      },
      "properties": {
        "risiko_aktual": "sangat rendah",
        "risiko_prediksi": "Sangat Rendah",
        "probabilitas": 0.9855,
        "curah_hujan": 1991.5,
        "kemiringan": ">45% (Sangat Curam)",
        "jenis_tanah": "Dystrudepts",
        "penggunaan_lahan": "Hutan",
        "skor_drainase": 0.0,
        "warna": "#27ae60"
      }
    },
    {
      "type": "Feature",
      "geometry": {
        "type": "Point",
        "coordinates": [
          122.583018,
          -3.944833
        ]
      },
      "properties": {
        "risiko_aktual": "sangat rendah",
        "risiko_prediksi": "Sangat Rendah",
        "probabilitas": 0.9855,
        "curah_hujan": 1991.5,
        "kemiringan": "25-45% (Curam)",
        "jenis_tanah": "Dystrudepts",
        "penggunaan_lahan": "Hutan",
        "skor_drainase": 0.0,
        "warna": "#27ae60"
      }
    },
    {
      "type": "Feature",
      "geometry": {
        "type": "Point",
        "coordinates": [
          122.582861,
          -3.945162
        ]
      },
      "properties": {
        "risiko_aktual": "sangat rendah",
        "risiko_prediksi": "Sangat Rendah",
        "probabilitas": 0.9855,
        "curah_hujan": 1991.5,
        "kemiringan": "25-45% (Curam)",
        "jenis_tanah": "Dystrudepts",
        "penggunaan_lahan": "Hutan",
        "skor_drainase": 0.0,
        "warna": "#27ae60"
      }
    },
    {
      "type": "Feature",
      "geometry": {
        "type": "Point",
        "coordinates": [
          122.582927,
          -3.945483
        ]
      },
      "properties": {
        "risiko_aktual": "sangat rendah",
        "risiko_prediksi": "Sangat Rendah",
        "probabilitas": 0.9855,
        "curah_hujan": 1991.5,
        "kemiringan": ">45% (Sangat Curam)",
        "jenis_tanah": "Dystrudepts",
        "penggunaan_lahan": "Hutan",
        "skor_drainase": 0.0,
        "warna": "#27ae60"
      }
    },
    {
      "type": "Feature",
      "geometry": {
        "type": "Point",
        "coordinates": [
          122.583103,
          -3.945858
        ]
      },
      "properties": {
        "risiko_aktual": "sangat rendah",
        "risiko_prediksi": "Sangat Rendah",
        "probabilitas": 0.9855,
        "curah_hujan": 1991.5,
        "kemiringan": "25-45% (Curam)",
        "jenis_tanah": "Dystrudepts",
        "penggunaan_lahan": "Hutan",
        "skor_drainase": 0.0,
        "warna": "#27ae60"
      }
    },
    {
      "type": "Feature",
      "geometry": {
        "type": "Point",
        "coordinates": [
          122.583213,
          -3.946343
        ]
      },
      "properties": {
        "risiko_aktual": "sangat rendah",
        "risiko_prediksi": "Sangat Rendah",
        "probabilitas": 0.9855,
        "curah_hujan": 1991.5,
        "kemiringan": "25-45% (Curam)",
        "jenis_tanah": "Dystrudepts",
        "penggunaan_lahan": "Hutan",
        "skor_drainase": 0.0,
        "warna": "#27ae60"
      }
    },
    {
      "type": "Feature",
      "geometry": {
        "type": "Point",
        "coordinates": [
          122.583168,
          -3.946878
        ]
      },
      "properties": {
        "risiko_aktual": "sangat rendah",
        "risiko_prediksi": "Sangat Rendah",
        "probabilitas": 0.9855,
        "curah_hujan": 1991.5,
        "kemiringan": "25-45% (Curam)",
        "jenis_tanah": "Dystrudepts",
        "penggunaan_lahan": "Hutan",
        "skor_drainase": 0.0,
        "warna": "#27ae60"
      }
    },
    {
      "type": "Feature",
      "geometry": {
        "type": "Point",
        "coordinates": [
          122.582995,
          -3.947253
        ]
      },
      "properties": {
        "risiko_aktual": "sangat rendah",
        "risiko_prediksi": "Sangat Rendah",
        "probabilitas": 0.9855,
        "curah_hujan": 1991.5,
        "kemiringan": "25-45% (Curam)",
        "jenis_tanah": "Dystrudepts",
        "penggunaan_lahan": "Hutan",
        "skor_drainase": 0.0,
        "warna": "#27ae60"
      }
    },
    {
      "type": "Feature",
      "geometry": {
        "type": "Point",
        "coordinates": [
          122.582947,
          -3.947661
        ]
      },
      "properties": {
        "risiko_aktual": "sangat rendah",
        "risiko_prediksi": "Sangat Rendah",
        "probabilitas": 0.9855,
        "curah_hujan": 1991.5,
        "kemiringan": ">45% (Sangat Curam)",
        "jenis_tanah": "Dystrudepts",
        "penggunaan_lahan": "Hutan",
        "skor_drainase": 0.0,
        "warna": "#27ae60"
      }
    },
    {
      "type": "Feature",
      "geometry": {
        "type": "Point",
        "coordinates": [
          122.583036,
          -3.948105
        ]
      },
      "properties": {
        "risiko_aktual": "sangat rendah",
        "risiko_prediksi": "Sangat Rendah",
        "probabilitas": 0.9855,
        "curah_hujan": 1991.5,
        "kemiringan": ">45% (Sangat Curam)",
        "jenis_tanah": "Dystrudepts",
        "penggunaan_lahan": "Hutan",
        "skor_drainase": 0.0,
        "warna": "#27ae60"
      }
    },
    {
      "type": "Feature",
      "geometry": {
        "type": "Point",
        "coordinates": [
          122.582999,
          -3.948589
        ]
      },
      "properties": {
        "risiko_aktual": "sangat rendah",
        "risiko_prediksi": "Sangat Rendah",
        "probabilitas": 0.9855,
        "curah_hujan": 1991.5,
        "kemiringan": ">45% (Sangat Curam)",
        "jenis_tanah": "Dystrudepts",
        "penggunaan_lahan": "Hutan",
        "skor_drainase": 0.0,
        "warna": "#27ae60"
      }
    },
    {
      "type": "Feature",
      "geometry": {
        "type": "Point",
        "coordinates": [
          122.582779,
          -3.949024
        ]
      },
      "properties": {
        "risiko_aktual": "sangat rendah",
        "risiko_prediksi": "Sangat Rendah",
        "probabilitas": 0.9855,
        "curah_hujan": 1991.5,
        "kemiringan": "25-45% (Curam)",
        "jenis_tanah": "Dystrudepts",
        "penggunaan_lahan": "Hutan",
        "skor_drainase": 0.0,
        "warna": "#27ae60"
      }
    },
    {
      "type": "Feature",
      "geometry": {
        "type": "Point",
        "coordinates": [
          122.582628,
          -3.949188
        ]
      },
      "properties": {
        "risiko_aktual": "sangat rendah",
        "risiko_prediksi": "Sangat Rendah",
        "probabilitas": 0.9855,
        "curah_hujan": 1991.5,
        "kemiringan": "15-25% (Agak Curam)",
        "jenis_tanah": "Dystrudepts",
        "penggunaan_lahan": "Hutan",
        "skor_drainase": 0.0,
        "warna": "#27ae60"
      }
    },
    {
      "type": "Feature",
      "geometry": {
        "type": "Point",
        "coordinates": [
          122.582509,
          -3.949368
        ]
      },
      "properties": {
        "risiko_aktual": "sangat rendah",
        "risiko_prediksi": "Sangat Rendah",
        "probabilitas": 0.9855,
        "curah_hujan": 1991.5,
        "kemiringan": "15-25% (Agak Curam)",
        "jenis_tanah": "Dystrudepts",
        "penggunaan_lahan": "Hutan",
        "skor_drainase": 0.0,
        "warna": "#27ae60"
      }
    },
    {
      "type": "Feature",
      "geometry": {
        "type": "Point",
        "coordinates": [
          122.582427,
          -3.949581
        ]
      },
      "properties": {
        "risiko_aktual": "sangat rendah",
        "risiko_prediksi": "Sangat Rendah",
        "probabilitas": 0.9855,
        "curah_hujan": 1991.5,
        "kemiringan": "25-45% (Curam)",
        "jenis_tanah": "Dystrudepts",
        "penggunaan_lahan": "Hutan",
        "skor_drainase": 0.0,
        "warna": "#27ae60"
      }
    },
    {
      "type": "Feature",
      "geometry": {
        "type": "Point",
        "coordinates": [
          122.582278,
          -3.950065
        ]
      },
      "properties": {
        "risiko_aktual": "sangat rendah",
        "risiko_prediksi": "Sangat Rendah",
        "probabilitas": 0.9855,
        "curah_hujan": 1991.5,
        "kemiringan": "15-25% (Agak Curam)",
        "jenis_tanah": "Dystrudepts",
        "penggunaan_lahan": "Hutan",
        "skor_drainase": 0.0,
        "warna": "#27ae60"
      }
    },
    {
      "type": "Feature",
      "geometry": {
        "type": "Point",
        "coordinates": [
          122.582064,
          -3.950329
        ]
      },
      "properties": {
        "risiko_aktual": "sangat rendah",
        "risiko_prediksi": "Sangat Rendah",
        "probabilitas": 0.9855,
        "curah_hujan": 1991.5,
        "kemiringan": "25-45% (Curam)",
        "jenis_tanah": "Dystrudepts",
        "penggunaan_lahan": "Hutan",
        "skor_drainase": 0.0,
        "warna": "#27ae60"
      }
    },
    {
      "type": "Feature",
      "geometry": {
        "type": "Point",
        "coordinates": [
          122.581817,
          -3.950599
        ]
      },
      "properties": {
        "risiko_aktual": "sangat rendah",
        "risiko_prediksi": "Sangat Rendah",
        "probabilitas": 0.9855,
        "curah_hujan": 1991.5,
        "kemiringan": "15-25% (Agak Curam)",
        "jenis_tanah": "Dystrudepts",
        "penggunaan_lahan": "Hutan",
        "skor_drainase": 0.0,
        "warna": "#27ae60"
      }
    },
    {
      "type": "Feature",
      "geometry": {
        "type": "Point",
        "coordinates": [
          122.581734,
          -3.950758
        ]
      },
      "properties": {
        "risiko_aktual": "sangat rendah",
        "risiko_prediksi": "Sangat Rendah",
        "probabilitas": 0.9855,
        "curah_hujan": 1991.5,
        "kemiringan": "15-25% (Agak Curam)",
        "jenis_tanah": "Dystrudepts",
        "penggunaan_lahan": "Hutan",
        "skor_drainase": 0.0,
        "warna": "#27ae60"
      }
    },
    {
      "type": "Feature",
      "geometry": {
        "type": "Point",
        "coordinates": [
          122.581706,
          -3.950834
        ]
      },
      "properties": {
        "risiko_aktual": "sangat rendah",
        "risiko_prediksi": "Sangat Rendah",
        "probabilitas": 0.9855,
        "curah_hujan": 1991.5,
        "kemiringan": "15-25% (Agak Curam)",
        "jenis_tanah": "Dystrudepts",
        "penggunaan_lahan": "Hutan",
        "skor_drainase": 0.0,
        "warna": "#27ae60"
      }
    },
    {
      "type": "Feature",
      "geometry": {
        "type": "Point",
        "coordinates": [
          122.581686,
          -3.950955
        ]
      },
      "properties": {
        "risiko_aktual": "sangat rendah",
        "risiko_prediksi": "Sangat Rendah",
        "probabilitas": 0.9855,
        "curah_hujan": 1991.5,
        "kemiringan": "25-45% (Curam)",
        "jenis_tanah": "Dystrudepts",
        "penggunaan_lahan": "Hutan",
        "skor_drainase": 0.0,
        "warna": "#27ae60"
      }
    },
    {
      "type": "Feature",
      "geometry": {
        "type": "Point",
        "coordinates": [
          122.581682,
          -3.951168
        ]
      },
      "properties": {
        "risiko_aktual": "sangat rendah",
        "risiko_prediksi": "Sangat Rendah",
        "probabilitas": 0.9855,
        "curah_hujan": 1991.5,
        "kemiringan": "25-45% (Curam)",
        "jenis_tanah": "Dystrudepts",
        "penggunaan_lahan": "Hutan",
        "skor_drainase": 0.0,
        "warna": "#27ae60"
      }
    },
    {
      "type": "Feature",
      "geometry": {
        "type": "Point",
        "coordinates": [
          122.581722,
          -3.95136
        ]
      },
      "properties": {
        "risiko_aktual": "sangat rendah",
        "risiko_prediksi": "Sangat Rendah",
        "probabilitas": 0.9855,
        "curah_hujan": 1991.5,
        "kemiringan": ">45% (Sangat Curam)",
        "jenis_tanah": "Dystrudepts",
        "penggunaan_lahan": "Hutan",
        "skor_drainase": 0.0,
        "warna": "#27ae60"
      }
    },
    {
      "type": "Feature",
      "geometry": {
        "type": "Point",
        "coordinates": [
          122.581804,
          -3.951512
        ]
      },
      "properties": {
        "risiko_aktual": "sangat rendah",
        "risiko_prediksi": "Sangat Rendah",
        "probabilitas": 0.9855,
        "curah_hujan": 1991.5,
        "kemiringan": "25-45% (Curam)",
        "jenis_tanah": "Dystrudepts",
        "penggunaan_lahan": "Hutan",
        "skor_drainase": 0.0,
        "warna": "#27ae60"
      }
    },
    {
      "type": "Feature",
      "geometry": {
        "type": "Point",
        "coordinates": [
          122.581952,
          -3.951622
        ]
      },
      "properties": {
        "risiko_aktual": "sangat rendah",
        "risiko_prediksi": "Sangat Rendah",
        "probabilitas": 0.9855,
        "curah_hujan": 1991.5,
        "kemiringan": "25-45% (Curam)",
        "jenis_tanah": "Dystrudepts",
        "penggunaan_lahan": "Hutan",
        "skor_drainase": 0.0,
        "warna": "#27ae60"
      }
    },
    {
      "type": "Feature",
      "geometry": {
        "type": "Point",
        "coordinates": [
          122.582022,
          -3.951642
        ]
      },
      "properties": {
        "risiko_aktual": "sangat rendah",
        "risiko_prediksi": "Sangat Rendah",
        "probabilitas": 0.9855,
        "curah_hujan": 1991.5,
        "kemiringan": "8-15% (Landai)",
        "jenis_tanah": "Dystrudepts",
        "penggunaan_lahan": "Hutan",
        "skor_drainase": 0.0,
        "warna": "#27ae60"
      }
    },
    {
      "type": "Feature",
      "geometry": {
        "type": "Point",
        "coordinates": [
          122.582189,
          -3.951668
        ]
      },
      "properties": {
        "risiko_aktual": "sangat rendah",
        "risiko_prediksi": "Sangat Rendah",
        "probabilitas": 0.9855,
        "curah_hujan": 1991.5,
        "kemiringan": "8-15% (Landai)",
        "jenis_tanah": "Dystrudepts",
        "penggunaan_lahan": "Hutan",
        "skor_drainase": 0.0,
        "warna": "#27ae60"
      }
    },
    {
      "type": "Feature",
      "geometry": {
        "type": "Point",
        "coordinates": [
          122.582366,
          -3.951681
        ]
      },
      "properties": {
        "risiko_aktual": "sangat rendah",
        "risiko_prediksi": "Sangat Rendah",
        "probabilitas": 0.9855,
        "curah_hujan": 1991.5,
        "kemiringan": "15-25% (Agak Curam)",
        "jenis_tanah": "Dystrudepts",
        "penggunaan_lahan": "Hutan",
        "skor_drainase": 0.0,
        "warna": "#27ae60"
      }
    },
    {
      "type": "Feature",
      "geometry": {
        "type": "Point",
        "coordinates": [
          122.582528,
          -3.951715
        ]
      },
      "properties": {
        "risiko_aktual": "sangat rendah",
        "risiko_prediksi": "Sangat Rendah",
        "probabilitas": 0.9855,
        "curah_hujan": 1991.5,
        "kemiringan": "15-25% (Agak Curam)",
        "jenis_tanah": "Dystrudepts",
        "penggunaan_lahan": "Hutan",
        "skor_drainase": 0.0,
        "warna": "#27ae60"
      }
    },
    {
      "type": "Feature",
      "geometry": {
        "type": "Point",
        "coordinates": [
          122.582671,
          -3.951767
        ]
      },
      "properties": {
        "risiko_aktual": "sangat rendah",
        "risiko_prediksi": "Sangat Rendah",
        "probabilitas": 0.9855,
        "curah_hujan": 1991.5,
        "kemiringan": "15-25% (Agak Curam)",
        "jenis_tanah": "Dystrudepts",
        "penggunaan_lahan": "Hutan",
        "skor_drainase": 0.0,
        "warna": "#27ae60"
      }
    },
    {
      "type": "Feature",
      "geometry": {
        "type": "Point",
        "coordinates": [
          122.582801,
          -3.951863
        ]
      },
      "properties": {
        "risiko_aktual": "sangat rendah",
        "risiko_prediksi": "Sangat Rendah",
        "probabilitas": 0.9855,
        "curah_hujan": 1991.5,
        "kemiringan": "25-45% (Curam)",
        "jenis_tanah": "Dystrudepts",
        "penggunaan_lahan": "Hutan",
        "skor_drainase": 0.0,
        "warna": "#27ae60"
      }
    },
    {
      "type": "Feature",
      "geometry": {
        "type": "Point",
        "coordinates": [
          122.582872,
          -3.951934
        ]
      },
      "properties": {
        "risiko_aktual": "sangat rendah",
        "risiko_prediksi": "Sangat Rendah",
        "probabilitas": 0.9855,
        "curah_hujan": 1991.5,
        "kemiringan": "25-45% (Curam)",
        "jenis_tanah": "Dystrudepts",
        "penggunaan_lahan": "Hutan",
        "skor_drainase": 0.0,
        "warna": "#27ae60"
      }
    },
    {
      "type": "Feature",
      "geometry": {
        "type": "Point",
        "coordinates": [
          122.583015,
          -3.952107
        ]
      },
      "properties": {
        "risiko_aktual": "sangat rendah",
        "risiko_prediksi": "Sangat Rendah",
        "probabilitas": 0.9855,
        "curah_hujan": 1991.5,
        "kemiringan": "25-45% (Curam)",
        "jenis_tanah": "Dystrudepts",
        "penggunaan_lahan": "Hutan",
        "skor_drainase": 0.0,
        "warna": "#27ae60"
      }
    },
    {
      "type": "Feature",
      "geometry": {
        "type": "Point",
        "coordinates": [
          122.583123,
          -3.952188
        ]
      },
      "properties": {
        "risiko_aktual": "sangat rendah",
        "risiko_prediksi": "Sangat Rendah",
        "probabilitas": 0.9855,
        "curah_hujan": 1991.5,
        "kemiringan": "25-45% (Curam)",
        "jenis_tanah": "Dystrudepts",
        "penggunaan_lahan": "Hutan",
        "skor_drainase": 0.0,
        "warna": "#27ae60"
      }
    },
    {
      "type": "Feature",
      "geometry": {
        "type": "Point",
        "coordinates": [
          122.583244,
          -3.952268
        ]
      },
      "properties": {
        "risiko_aktual": "sangat rendah",
        "risiko_prediksi": "Sangat Rendah",
        "probabilitas": 0.9855,
        "curah_hujan": 1991.5,
        "kemiringan": "25-45% (Curam)",
        "jenis_tanah": "Dystrudepts",
        "penggunaan_lahan": "Hutan",
        "skor_drainase": 0.0,
        "warna": "#27ae60"
      }
    },
    {
      "type": "Feature",
      "geometry": {
        "type": "Point",
        "coordinates": [
          122.583383,
          -3.952344
        ]
      },
      "properties": {
        "risiko_aktual": "sangat rendah",
        "risiko_prediksi": "Sangat Rendah",
        "probabilitas": 0.9855,
        "curah_hujan": 1991.5,
        "kemiringan": "25-45% (Curam)",
        "jenis_tanah": "Dystrudepts",
        "penggunaan_lahan": "Hutan",
        "skor_drainase": 0.0,
        "warna": "#27ae60"
      }
    },
    {
      "type": "Feature",
      "geometry": {
        "type": "Point",
        "coordinates": [
          122.583529,
          -3.952451
        ]
      },
      "properties": {
        "risiko_aktual": "sangat rendah",
        "risiko_prediksi": "Sangat Rendah",
        "probabilitas": 0.9855,
        "curah_hujan": 1991.5,
        "kemiringan": "25-45% (Curam)",
        "jenis_tanah": "Dystrudepts",
        "penggunaan_lahan": "Hutan",
        "skor_drainase": 0.0,
        "warna": "#27ae60"
      }
    },
    {
      "type": "Feature",
      "geometry": {
        "type": "Point",
        "coordinates": [
          122.583587,
          -3.952516
        ]
      },
      "properties": {
        "risiko_aktual": "sangat rendah",
        "risiko_prediksi": "Sangat Rendah",
        "probabilitas": 0.9855,
        "curah_hujan": 1991.5,
        "kemiringan": "15-25% (Agak Curam)",
        "jenis_tanah": "Dystrudepts",
        "penggunaan_lahan": "Hutan",
        "skor_drainase": 0.0,
        "warna": "#27ae60"
      }
    },
    {
      "type": "Feature",
      "geometry": {
        "type": "Point",
        "coordinates": [
          122.58367,
          -3.952652
        ]
      },
      "properties": {
        "risiko_aktual": "sangat rendah",
        "risiko_prediksi": "Sangat Rendah",
        "probabilitas": 0.9855,
        "curah_hujan": 1991.5,
        "kemiringan": "15-25% (Agak Curam)",
        "jenis_tanah": "Dystrudepts",
        "penggunaan_lahan": "Hutan",
        "skor_drainase": 0.0,
        "warna": "#27ae60"
      }
    },
    {
      "type": "Feature",
      "geometry": {
        "type": "Point",
        "coordinates": [
          122.583739,
          -3.952852
        ]
      },
      "properties": {
        "risiko_aktual": "sangat rendah",
        "risiko_prediksi": "Sangat Rendah",
        "probabilitas": 0.9855,
        "curah_hujan": 1991.5,
        "kemiringan": "25-45% (Curam)",
        "jenis_tanah": "Dystrudepts",
        "penggunaan_lahan": "Hutan",
        "skor_drainase": 0.0,
        "warna": "#27ae60"
      }
    },
    {
      "type": "Feature",
      "geometry": {
        "type": "Point",
        "coordinates": [
          122.583777,
          -3.953203
        ]
      },
      "properties": {
        "risiko_aktual": "sangat rendah",
        "risiko_prediksi": "Sangat Rendah",
        "probabilitas": 0.9855,
        "curah_hujan": 1991.5,
        "kemiringan": ">45% (Sangat Curam)",
        "jenis_tanah": "Dystrudepts",
        "penggunaan_lahan": "Hutan",
        "skor_drainase": 0.0,
        "warna": "#27ae60"
      }
    },
    {
      "type": "Feature",
      "geometry": {
        "type": "Point",
        "coordinates": [
          122.583786,
          -3.953389
        ]
      },
      "properties": {
        "risiko_aktual": "sangat rendah",
        "risiko_prediksi": "Sangat Rendah",
        "probabilitas": 0.9855,
        "curah_hujan": 1991.5,
        "kemiringan": ">45% (Sangat Curam)",
        "jenis_tanah": "Dystrudepts",
        "penggunaan_lahan": "Hutan",
        "skor_drainase": 0.0,
        "warna": "#27ae60"
      }
    },
    {
      "type": "Feature",
      "geometry": {
        "type": "Point",
        "coordinates": [
          122.58376,
          -3.95369
        ]
      },
      "properties": {
        "risiko_aktual": "sangat rendah",
        "risiko_prediksi": "Sangat Rendah",
        "probabilitas": 0.9855,
        "curah_hujan": 1991.5,
        "kemiringan": ">45% (Sangat Curam)",
        "jenis_tanah": "Dystrudepts",
        "penggunaan_lahan": "Hutan",
        "skor_drainase": 0.0,
        "warna": "#27ae60"
      }
    },
    {
      "type": "Feature",
      "geometry": {
        "type": "Point",
        "coordinates": [
          122.583711,
          -3.953837
        ]
      },
      "properties": {
        "risiko_aktual": "sangat rendah",
        "risiko_prediksi": "Sangat Rendah",
        "probabilitas": 0.9855,
        "curah_hujan": 1991.5,
        "kemiringan": "25-45% (Curam)",
        "jenis_tanah": "Dystrudepts",
        "penggunaan_lahan": "Hutan",
        "skor_drainase": 0.0,
        "warna": "#27ae60"
      }
    },
    {
      "type": "Feature",
      "geometry": {
        "type": "Point",
        "coordinates": [
          122.583565,
          -3.954766
        ]
      },
      "properties": {
        "risiko_aktual": "sangat rendah",
        "risiko_prediksi": "Sangat Rendah",
        "probabilitas": 0.9855,
        "curah_hujan": 1991.5,
        "kemiringan": "15-25% (Agak Curam)",
        "jenis_tanah": "Dystrudepts",
        "penggunaan_lahan": "Hutan",
        "skor_drainase": 0.0,
        "warna": "#27ae60"
      }
    },
    {
      "type": "Feature",
      "geometry": {
        "type": "Point",
        "coordinates": [
          122.583088,
          -3.957024
        ]
      },
      "properties": {
        "risiko_aktual": "sangat rendah",
        "risiko_prediksi": "Sangat Rendah",
        "probabilitas": 0.9855,
        "curah_hujan": 1991.5,
        "kemiringan": ">45% (Sangat Curam)",
        "jenis_tanah": "Dystrudepts",
        "penggunaan_lahan": "Hutan",
        "skor_drainase": 0.0,
        "warna": "#27ae60"
      }
    },
    {
      "type": "Feature",
      "geometry": {
        "type": "Point",
        "coordinates": [
          122.583088,
          -3.957146
        ]
      },
      "properties": {
        "risiko_aktual": "sangat rendah",
        "risiko_prediksi": "Sangat Rendah",
        "probabilitas": 0.9855,
        "curah_hujan": 1991.5,
        "kemiringan": ">45% (Sangat Curam)",
        "jenis_tanah": "Dystrudepts",
        "penggunaan_lahan": "Hutan",
        "skor_drainase": 0.0,
        "warna": "#27ae60"
      }
    },
    {
      "type": "Feature",
      "geometry": {
        "type": "Point",
        "coordinates": [
          122.58279,
          -3.958226
        ]
      },
      "properties": {
        "risiko_aktual": "sangat rendah",
        "risiko_prediksi": "Sangat Rendah",
        "probabilitas": 0.9855,
        "curah_hujan": 1991.5,
        "kemiringan": "25-45% (Curam)",
        "jenis_tanah": "Dystrudepts",
        "penggunaan_lahan": "Hutan",
        "skor_drainase": 0.0,
        "warna": "#27ae60"
      }
    },
    {
      "type": "Feature",
      "geometry": {
        "type": "Point",
        "coordinates": [
          122.582716,
          -3.958652
        ]
      },
      "properties": {
        "risiko_aktual": "sangat rendah",
        "risiko_prediksi": "Sangat Rendah",
        "probabilitas": 0.9855,
        "curah_hujan": 1991.5,
        "kemiringan": "25-45% (Curam)",
        "jenis_tanah": "Dystrudepts",
        "penggunaan_lahan": "Hutan",
        "skor_drainase": 0.0,
        "warna": "#27ae60"
      }
    },
    {
      "type": "Feature",
      "geometry": {
        "type": "Point",
        "coordinates": [
          122.582887,
          -3.959326
        ]
      },
      "properties": {
        "risiko_aktual": "sangat rendah",
        "risiko_prediksi": "Sangat Rendah",
        "probabilitas": 0.9855,
        "curah_hujan": 1991.5,
        "kemiringan": "15-25% (Agak Curam)",
        "jenis_tanah": "Dystrudepts",
        "penggunaan_lahan": "Hutan",
        "skor_drainase": 0.0,
        "warna": "#27ae60"
      }
    },
    {
      "type": "Feature",
      "geometry": {
        "type": "Point",
        "coordinates": [
          122.582974,
          -3.959501
        ]
      },
      "properties": {
        "risiko_aktual": "sangat rendah",
        "risiko_prediksi": "Sangat Rendah",
        "probabilitas": 0.9855,
        "curah_hujan": 1991.5,
        "kemiringan": "15-25% (Agak Curam)",
        "jenis_tanah": "Dystrudepts",
        "penggunaan_lahan": "Hutan",
        "skor_drainase": 0.0,
        "warna": "#27ae60"
      }
    },
    {
      "type": "Feature",
      "geometry": {
        "type": "Point",
        "coordinates": [
          122.583132,
          -3.959945
        ]
      },
      "properties": {
        "risiko_aktual": "sangat rendah",
        "risiko_prediksi": "Sangat Rendah",
        "probabilitas": 0.9855,
        "curah_hujan": 1991.5,
        "kemiringan": "25-45% (Curam)",
        "jenis_tanah": "Dystrudepts",
        "penggunaan_lahan": "Hutan",
        "skor_drainase": 0.0,
        "warna": "#27ae60"
      }
    },
    {
      "type": "Feature",
      "geometry": {
        "type": "Point",
        "coordinates": [
          122.583074,
          -3.960844
        ]
      },
      "properties": {
        "risiko_aktual": "sangat rendah",
        "risiko_prediksi": "Sangat Rendah",
        "probabilitas": 0.9855,
        "curah_hujan": 1991.5,
        "kemiringan": "8-15% (Landai)",
        "jenis_tanah": "Dystrudepts",
        "penggunaan_lahan": "Hutan",
        "skor_drainase": 0.0,
        "warna": "#27ae60"
      }
    },
    {
      "type": "Feature",
      "geometry": {
        "type": "Point",
        "coordinates": [
          122.583542,
          -3.961873
        ]
      },
      "properties": {
        "risiko_aktual": "sangat rendah",
        "risiko_prediksi": "Sangat Rendah",
        "probabilitas": 0.9855,
        "curah_hujan": 1991.5,
        "kemiringan": "25-45% (Curam)",
        "jenis_tanah": "Dystrudepts",
        "penggunaan_lahan": "Hutan",
        "skor_drainase": 0.0,
        "warna": "#27ae60"
      }
    },
    {
      "type": "Feature",
      "geometry": {
        "type": "Point",
        "coordinates": [
          122.583596,
          -3.962189
        ]
      },
      "properties": {
        "risiko_aktual": "sangat rendah",
        "risiko_prediksi": "Sangat Rendah",
        "probabilitas": 0.9855,
        "curah_hujan": 1991.5,
        "kemiringan": "15-25% (Agak Curam)",
        "jenis_tanah": "Dystrudepts",
        "penggunaan_lahan": "Hutan",
        "skor_drainase": 0.0,
        "warna": "#27ae60"
      }
    },
    {
      "type": "Feature",
      "geometry": {
        "type": "Point",
        "coordinates": [
          122.583681,
          -3.962597
        ]
      },
      "properties": {
        "risiko_aktual": "sangat rendah",
        "risiko_prediksi": "Sangat Rendah",
        "probabilitas": 0.9855,
        "curah_hujan": 1991.5,
        "kemiringan": "25-45% (Curam)",
        "jenis_tanah": "Dystrudepts",
        "penggunaan_lahan": "Hutan",
        "skor_drainase": 0.0,
        "warna": "#27ae60"
      }
    },
    {
      "type": "Feature",
      "geometry": {
        "type": "Point",
        "coordinates": [
          122.583652,
          -3.962771
        ]
      },
      "properties": {
        "risiko_aktual": "sangat rendah",
        "risiko_prediksi": "Sangat Rendah",
        "probabilitas": 0.9855,
        "curah_hujan": 1991.5,
        "kemiringan": "25-45% (Curam)",
        "jenis_tanah": "Dystrudepts",
        "penggunaan_lahan": "Hutan",
        "skor_drainase": 0.0,
        "warna": "#27ae60"
      }
    },
    {
      "type": "Feature",
      "geometry": {
        "type": "Point",
        "coordinates": [
          122.583656,
          -3.962978
        ]
      },
      "properties": {
        "risiko_aktual": "sangat rendah",
        "risiko_prediksi": "Sangat Rendah",
        "probabilitas": 0.9855,
        "curah_hujan": 1991.5,
        "kemiringan": "25-45% (Curam)",
        "jenis_tanah": "Dystrudepts",
        "penggunaan_lahan": "Hutan",
        "skor_drainase": 0.0,
        "warna": "#27ae60"
      }
    },
    {
      "type": "Feature",
      "geometry": {
        "type": "Point",
        "coordinates": [
          122.583689,
          -3.963202
        ]
      },
      "properties": {
        "risiko_aktual": "sangat rendah",
        "risiko_prediksi": "Sangat Rendah",
        "probabilitas": 0.9855,
        "curah_hujan": 1991.5,
        "kemiringan": "25-45% (Curam)",
        "jenis_tanah": "Dystrudepts",
        "penggunaan_lahan": "Hutan",
        "skor_drainase": 0.0,
        "warna": "#27ae60"
      }
    },
    {
      "type": "Feature",
      "geometry": {
        "type": "Point",
        "coordinates": [
          122.583751,
          -3.963704
        ]
      },
      "properties": {
        "risiko_aktual": "sangat rendah",
        "risiko_prediksi": "Sangat Rendah",
        "probabilitas": 0.9855,
        "curah_hujan": 1991.5,
        "kemiringan": "25-45% (Curam)",
        "jenis_tanah": "Dystrudepts",
        "penggunaan_lahan": "Hutan",
        "skor_drainase": 0.0,
        "warna": "#27ae60"
      }
    },
    {
      "type": "Feature",
      "geometry": {
        "type": "Point",
        "coordinates": [
          122.583722,
          -3.964105
        ]
      },
      "properties": {
        "risiko_aktual": "sangat rendah",
        "risiko_prediksi": "Sangat Rendah",
        "probabilitas": 0.9855,
        "curah_hujan": 1991.5,
        "kemiringan": "15-25% (Agak Curam)",
        "jenis_tanah": "Dystrudepts",
        "penggunaan_lahan": "Hutan",
        "skor_drainase": 0.0,
        "warna": "#27ae60"
      }
    },
    {
      "type": "Feature",
      "geometry": {
        "type": "Point",
        "coordinates": [
          122.583584,
          -3.964365
        ]
      },
      "properties": {
        "risiko_aktual": "sangat rendah",
        "risiko_prediksi": "Sangat Rendah",
        "probabilitas": 0.9855,
        "curah_hujan": 1991.5,
        "kemiringan": "25-45% (Curam)",
        "jenis_tanah": "Dystrudepts",
        "penggunaan_lahan": "Hutan",
        "skor_drainase": 0.0,
        "warna": "#27ae60"
      }
    },
    {
      "type": "Feature",
      "geometry": {
        "type": "Point",
        "coordinates": [
          122.583437,
          -3.964545
        ]
      },
      "properties": {
        "risiko_aktual": "sangat rendah",
        "risiko_prediksi": "Sangat Rendah",
        "probabilitas": 0.9855,
        "curah_hujan": 1991.5,
        "kemiringan": "0-8% (Datar)",
        "jenis_tanah": "Dystrudepts",
        "penggunaan_lahan": "Hutan",
        "skor_drainase": 0.0,
        "warna": "#27ae60"
      }
    },
    {
      "type": "Feature",
      "geometry": {
        "type": "Point",
        "coordinates": [
          122.583236,
          -3.964764
        ]
      },
      "properties": {
        "risiko_aktual": "sangat rendah",
        "risiko_prediksi": "Sangat Rendah",
        "probabilitas": 0.9855,
        "curah_hujan": 1991.5,
        "kemiringan": "15-25% (Agak Curam)",
        "jenis_tanah": "Dystrudepts",
        "penggunaan_lahan": "Hutan",
        "skor_drainase": 0.0,
        "warna": "#27ae60"
      }
    },
    {
      "type": "Feature",
      "geometry": {
        "type": "Point",
        "coordinates": [
          122.583167,
          -3.964922
        ]
      },
      "properties": {
        "risiko_aktual": "sangat rendah",
        "risiko_prediksi": "Sangat Rendah",
        "probabilitas": 0.9855,
        "curah_hujan": 1991.5,
        "kemiringan": "15-25% (Agak Curam)",
        "jenis_tanah": "Dystrudepts",
        "penggunaan_lahan": "Hutan",
        "skor_drainase": 0.0,
        "warna": "#27ae60"
      }
    },
    {
      "type": "Feature",
      "geometry": {
        "type": "Point",
        "coordinates": [
          122.583151,
          -3.965283
        ]
      },
      "properties": {
        "risiko_aktual": "sangat rendah",
        "risiko_prediksi": "Sangat Rendah",
        "probabilitas": 0.9855,
        "curah_hujan": 1991.5,
        "kemiringan": "15-25% (Agak Curam)",
        "jenis_tanah": "Dystrudepts",
        "penggunaan_lahan": "Hutan",
        "skor_drainase": 0.0,
        "warna": "#27ae60"
      }
    },
    {
      "type": "Feature",
      "geometry": {
        "type": "Point",
        "coordinates": [
          122.583103,
          -3.965399
        ]
      },
      "properties": {
        "risiko_aktual": "sangat rendah",
        "risiko_prediksi": "Sangat Rendah",
        "probabilitas": 0.9855,
        "curah_hujan": 1991.5,
        "kemiringan": "15-25% (Agak Curam)",
        "jenis_tanah": "Dystrudepts",
        "penggunaan_lahan": "Hutan",
        "skor_drainase": 0.0,
        "warna": "#27ae60"
      }
    },
    {
      "type": "Feature",
      "geometry": {
        "type": "Point",
        "coordinates": [
          122.582968,
          -3.965495
        ]
      },
      "properties": {
        "risiko_aktual": "sangat rendah",
        "risiko_prediksi": "Sangat Rendah",
        "probabilitas": 0.9855,
        "curah_hujan": 1991.5,
        "kemiringan": "25-45% (Curam)",
        "jenis_tanah": "Dystrudepts",
        "penggunaan_lahan": "Hutan",
        "skor_drainase": 0.0,
        "warna": "#27ae60"
      }
    },
    {
      "type": "Feature",
      "geometry": {
        "type": "Point",
        "coordinates": [
          122.582888,
          -3.96551
        ]
      },
      "properties": {
        "risiko_aktual": "sangat rendah",
        "risiko_prediksi": "Sangat Rendah",
        "probabilitas": 0.9855,
        "curah_hujan": 1991.5,
        "kemiringan": "25-45% (Curam)",
        "jenis_tanah": "Dystrudepts",
        "penggunaan_lahan": "Hutan",
        "skor_drainase": 0.0,
        "warna": "#27ae60"
      }
    },
    {
      "type": "Feature",
      "geometry": {
        "type": "Point",
        "coordinates": [
          122.582719,
          -3.96554
        ]
      },
      "properties": {
        "risiko_aktual": "sangat rendah",
        "risiko_prediksi": "Sangat Rendah",
        "probabilitas": 0.9855,
        "curah_hujan": 1991.5,
        "kemiringan": ">45% (Sangat Curam)",
        "jenis_tanah": "Dystrudepts",
        "penggunaan_lahan": "Hutan",
        "skor_drainase": 0.0,
        "warna": "#27ae60"
      }
    },
    {
      "type": "Feature",
      "geometry": {
        "type": "Point",
        "coordinates": [
          122.582417,
          -3.96551
        ]
      },
      "properties": {
        "risiko_aktual": "sangat rendah",
        "risiko_prediksi": "Sangat Rendah",
        "probabilitas": 0.9855,
        "curah_hujan": 1991.5,
        "kemiringan": "25-45% (Curam)",
        "jenis_tanah": "Dystrudepts",
        "penggunaan_lahan": "Hutan",
        "skor_drainase": 0.0,
        "warna": "#27ae60"
      }
    },
    {
      "type": "Feature",
      "geometry": {
        "type": "Point",
        "coordinates": [
          122.582005,
          -3.965469
        ]
      },
      "properties": {
        "risiko_aktual": "sangat rendah",
        "risiko_prediksi": "Sangat Rendah",
        "probabilitas": 0.9855,
        "curah_hujan": 1991.5,
        "kemiringan": "15-25% (Agak Curam)",
        "jenis_tanah": "Dystrudepts",
        "penggunaan_lahan": "Hutan",
        "skor_drainase": 0.0,
        "warna": "#27ae60"
      }
    },
    {
      "type": "Feature",
      "geometry": {
        "type": "Point",
        "coordinates": [
          122.581764,
          -3.965493
        ]
      },
      "properties": {
        "risiko_aktual": "sangat rendah",
        "risiko_prediksi": "Sangat Rendah",
        "probabilitas": 0.9855,
        "curah_hujan": 1991.5,
        "kemiringan": "25-45% (Curam)",
        "jenis_tanah": "Dystrudepts",
        "penggunaan_lahan": "Hutan",
        "skor_drainase": 0.0,
        "warna": "#27ae60"
      }
    },
    {
      "type": "Feature",
      "geometry": {
        "type": "Point",
        "coordinates": [
          122.581461,
          -3.965611
        ]
      },
      "properties": {
        "risiko_aktual": "sangat rendah",
        "risiko_prediksi": "Sangat Rendah",
        "probabilitas": 0.9855,
        "curah_hujan": 1991.5,
        "kemiringan": "15-25% (Agak Curam)",
        "jenis_tanah": "Dystrudepts",
        "penggunaan_lahan": "Hutan",
        "skor_drainase": 0.0,
        "warna": "#27ae60"
      }
    },
    {
      "type": "Feature",
      "geometry": {
        "type": "Point",
        "coordinates": [
          122.581281,
          -3.965677
        ]
      },
      "properties": {
        "risiko_aktual": "sangat rendah",
        "risiko_prediksi": "Sangat Rendah",
        "probabilitas": 0.9855,
        "curah_hujan": 1991.5,
        "kemiringan": "15-25% (Agak Curam)",
        "jenis_tanah": "Dystrudepts",
        "penggunaan_lahan": "Hutan",
        "skor_drainase": 0.0,
        "warna": "#27ae60"
      }
    },
    {
      "type": "Feature",
      "geometry": {
        "type": "Point",
        "coordinates": [
          122.581061,
          -3.965696
        ]
      },
      "properties": {
        "risiko_aktual": "sangat rendah",
        "risiko_prediksi": "Sangat Rendah",
        "probabilitas": 0.9855,
        "curah_hujan": 1991.5,
        "kemiringan": "15-25% (Agak Curam)",
        "jenis_tanah": "Dystrudepts",
        "penggunaan_lahan": "Hutan",
        "skor_drainase": 0.0,
        "warna": "#27ae60"
      }
    },
    {
      "type": "Feature",
      "geometry": {
        "type": "Point",
        "coordinates": [
          122.580993,
          -3.96568
        ]
      },
      "properties": {
        "risiko_aktual": "sangat rendah",
        "risiko_prediksi": "Sangat Rendah",
        "probabilitas": 0.9855,
        "curah_hujan": 1991.5,
        "kemiringan": "8-15% (Landai)",
        "jenis_tanah": "Dystrudepts",
        "penggunaan_lahan": "Hutan",
        "skor_drainase": 0.0,
        "warna": "#27ae60"
      }
    },
    {
      "type": "Feature",
      "geometry": {
        "type": "Point",
        "coordinates": [
          122.580865,
          -3.965649
        ]
      },
      "properties": {
        "risiko_aktual": "sangat rendah",
        "risiko_prediksi": "Sangat Rendah",
        "probabilitas": 0.9855,
        "curah_hujan": 1991.5,
        "kemiringan": "8-15% (Landai)",
        "jenis_tanah": "Dystrudepts",
        "penggunaan_lahan": "Hutan",
        "skor_drainase": 0.0,
        "warna": "#27ae60"
      }
    },
    {
      "type": "Feature",
      "geometry": {
        "type": "Point",
        "coordinates": [
          122.580617,
          -3.965717
        ]
      },
      "properties": {
        "risiko_aktual": "sangat rendah",
        "risiko_prediksi": "Sangat Rendah",
        "probabilitas": 0.9855,
        "curah_hujan": 1991.5,
        "kemiringan": "0-8% (Datar)",
        "jenis_tanah": "Dystrudepts",
        "penggunaan_lahan": "Hutan",
        "skor_drainase": 0.0,
        "warna": "#27ae60"
      }
    },
    {
      "type": "Feature",
      "geometry": {
        "type": "Point",
        "coordinates": [
          122.5805,
          -3.965908
        ]
      },
      "properties": {
        "risiko_aktual": "sangat rendah",
        "risiko_prediksi": "Sangat Rendah",
        "probabilitas": 0.9855,
        "curah_hujan": 1991.5,
        "kemiringan": ">45% (Sangat Curam)",
        "jenis_tanah": "Dystrudepts",
        "penggunaan_lahan": "Hutan",
        "skor_drainase": 0.0,
        "warna": "#27ae60"
      }
    },
    {
      "type": "Feature",
      "geometry": {
        "type": "Point",
        "coordinates": [
          122.580534,
          -3.966093
        ]
      },
      "properties": {
        "risiko_aktual": "sangat rendah",
        "risiko_prediksi": "Sangat Rendah",
        "probabilitas": 0.9855,
        "curah_hujan": 1991.5,
        "kemiringan": "25-45% (Curam)",
        "jenis_tanah": "Dystrudepts",
        "penggunaan_lahan": "Hutan",
        "skor_drainase": 0.0,
        "warna": "#27ae60"
      }
    },
    {
      "type": "Feature",
      "geometry": {
        "type": "Point",
        "coordinates": [
          122.580495,
          -3.966483
        ]
      },
      "properties": {
        "risiko_aktual": "sangat rendah",
        "risiko_prediksi": "Sangat Rendah",
        "probabilitas": 0.9855,
        "curah_hujan": 1991.5,
        "kemiringan": "0-8% (Datar)",
        "jenis_tanah": "Dystrudepts",
        "penggunaan_lahan": "Hutan",
        "skor_drainase": 0.0,
        "warna": "#27ae60"
      }
    },
    {
      "type": "Feature",
      "geometry": {
        "type": "Point",
        "coordinates": [
          122.580461,
          -3.966886
        ]
      },
      "properties": {
        "risiko_aktual": "sangat rendah",
        "risiko_prediksi": "Sangat Rendah",
        "probabilitas": 0.9855,
        "curah_hujan": 1991.5,
        "kemiringan": "15-25% (Agak Curam)",
        "jenis_tanah": "Dystrudepts",
        "penggunaan_lahan": "Hutan",
        "skor_drainase": 0.0,
        "warna": "#27ae60"
      }
    },
    {
      "type": "Feature",
      "geometry": {
        "type": "Point",
        "coordinates": [
          122.580338,
          -3.967141
        ]
      },
      "properties": {
        "risiko_aktual": "sangat rendah",
        "risiko_prediksi": "Sangat Rendah",
        "probabilitas": 0.9855,
        "curah_hujan": 1991.5,
        "kemiringan": "15-25% (Agak Curam)",
        "jenis_tanah": "Dystrudepts",
        "penggunaan_lahan": "Hutan",
        "skor_drainase": 0.0,
        "warna": "#27ae60"
      }
    },
    {
      "type": "Feature",
      "geometry": {
        "type": "Point",
        "coordinates": [
          122.580248,
          -3.967172
        ]
      },
      "properties": {
        "risiko_aktual": "sangat rendah",
        "risiko_prediksi": "Sangat Rendah",
        "probabilitas": 0.9855,
        "curah_hujan": 1991.5,
        "kemiringan": "15-25% (Agak Curam)",
        "jenis_tanah": "Dystrudepts",
        "penggunaan_lahan": "Hutan",
        "skor_drainase": 0.0,
        "warna": "#27ae60"
      }
    },
    {
      "type": "Feature",
      "geometry": {
        "type": "Point",
        "coordinates": [
          122.580165,
          -3.967207
        ]
      },
      "properties": {
        "risiko_aktual": "sangat rendah",
        "risiko_prediksi": "Sangat Rendah",
        "probabilitas": 0.9855,
        "curah_hujan": 1991.5,
        "kemiringan": "15-25% (Agak Curam)",
        "jenis_tanah": "Dystrudepts",
        "penggunaan_lahan": "Hutan",
        "skor_drainase": 0.0,
        "warna": "#27ae60"
      }
    },
    {
      "type": "Feature",
      "geometry": {
        "type": "Point",
        "coordinates": [
          122.580104,
          -3.96724
        ]
      },
      "properties": {
        "risiko_aktual": "sangat rendah",
        "risiko_prediksi": "Sangat Rendah",
        "probabilitas": 0.9855,
        "curah_hujan": 1991.5,
        "kemiringan": "15-25% (Agak Curam)",
        "jenis_tanah": "Dystrudepts",
        "penggunaan_lahan": "Hutan",
        "skor_drainase": 0.0,
        "warna": "#27ae60"
      }
    },
    {
      "type": "Feature",
      "geometry": {
        "type": "Point",
        "coordinates": [
          122.580008,
          -3.967317
        ]
      },
      "properties": {
        "risiko_aktual": "sangat rendah",
        "risiko_prediksi": "Sangat Rendah",
        "probabilitas": 0.9855,
        "curah_hujan": 1991.5,
        "kemiringan": ">45% (Sangat Curam)",
        "jenis_tanah": "Dystrudepts",
        "penggunaan_lahan": "Hutan",
        "skor_drainase": 0.0,
        "warna": "#27ae60"
      }
    },
    {
      "type": "Feature",
      "geometry": {
        "type": "Point",
        "coordinates": [
          122.579968,
          -3.967354
        ]
      },
      "properties": {
        "risiko_aktual": "sangat rendah",
        "risiko_prediksi": "Sangat Rendah",
        "probabilitas": 0.9855,
        "curah_hujan": 1991.5,
        "kemiringan": ">45% (Sangat Curam)",
        "jenis_tanah": "Dystrudepts",
        "penggunaan_lahan": "Hutan",
        "skor_drainase": 0.0,
        "warna": "#27ae60"
      }
    },
    {
      "type": "Feature",
      "geometry": {
        "type": "Point",
        "coordinates": [
          122.579948,
          -3.967385
        ]
      },
      "properties": {
        "risiko_aktual": "sangat rendah",
        "risiko_prediksi": "Sangat Rendah",
        "probabilitas": 0.9851,
        "curah_hujan": 1991.5,
        "kemiringan": ">45% (Sangat Curam)",
        "jenis_tanah": "Dystrudepts",
        "penggunaan_lahan": "Hutan",
        "skor_drainase": 0.0,
        "warna": "#27ae60"
      }
    },
    {
      "type": "Feature",
      "geometry": {
        "type": "Point",
        "coordinates": [
          122.579909,
          -3.967443
        ]
      },
      "properties": {
        "risiko_aktual": "sangat rendah",
        "risiko_prediksi": "Sangat Rendah",
        "probabilitas": 0.9855,
        "curah_hujan": 1991.5,
        "kemiringan": "25-45% (Curam)",
        "jenis_tanah": "Dystrudepts",
        "penggunaan_lahan": "Hutan",
        "skor_drainase": 0.0,
        "warna": "#27ae60"
      }
    },
    {
      "type": "Feature",
      "geometry": {
        "type": "Point",
        "coordinates": [
          122.579877,
          -3.967551
        ]
      },
      "properties": {
        "risiko_aktual": "sangat rendah",
        "risiko_prediksi": "Sangat Rendah",
        "probabilitas": 0.9855,
        "curah_hujan": 1991.5,
        "kemiringan": "15-25% (Agak Curam)",
        "jenis_tanah": "Dystrudepts",
        "penggunaan_lahan": "Hutan",
        "skor_drainase": 0.0,
        "warna": "#27ae60"
      }
    },
    {
      "type": "Feature",
      "geometry": {
        "type": "Point",
        "coordinates": [
          122.579846,
          -3.967656
        ]
      },
      "properties": {
        "risiko_aktual": "sangat rendah",
        "risiko_prediksi": "Sangat Rendah",
        "probabilitas": 0.9855,
        "curah_hujan": 1991.5,
        "kemiringan": "15-25% (Agak Curam)",
        "jenis_tanah": "Dystrudepts",
        "penggunaan_lahan": "Hutan",
        "skor_drainase": 0.0,
        "warna": "#27ae60"
      }
    },
    {
      "type": "Feature",
      "geometry": {
        "type": "Point",
        "coordinates": [
          122.579909,
          -3.967718
        ]
      },
      "properties": {
        "risiko_aktual": "sangat rendah",
        "risiko_prediksi": "Sangat Rendah",
        "probabilitas": 0.9851,
        "curah_hujan": 1991.5,
        "kemiringan": "25-45% (Curam)",
        "jenis_tanah": "Dystrudepts",
        "penggunaan_lahan": "Hutan",
        "skor_drainase": 0.0,
        "warna": "#27ae60"
      }
    },
    {
      "type": "Feature",
      "geometry": {
        "type": "Point",
        "coordinates": [
          122.579987,
          -3.967784
        ]
      },
      "properties": {
        "risiko_aktual": "rendah",
        "risiko_prediksi": "Rendah",
        "probabilitas": 0.9855,
        "curah_hujan": 1991.5,
        "kemiringan": "15-25% (Agak Curam)",
        "jenis_tanah": "Dystrudepts",
        "penggunaan_lahan": "Hutan",
        "skor_drainase": 0.0,
        "warna": "#2ecc71"
      }
    },
    {
      "type": "Feature",
      "geometry": {
        "type": "Point",
        "coordinates": [
          122.580143,
          -3.967918
        ]
      },
      "properties": {
        "risiko_aktual": "rendah",
        "risiko_prediksi": "Rendah",
        "probabilitas": 0.9856,
        "curah_hujan": 1991.5,
        "kemiringan": "15-25% (Agak Curam)",
        "jenis_tanah": "Dystrudepts",
        "penggunaan_lahan": "Hutan",
        "skor_drainase": 0.0,
        "warna": "#2ecc71"
      }
    },
    {
      "type": "Feature",
      "geometry": {
        "type": "Point",
        "coordinates": [
          122.580241,
          -3.967979
        ]
      },
      "properties": {
        "risiko_aktual": "rendah",
        "risiko_prediksi": "Rendah",
        "probabilitas": 0.9855,
        "curah_hujan": 1991.5,
        "kemiringan": "25-45% (Curam)",
        "jenis_tanah": "Dystrudepts",
        "penggunaan_lahan": "Hutan",
        "skor_drainase": 0.0,
        "warna": "#2ecc71"
      }
    },
    {
      "type": "Feature",
      "geometry": {
        "type": "Point",
        "coordinates": [
          122.580391,
          -3.968082
        ]
      },
      "properties": {
        "risiko_aktual": "rendah",
        "risiko_prediksi": "Rendah",
        "probabilitas": 0.9856,
        "curah_hujan": 1991.5,
        "kemiringan": "25-45% (Curam)",
        "jenis_tanah": "Dystrudepts",
        "penggunaan_lahan": "Hutan",
        "skor_drainase": 0.0,
        "warna": "#2ecc71"
      }
    },
    {
      "type": "Feature",
      "geometry": {
        "type": "Point",
        "coordinates": [
          122.580508,
          -3.96816
        ]
      },
      "properties": {
        "risiko_aktual": "rendah",
        "risiko_prediksi": "Rendah",
        "probabilitas": 0.9855,
        "curah_hujan": 1991.5,
        "kemiringan": "25-45% (Curam)",
        "jenis_tanah": "Dystrudepts",
        "penggunaan_lahan": "Hutan",
        "skor_drainase": 0.0,
        "warna": "#2ecc71"
      }
    },
    {
      "type": "Feature",
      "geometry": {
        "type": "Point",
        "coordinates": [
          122.580563,
          -3.96818
        ]
      },
      "properties": {
        "risiko_aktual": "rendah",
        "risiko_prediksi": "Rendah",
        "probabilitas": 0.9856,
        "curah_hujan": 1991.5,
        "kemiringan": "25-45% (Curam)",
        "jenis_tanah": "Dystrudepts",
        "penggunaan_lahan": "Hutan",
        "skor_drainase": 0.0,
        "warna": "#2ecc71"
      }
    },
    {
      "type": "Feature",
      "geometry": {
        "type": "Point",
        "coordinates": [
          122.580603,
          -3.96819
        ]
      },
      "properties": {
        "risiko_aktual": "rendah",
        "risiko_prediksi": "Rendah",
        "probabilitas": 0.9856,
        "curah_hujan": 1991.5,
        "kemiringan": "25-45% (Curam)",
        "jenis_tanah": "Dystrudepts",
        "penggunaan_lahan": "Hutan",
        "skor_drainase": 0.0,
        "warna": "#2ecc71"
      }
    },
    {
      "type": "Feature",
      "geometry": {
        "type": "Point",
        "coordinates": [
          122.580663,
          -3.968199
        ]
      },
      "properties": {
        "risiko_aktual": "rendah",
        "risiko_prediksi": "Rendah",
        "probabilitas": 0.9856,
        "curah_hujan": 1991.5,
        "kemiringan": "25-45% (Curam)",
        "jenis_tanah": "Dystrudepts",
        "penggunaan_lahan": "Hutan",
        "skor_drainase": 0.0,
        "warna": "#2ecc71"
      }
    },
    {
      "type": "Feature",
      "geometry": {
        "type": "Point",
        "coordinates": [
          122.580806,
          -3.968235
        ]
      },
      "properties": {
        "risiko_aktual": "rendah",
        "risiko_prediksi": "Rendah",
        "probabilitas": 0.9855,
        "curah_hujan": 1991.5,
        "kemiringan": "15-25% (Agak Curam)",
        "jenis_tanah": "Dystrudepts",
        "penggunaan_lahan": "Hutan",
        "skor_drainase": 0.0,
        "warna": "#2ecc71"
      }
    },
    {
      "type": "Feature",
      "geometry": {
        "type": "Point",
        "coordinates": [
          122.580936,
          -3.968258
        ]
      },
      "properties": {
        "risiko_aktual": "rendah",
        "risiko_prediksi": "Rendah",
        "probabilitas": 0.9855,
        "curah_hujan": 1991.5,
        "kemiringan": "25-45% (Curam)",
        "jenis_tanah": "Dystrudepts",
        "penggunaan_lahan": "Hutan",
        "skor_drainase": 0.0,
        "warna": "#2ecc71"
      }
    },
    {
      "type": "Feature",
      "geometry": {
        "type": "Point",
        "coordinates": [
          122.581071,
          -3.968283
        ]
      },
      "properties": {
        "risiko_aktual": "rendah",
        "risiko_prediksi": "Rendah",
        "probabilitas": 0.9855,
        "curah_hujan": 1991.5,
        "kemiringan": "15-25% (Agak Curam)",
        "jenis_tanah": "Dystrudepts",
        "penggunaan_lahan": "Hutan",
        "skor_drainase": 0.0,
        "warna": "#2ecc71"
      }
    },
    {
      "type": "Feature",
      "geometry": {
        "type": "Point",
        "coordinates": [
          122.581198,
          -3.96832
        ]
      },
      "properties": {
        "risiko_aktual": "rendah",
        "risiko_prediksi": "Rendah",
        "probabilitas": 0.9855,
        "curah_hujan": 1991.5,
        "kemiringan": "15-25% (Agak Curam)",
        "jenis_tanah": "Dystrudepts",
        "penggunaan_lahan": "Hutan",
        "skor_drainase": 0.0,
        "warna": "#2ecc71"
      }
    },
    {
      "type": "Feature",
      "geometry": {
        "type": "Point",
        "coordinates": [
          122.581247,
          -3.968344
        ]
      },
      "properties": {
        "risiko_aktual": "rendah",
        "risiko_prediksi": "Rendah",
        "probabilitas": 0.9855,
        "curah_hujan": 1991.5,
        "kemiringan": "15-25% (Agak Curam)",
        "jenis_tanah": "Dystrudepts",
        "penggunaan_lahan": "Hutan",
        "skor_drainase": 0.0,
        "warna": "#2ecc71"
      }
    },
    {
      "type": "Feature",
      "geometry": {
        "type": "Point",
        "coordinates": [
          122.581275,
          -3.968358
        ]
      },
      "properties": {
        "risiko_aktual": "rendah",
        "risiko_prediksi": "Rendah",
        "probabilitas": 0.9856,
        "curah_hujan": 1991.5,
        "kemiringan": "15-25% (Agak Curam)",
        "jenis_tanah": "Dystrudepts",
        "penggunaan_lahan": "Hutan",
        "skor_drainase": 0.0,
        "warna": "#2ecc71"
      }
    },
    {
      "type": "Feature",
      "geometry": {
        "type": "Point",
        "coordinates": [
          122.581295,
          -3.968367
        ]
      },
      "properties": {
        "risiko_aktual": "rendah",
        "risiko_prediksi": "Rendah",
        "probabilitas": 0.9856,
        "curah_hujan": 1991.5,
        "kemiringan": "15-25% (Agak Curam)",
        "jenis_tanah": "Dystrudepts",
        "penggunaan_lahan": "Hutan",
        "skor_drainase": 0.0,
        "warna": "#2ecc71"
      }
    },
    {
      "type": "Feature",
      "geometry": {
        "type": "Point",
        "coordinates": [
          122.581312,
          -3.968376
        ]
      },
      "properties": {
        "risiko_aktual": "rendah",
        "risiko_prediksi": "Rendah",
        "probabilitas": 0.9856,
        "curah_hujan": 1991.5,
        "kemiringan": "15-25% (Agak Curam)",
        "jenis_tanah": "Dystrudepts",
        "penggunaan_lahan": "Hutan",
        "skor_drainase": 0.0,
        "warna": "#2ecc71"
      }
    },
    {
      "type": "Feature",
      "geometry": {
        "type": "Point",
        "coordinates": [
          122.581242,
          -3.968606
        ]
      },
      "properties": {
        "risiko_aktual": "rendah",
        "risiko_prediksi": "Rendah",
        "probabilitas": 0.9856,
        "curah_hujan": 1991.5,
        "kemiringan": "25-45% (Curam)",
        "jenis_tanah": "Dystrudepts",
        "penggunaan_lahan": "Hutan",
        "skor_drainase": 0.0,
        "warna": "#2ecc71"
      }
    },
    {
      "type": "Feature",
      "geometry": {
        "type": "Point",
        "coordinates": [
          122.581233,
          -3.968686
        ]
      },
      "properties": {
        "risiko_aktual": "rendah",
        "risiko_prediksi": "Rendah",
        "probabilitas": 0.9839,
        "curah_hujan": 1991.5,
        "kemiringan": ">45% (Sangat Curam)",
        "jenis_tanah": "Dystrudepts",
        "penggunaan_lahan": "Hutan",
        "skor_drainase": 0.0,
        "warna": "#2ecc71"
      }
    },
    {
      "type": "Feature",
      "geometry": {
        "type": "Point",
        "coordinates": [
          122.581228,
          -3.968893
        ]
      },
      "properties": {
        "risiko_aktual": "rendah",
        "risiko_prediksi": "Rendah",
        "probabilitas": 0.9855,
        "curah_hujan": 1991.5,
        "kemiringan": "15-25% (Agak Curam)",
        "jenis_tanah": "Dystrudepts",
        "penggunaan_lahan": "Hutan",
        "skor_drainase": 0.0,
        "warna": "#2ecc71"
      }
    },
    {
      "type": "Feature",
      "geometry": {
        "type": "Point",
        "coordinates": [
          122.581236,
          -3.969054
        ]
      },
      "properties": {
        "risiko_aktual": "rendah",
        "risiko_prediksi": "Rendah",
        "probabilitas": 0.9852,
        "curah_hujan": 1991.5,
        "kemiringan": "15-25% (Agak Curam)",
        "jenis_tanah": "Dystrudepts",
        "penggunaan_lahan": "Hutan",
        "skor_drainase": 0.0,
        "warna": "#2ecc71"
      }
    },
    {
      "type": "Feature",
      "geometry": {
        "type": "Point",
        "coordinates": [
          122.581187,
          -3.969364
        ]
      },
      "properties": {
        "risiko_aktual": "rendah",
        "risiko_prediksi": "Rendah",
        "probabilitas": 0.9846,
        "curah_hujan": 1991.5,
        "kemiringan": "15-25% (Agak Curam)",
        "jenis_tanah": "Dystrudepts",
        "penggunaan_lahan": "Hutan",
        "skor_drainase": 0.0,
        "warna": "#2ecc71"
      }
    },
    {
      "type": "Feature",
      "geometry": {
        "type": "Point",
        "coordinates": [
          122.581123,
          -3.969463
        ]
      },
      "properties": {
        "risiko_aktual": "sedang",
        "risiko_prediksi": "Sedang",
        "probabilitas": 0.9643,
        "curah_hujan": 1991.5,
        "kemiringan": "15-25% (Agak Curam)",
        "jenis_tanah": "Dystrudepts",
        "penggunaan_lahan": "Hutan",
        "skor_drainase": 0.0,
        "warna": "#f39c12"
      }
    },
    {
      "type": "Feature",
      "geometry": {
        "type": "Point",
        "coordinates": [
          122.580933,
          -3.9698
        ]
      },
      "properties": {
        "risiko_aktual": "sedang",
        "risiko_prediksi": "Sedang",
        "probabilitas": 0.9854,
        "curah_hujan": 1991.5,
        "kemiringan": "8-15% (Landai)",
        "jenis_tanah": "Dystrudepts",
        "penggunaan_lahan": "Hutan",
        "skor_drainase": 0.0,
        "warna": "#f39c12"
      }
    },
    {
      "type": "Feature",
      "geometry": {
        "type": "Point",
        "coordinates": [
          122.580777,
          -3.970094
        ]
      },
      "properties": {
        "risiko_aktual": "tinggi",
        "risiko_prediksi": "Tinggi",
        "probabilitas": 0.9845,
        "curah_hujan": 1991.5,
        "kemiringan": "8-15% (Landai)",
        "jenis_tanah": "Dystrudepts",
        "penggunaan_lahan": "Hutan",
        "skor_drainase": 0.0,
        "warna": "#e74c3c"
      }
    },
    {
      "type": "Feature",
      "geometry": {
        "type": "Point",
        "coordinates": [
          122.580725,
          -3.97019
        ]
      },
      "properties": {
        "risiko_aktual": "tinggi",
        "risiko_prediksi": "Tinggi",
        "probabilitas": 0.9852,
        "curah_hujan": 1991.5,
        "kemiringan": "0-8% (Datar)",
        "jenis_tanah": "Dystrudepts",
        "penggunaan_lahan": "Hutan",
        "skor_drainase": 0.0,
        "warna": "#e74c3c"
      }
    },
    {
      "type": "Feature",
      "geometry": {
        "type": "Point",
        "coordinates": [
          122.580704,
          -3.970244
        ]
      },
      "properties": {
        "risiko_aktual": "tinggi",
        "risiko_prediksi": "Tinggi",
        "probabilitas": 0.9852,
        "curah_hujan": 1991.5,
        "kemiringan": "0-8% (Datar)",
        "jenis_tanah": "Dystrudepts",
        "penggunaan_lahan": "Hutan",
        "skor_drainase": 0.0,
        "warna": "#e74c3c"
      }
    },
    {
      "type": "Feature",
      "geometry": {
        "type": "Point",
        "coordinates": [
          122.580697,
          -3.970302
        ]
      },
      "properties": {
        "risiko_aktual": "tinggi",
        "risiko_prediksi": "Tinggi",
        "probabilitas": 0.9823,
        "curah_hujan": 1991.5,
        "kemiringan": "15-25% (Agak Curam)",
        "jenis_tanah": "Dystrudepts",
        "penggunaan_lahan": "Hutan",
        "skor_drainase": 0.0,
        "warna": "#e74c3c"
      }
    },
    {
      "type": "Feature",
      "geometry": {
        "type": "Point",
        "coordinates": [
          122.580703,
          -3.970378
        ]
      },
      "properties": {
        "risiko_aktual": "tinggi",
        "risiko_prediksi": "Tinggi",
        "probabilitas": 0.985,
        "curah_hujan": 1991.5,
        "kemiringan": "15-25% (Agak Curam)",
        "jenis_tanah": "Dystrudepts",
        "penggunaan_lahan": "Hutan",
        "skor_drainase": 0.0,
        "warna": "#e74c3c"
      }
    },
    {
      "type": "Feature",
      "geometry": {
        "type": "Point",
        "coordinates": [
          122.580718,
          -3.970417
        ]
      },
      "properties": {
        "risiko_aktual": "tinggi",
        "risiko_prediksi": "Tinggi",
        "probabilitas": 0.9823,
        "curah_hujan": 1991.5,
        "kemiringan": "15-25% (Agak Curam)",
        "jenis_tanah": "Dystrudepts",
        "penggunaan_lahan": "Hutan",
        "skor_drainase": 0.0,
        "warna": "#e74c3c"
      }
    },
    {
      "type": "Feature",
      "geometry": {
        "type": "Point",
        "coordinates": [
          122.580766,
          -3.970502
        ]
      },
      "properties": {
        "risiko_aktual": "tinggi",
        "risiko_prediksi": "Tinggi",
        "probabilitas": 0.9845,
        "curah_hujan": 1991.5,
        "kemiringan": "8-15% (Landai)",
        "jenis_tanah": "Dystrudepts",
        "penggunaan_lahan": "Hutan",
        "skor_drainase": 0.0,
        "warna": "#e74c3c"
      }
    },
    {
      "type": "Feature",
      "geometry": {
        "type": "Point",
        "coordinates": [
          122.58084,
          -3.970595
        ]
      },
      "properties": {
        "risiko_aktual": "tinggi",
        "risiko_prediksi": "Tinggi",
        "probabilitas": 0.9793,
        "curah_hujan": 1991.5,
        "kemiringan": "0-8% (Datar)",
        "jenis_tanah": "Dystrudepts",
        "penggunaan_lahan": "Hutan",
        "skor_drainase": 0.0,
        "warna": "#e74c3c"
      }
    },
    {
      "type": "Feature",
      "geometry": {
        "type": "Point",
        "coordinates": [
          122.58093,
          -3.970707
        ]
      },
      "properties": {
        "risiko_aktual": "sedang",
        "risiko_prediksi": "Sedang",
        "probabilitas": 0.9853,
        "curah_hujan": 1991.5,
        "kemiringan": "0-8% (Datar)",
        "jenis_tanah": "Dystrudepts",
        "penggunaan_lahan": "Hutan",
        "skor_drainase": 0.0,
        "warna": "#f39c12"
      }
    },
    {
      "type": "Feature",
      "geometry": {
        "type": "Point",
        "coordinates": [
          122.58095,
          -3.970732
        ]
      },
      "properties": {
        "risiko_aktual": "sedang",
        "risiko_prediksi": "Sedang",
        "probabilitas": 0.9853,
        "curah_hujan": 1991.5,
        "kemiringan": "0-8% (Datar)",
        "jenis_tanah": "Dystrudepts",
        "penggunaan_lahan": "Hutan",
        "skor_drainase": 0.0,
        "warna": "#f39c12"
      }
    },
    {
      "type": "Feature",
      "geometry": {
        "type": "Point",
        "coordinates": [
          122.580979,
          -3.970769
        ]
      },
      "properties": {
        "risiko_aktual": "sedang",
        "risiko_prediksi": "Sedang",
        "probabilitas": 0.9854,
        "curah_hujan": 1991.5,
        "kemiringan": "0-8% (Datar)",
        "jenis_tanah": "Dystrudepts",
        "penggunaan_lahan": "Hutan",
        "skor_drainase": 0.0,
        "warna": "#f39c12"
      }
    },
    {
      "type": "Feature",
      "geometry": {
        "type": "Point",
        "coordinates": [
          122.581017,
          -3.970816
        ]
      },
      "properties": {
        "risiko_aktual": "sedang",
        "risiko_prediksi": "Sedang",
        "probabilitas": 0.9854,
        "curah_hujan": 1991.5,
        "kemiringan": "0-8% (Datar)",
        "jenis_tanah": "Dystrudepts",
        "penggunaan_lahan": "Hutan",
        "skor_drainase": 0.0,
        "warna": "#f39c12"
      }
    },
    {
      "type": "Feature",
      "geometry": {
        "type": "Point",
        "coordinates": [
          122.58105,
          -3.970857
        ]
      },
      "properties": {
        "risiko_aktual": "sedang",
        "risiko_prediksi": "Sedang",
        "probabilitas": 0.9854,
        "curah_hujan": 1991.5,
        "kemiringan": "0-8% (Datar)",
        "jenis_tanah": "Dystrudepts",
        "penggunaan_lahan": "Hutan",
        "skor_drainase": 0.0,
        "warna": "#f39c12"
      }
    },
    {
      "type": "Feature",
      "geometry": {
        "type": "Point",
        "coordinates": [
          122.581054,
          -3.970862
        ]
      },
      "properties": {
        "risiko_aktual": "sedang",
        "risiko_prediksi": "Sedang",
        "probabilitas": 0.9854,
        "curah_hujan": 1991.5,
        "kemiringan": "0-8% (Datar)",
        "jenis_tanah": "Dystrudepts",
        "penggunaan_lahan": "Hutan",
        "skor_drainase": 0.0,
        "warna": "#f39c12"
      }
    },
    {
      "type": "Feature",
      "geometry": {
        "type": "Point",
        "coordinates": [
          122.581062,
          -3.970873
        ]
      },
      "properties": {
        "risiko_aktual": "sedang",
        "risiko_prediksi": "Sedang",
        "probabilitas": 0.9854,
        "curah_hujan": 1991.5,
        "kemiringan": "0-8% (Datar)",
        "jenis_tanah": "Dystrudepts",
        "penggunaan_lahan": "Hutan",
        "skor_drainase": 0.0,
        "warna": "#f39c12"
      }
    },
    {
      "type": "Feature",
      "geometry": {
        "type": "Point",
        "coordinates": [
          122.58107,
          -3.970883
        ]
      },
      "properties": {
        "risiko_aktual": "sedang",
        "risiko_prediksi": "Sedang",
        "probabilitas": 0.9854,
        "curah_hujan": 1991.5,
        "kemiringan": "8-15% (Landai)",
        "jenis_tanah": "Dystrudepts",
        "penggunaan_lahan": "Hutan",
        "skor_drainase": 0.0,
        "warna": "#f39c12"
      }
    },
    {
      "type": "Feature",
      "geometry": {
        "type": "Point",
        "coordinates": [
          122.581093,
          -3.970912
        ]
      },
      "properties": {
        "risiko_aktual": "sedang",
        "risiko_prediksi": "Sedang",
        "probabilitas": 0.9853,
        "curah_hujan": 1991.5,
        "kemiringan": "8-15% (Landai)",
        "jenis_tanah": "Dystrudepts",
        "penggunaan_lahan": "Hutan",
        "skor_drainase": 0.0,
        "warna": "#f39c12"
      }
    },
    {
      "type": "Feature",
      "geometry": {
        "type": "Point",
        "coordinates": [
          122.581125,
          -3.970951
        ]
      },
      "properties": {
        "risiko_aktual": "sedang",
        "risiko_prediksi": "Sedang",
        "probabilitas": 0.9853,
        "curah_hujan": 1991.5,
        "kemiringan": "8-15% (Landai)",
        "jenis_tanah": "Dystrudepts",
        "penggunaan_lahan": "Hutan",
        "skor_drainase": 0.0,
        "warna": "#f39c12"
      }
    },
    {
      "type": "Feature",
      "geometry": {
        "type": "Point",
        "coordinates": [
          122.581196,
          -3.971046
        ]
      },
      "properties": {
        "risiko_aktual": "sedang",
        "risiko_prediksi": "Sedang",
        "probabilitas": 0.9852,
        "curah_hujan": 1991.5,
        "kemiringan": "8-15% (Landai)",
        "jenis_tanah": "Dystrudepts",
        "penggunaan_lahan": "Hutan",
        "skor_drainase": 0.0,
        "warna": "#f39c12"
      }
    },
    {
      "type": "Feature",
      "geometry": {
        "type": "Point",
        "coordinates": [
          122.581241,
          -3.97111
        ]
      },
      "properties": {
        "risiko_aktual": "sedang",
        "risiko_prediksi": "Sedang",
        "probabilitas": 0.9841,
        "curah_hujan": 1991.5,
        "kemiringan": "15-25% (Agak Curam)",
        "jenis_tanah": "Dystrudepts",
        "penggunaan_lahan": "Hutan",
        "skor_drainase": 0.0,
        "warna": "#f39c12"
      }
    },
    {
      "type": "Feature",
      "geometry": {
        "type": "Point",
        "coordinates": [
          122.581305,
          -3.971203
        ]
      },
      "properties": {
        "risiko_aktual": "sedang",
        "risiko_prediksi": "Sedang",
        "probabilitas": 0.984,
        "curah_hujan": 1991.5,
        "kemiringan": ">45% (Sangat Curam)",
        "jenis_tanah": "Dystrudepts",
        "penggunaan_lahan": "Hutan",
        "skor_drainase": 0.0,
        "warna": "#f39c12"
      }
    },
    {
      "type": "Feature",
      "geometry": {
        "type": "Point",
        "coordinates": [
          122.581373,
          -3.971342
        ]
      },
      "properties": {
        "risiko_aktual": "sedang",
        "risiko_prediksi": "Sedang",
        "probabilitas": 0.9837,
        "curah_hujan": 1991.5,
        "kemiringan": ">45% (Sangat Curam)",
        "jenis_tanah": "Dystrudepts",
        "penggunaan_lahan": "Hutan",
        "skor_drainase": 0.0,
        "warna": "#f39c12"
      }
    },
    {
      "type": "Feature",
      "geometry": {
        "type": "Point",
        "coordinates": [
          122.581434,
          -3.971473
        ]
      },
      "properties": {
        "risiko_aktual": "tinggi",
        "risiko_prediksi": "Tinggi",
        "probabilitas": 0.9852,
        "curah_hujan": 1991.5,
        "kemiringan": ">45% (Sangat Curam)",
        "jenis_tanah": "Dystrudepts",
        "penggunaan_lahan": "Hutan",
        "skor_drainase": 0.0,
        "warna": "#e74c3c"
      }
    },
    {
      "type": "Feature",
      "geometry": {
        "type": "Point",
        "coordinates": [
          122.581528,
          -3.971683
        ]
      },
      "properties": {
        "risiko_aktual": "tinggi",
        "risiko_prediksi": "Tinggi",
        "probabilitas": 0.9852,
        "curah_hujan": 1991.5,
        "kemiringan": ">45% (Sangat Curam)",
        "jenis_tanah": "Dystrudepts",
        "penggunaan_lahan": "Hutan",
        "skor_drainase": 0.0,
        "warna": "#e74c3c"
      }
    },
    {
      "type": "Feature",
      "geometry": {
        "type": "Point",
        "coordinates": [
          122.581476,
          -3.97173
        ]
      },
      "properties": {
        "risiko_aktual": "tinggi",
        "risiko_prediksi": "Tinggi",
        "probabilitas": 0.9852,
        "curah_hujan": 1991.5,
        "kemiringan": ">45% (Sangat Curam)",
        "jenis_tanah": "Dystrudepts",
        "penggunaan_lahan": "Hutan",
        "skor_drainase": 0.0,
        "warna": "#e74c3c"
      }
    },
    {
      "type": "Feature",
      "geometry": {
        "type": "Point",
        "coordinates": [
          122.581452,
          -3.971712
        ]
      },
      "properties": {
        "risiko_aktual": "tinggi",
        "risiko_prediksi": "Tinggi",
        "probabilitas": 0.9852,
        "curah_hujan": 1991.5,
        "kemiringan": ">45% (Sangat Curam)",
        "jenis_tanah": "Dystrudepts",
        "penggunaan_lahan": "Hutan",
        "skor_drainase": 0.0,
        "warna": "#e74c3c"
      }
    },
    {
      "type": "Feature",
      "geometry": {
        "type": "Point",
        "coordinates": [
          122.581281,
          -3.971613
        ]
      },
      "properties": {
        "risiko_aktual": "tinggi",
        "risiko_prediksi": "Tinggi",
        "probabilitas": 0.9852,
        "curah_hujan": 1991.5,
        "kemiringan": ">45% (Sangat Curam)",
        "jenis_tanah": "Dystrudepts",
        "penggunaan_lahan": "Hutan",
        "skor_drainase": 0.0,
        "warna": "#e74c3c"
      }
    },
    {
      "type": "Feature",
      "geometry": {
        "type": "Point",
        "coordinates": [
          122.581157,
          -3.971662
        ]
      },
      "properties": {
        "risiko_aktual": "tinggi",
        "risiko_prediksi": "Tinggi",
        "probabilitas": 0.9852,
        "curah_hujan": 1991.5,
        "kemiringan": ">45% (Sangat Curam)",
        "jenis_tanah": "Dystrudepts",
        "penggunaan_lahan": "Hutan",
        "skor_drainase": 0.0,
        "warna": "#e74c3c"
      }
    },
    {
      "type": "Feature",
      "geometry": {
        "type": "Point",
        "coordinates": [
          122.581029,
          -3.971727
        ]
      },
      "properties": {
        "risiko_aktual": "tinggi",
        "risiko_prediksi": "Tinggi",
        "probabilitas": 0.9855,
        "curah_hujan": 1991.5,
        "kemiringan": "8-15% (Landai)",
        "jenis_tanah": "Dystrudepts",
        "penggunaan_lahan": "Hutan",
        "skor_drainase": 0.0,
        "warna": "#e74c3c"
      }
    },
    {
      "type": "Feature",
      "geometry": {
        "type": "Point",
        "coordinates": [
          122.580917,
          -3.97173
        ]
      },
      "properties": {
        "risiko_aktual": "tinggi",
        "risiko_prediksi": "Tinggi",
        "probabilitas": 0.9855,
        "curah_hujan": 1991.5,
        "kemiringan": "8-15% (Landai)",
        "jenis_tanah": "Dystrudepts",
        "penggunaan_lahan": "Hutan",
        "skor_drainase": 0.0,
        "warna": "#e74c3c"
      }
    },
    {
      "type": "Feature",
      "geometry": {
        "type": "Point",
        "coordinates": [
          122.580744,
          -3.971738
        ]
      },
      "properties": {
        "risiko_aktual": "tinggi",
        "risiko_prediksi": "Tinggi",
        "probabilitas": 0.9855,
        "curah_hujan": 1991.5,
        "kemiringan": "8-15% (Landai)",
        "jenis_tanah": "Dystrudepts",
        "penggunaan_lahan": "Hutan",
        "skor_drainase": 0.0,
        "warna": "#e74c3c"
      }
    },
    {
      "type": "Feature",
      "geometry": {
        "type": "Point",
        "coordinates": [
          122.580731,
          -3.971737
        ]
      },
      "properties": {
        "risiko_aktual": "tinggi",
        "risiko_prediksi": "Tinggi",
        "probabilitas": 0.9855,
        "curah_hujan": 1991.5,
        "kemiringan": "8-15% (Landai)",
        "jenis_tanah": "Dystrudepts",
        "penggunaan_lahan": "Hutan",
        "skor_drainase": 0.0,
        "warna": "#e74c3c"
      }
    },
    {
      "type": "Feature",
      "geometry": {
        "type": "Point",
        "coordinates": [
          122.580714,
          -3.971731
        ]
      },
      "properties": {
        "risiko_aktual": "tinggi",
        "risiko_prediksi": "Tinggi",
        "probabilitas": 0.9855,
        "curah_hujan": 1991.5,
        "kemiringan": "8-15% (Landai)",
        "jenis_tanah": "Dystrudepts",
        "penggunaan_lahan": "Hutan",
        "skor_drainase": 0.0,
        "warna": "#e74c3c"
      }
    },
    {
      "type": "Feature",
      "geometry": {
        "type": "Point",
        "coordinates": [
          122.580652,
          -3.971709
        ]
      },
      "properties": {
        "risiko_aktual": "tinggi",
        "risiko_prediksi": "Tinggi",
        "probabilitas": 0.9855,
        "curah_hujan": 1991.5,
        "kemiringan": "0-8% (Datar)",
        "jenis_tanah": "Dystrudepts",
        "penggunaan_lahan": "Hutan",
        "skor_drainase": 0.0,
        "warna": "#e74c3c"
      }
    },
    {
      "type": "Feature",
      "geometry": {
        "type": "Point",
        "coordinates": [
          122.580529,
          -3.971668
        ]
      },
      "properties": {
        "risiko_aktual": "tinggi",
        "risiko_prediksi": "Tinggi",
        "probabilitas": 0.9855,
        "curah_hujan": 1991.5,
        "kemiringan": "0-8% (Datar)",
        "jenis_tanah": "Dystrudepts",
        "penggunaan_lahan": "Hutan",
        "skor_drainase": 0.0,
        "warna": "#e74c3c"
      }
    },
    {
      "type": "Feature",
      "geometry": {
        "type": "Point",
        "coordinates": [
          122.580358,
          -3.971629
        ]
      },
      "properties": {
        "risiko_aktual": "tinggi",
        "risiko_prediksi": "Tinggi",
        "probabilitas": 0.9855,
        "curah_hujan": 1991.5,
        "kemiringan": "0-8% (Datar)",
        "jenis_tanah": "Dystrudepts",
        "penggunaan_lahan": "Hutan",
        "skor_drainase": 0.0,
        "warna": "#e74c3c"
      }
    },
    {
      "type": "Feature",
      "geometry": {
        "type": "Point",
        "coordinates": [
          122.580169,
          -3.971609
        ]
      },
      "properties": {
        "risiko_aktual": "tinggi",
        "risiko_prediksi": "Tinggi",
        "probabilitas": 0.9855,
        "curah_hujan": 1991.5,
        "kemiringan": "8-15% (Landai)",
        "jenis_tanah": "Dystrudepts",
        "penggunaan_lahan": "Hutan",
        "skor_drainase": 0.0,
        "warna": "#e74c3c"
      }
    },
    {
      "type": "Feature",
      "geometry": {
        "type": "Point",
        "coordinates": [
          122.579935,
          -3.971614
        ]
      },
      "properties": {
        "risiko_aktual": "tinggi",
        "risiko_prediksi": "Tinggi",
        "probabilitas": 0.9855,
        "curah_hujan": 1991.5,
        "kemiringan": "8-15% (Landai)",
        "jenis_tanah": "Dystrudepts",
        "penggunaan_lahan": "Hutan",
        "skor_drainase": 0.0,
        "warna": "#e74c3c"
      }
    },
    {
      "type": "Feature",
      "geometry": {
        "type": "Point",
        "coordinates": [
          122.579872,
          -3.97162
        ]
      },
      "properties": {
        "risiko_aktual": "tinggi",
        "risiko_prediksi": "Tinggi",
        "probabilitas": 0.9855,
        "curah_hujan": 1991.5,
        "kemiringan": "8-15% (Landai)",
        "jenis_tanah": "Dystrudepts",
        "penggunaan_lahan": "Hutan",
        "skor_drainase": 0.0,
        "warna": "#e74c3c"
      }
    },
    {
      "type": "Feature",
      "geometry": {
        "type": "Point",
        "coordinates": [
          122.579774,
          -3.971588
        ]
      },
      "properties": {
        "risiko_aktual": "tinggi",
        "risiko_prediksi": "Tinggi",
        "probabilitas": 0.9855,
        "curah_hujan": 1991.5,
        "kemiringan": "8-15% (Landai)",
        "jenis_tanah": "Dystrudepts",
        "penggunaan_lahan": "Hutan",
        "skor_drainase": 0.0,
        "warna": "#e74c3c"
      }
    },
    {
      "type": "Feature",
      "geometry": {
        "type": "Point",
        "coordinates": [
          122.579602,
          -3.971612
        ]
      },
      "properties": {
        "risiko_aktual": "tinggi",
        "risiko_prediksi": "Tinggi",
        "probabilitas": 0.9855,
        "curah_hujan": 1991.5,
        "kemiringan": "0-8% (Datar)",
        "jenis_tanah": "Dystrudepts",
        "penggunaan_lahan": "Hutan",
        "skor_drainase": 0.0,
        "warna": "#e74c3c"
      }
    },
    {
      "type": "Feature",
      "geometry": {
        "type": "Point",
        "coordinates": [
          122.579369,
          -3.97176
        ]
      },
      "properties": {
        "risiko_aktual": "tinggi",
        "risiko_prediksi": "Tinggi",
        "probabilitas": 0.9855,
        "curah_hujan": 1991.5,
        "kemiringan": "0-8% (Datar)",
        "jenis_tanah": "Dystrudepts",
        "penggunaan_lahan": "Hutan",
        "skor_drainase": 0.0,
        "warna": "#e74c3c"
      }
    },
    {
      "type": "Feature",
      "geometry": {
        "type": "Point",
        "coordinates": [
          122.579197,
          -3.971884
        ]
      },
      "properties": {
        "risiko_aktual": "tinggi",
        "risiko_prediksi": "Tinggi",
        "probabilitas": 0.9855,
        "curah_hujan": 1991.5,
        "kemiringan": "0-8% (Datar)",
        "jenis_tanah": "Dystrudepts",
        "penggunaan_lahan": "Hutan",
        "skor_drainase": 0.0,
        "warna": "#e74c3c"
      }
    },
    {
      "type": "Feature",
      "geometry": {
        "type": "Point",
        "coordinates": [
          122.57911,
          -3.972019
        ]
      },
      "properties": {
        "risiko_aktual": "tinggi",
        "risiko_prediksi": "Tinggi",
        "probabilitas": 0.9855,
        "curah_hujan": 1991.5,
        "kemiringan": "0-8% (Datar)",
        "jenis_tanah": "Dystrudepts",
        "penggunaan_lahan": "Hutan",
        "skor_drainase": 0.0,
        "warna": "#e74c3c"
      }
    },
    {
      "type": "Feature",
      "geometry": {
        "type": "Point",
        "coordinates": [
          122.579049,
          -3.972167
        ]
      },
      "properties": {
        "risiko_aktual": "tinggi",
        "risiko_prediksi": "Tinggi",
        "probabilitas": 0.9855,
        "curah_hujan": 1991.5,
        "kemiringan": "0-8% (Datar)",
        "jenis_tanah": "Dystrudepts",
        "penggunaan_lahan": "Hutan",
        "skor_drainase": 0.0,
        "warna": "#e74c3c"
      }
    },
    {
      "type": "Feature",
      "geometry": {
        "type": "Point",
        "coordinates": [
          122.579086,
          -3.972365
        ]
      },
      "properties": {
        "risiko_aktual": "tinggi",
        "risiko_prediksi": "Tinggi",
        "probabilitas": 0.9855,
        "curah_hujan": 1991.5,
        "kemiringan": "0-8% (Datar)",
        "jenis_tanah": "Dystrudepts",
        "penggunaan_lahan": "Hutan",
        "skor_drainase": 0.0,
        "warna": "#e74c3c"
      }
    },
    {
      "type": "Feature",
      "geometry": {
        "type": "Point",
        "coordinates": [
          122.579098,
          -3.97255
        ]
      },
      "properties": {
        "risiko_aktual": "tinggi",
        "risiko_prediksi": "Tinggi",
        "probabilitas": 0.9855,
        "curah_hujan": 1991.5,
        "kemiringan": "0-8% (Datar)",
        "jenis_tanah": "Dystrudepts",
        "penggunaan_lahan": "Hutan",
        "skor_drainase": 0.0,
        "warna": "#e74c3c"
      }
    },
    {
      "type": "Feature",
      "geometry": {
        "type": "Point",
        "coordinates": [
          122.57911,
          -3.972698
        ]
      },
      "properties": {
        "risiko_aktual": "tinggi",
        "risiko_prediksi": "Tinggi",
        "probabilitas": 0.9855,
        "curah_hujan": 1991.5,
        "kemiringan": "0-8% (Datar)",
        "jenis_tanah": "Dystrudepts",
        "penggunaan_lahan": "Hutan",
        "skor_drainase": 0.0,
        "warna": "#e74c3c"
      }
    },
    {
      "type": "Feature",
      "geometry": {
        "type": "Point",
        "coordinates": [
          122.579049,
          -3.972718
        ]
      },
      "properties": {
        "risiko_aktual": "tinggi",
        "risiko_prediksi": "Tinggi",
        "probabilitas": 0.9855,
        "curah_hujan": 1991.5,
        "kemiringan": "0-8% (Datar)",
        "jenis_tanah": "Dystrudepts",
        "penggunaan_lahan": "Hutan",
        "skor_drainase": 0.0,
        "warna": "#e74c3c"
      }
    },
    {
      "type": "Feature",
      "geometry": {
        "type": "Point",
        "coordinates": [
          122.578912,
          -3.972711
        ]
      },
      "properties": {
        "risiko_aktual": "tinggi",
        "risiko_prediksi": "Tinggi",
        "probabilitas": 0.9855,
        "curah_hujan": 1991.5,
        "kemiringan": "0-8% (Datar)",
        "jenis_tanah": "Dystrudepts",
        "penggunaan_lahan": "Hutan",
        "skor_drainase": 0.0,
        "warna": "#e74c3c"
      }
    },
    {
      "type": "Feature",
      "geometry": {
        "type": "Point",
        "coordinates": [
          122.578903,
          -3.972706
        ]
      },
      "properties": {
        "risiko_aktual": "tinggi",
        "risiko_prediksi": "Tinggi",
        "probabilitas": 0.9855,
        "curah_hujan": 1991.5,
        "kemiringan": "0-8% (Datar)",
        "jenis_tanah": "Dystrudepts",
        "penggunaan_lahan": "Hutan",
        "skor_drainase": 0.0,
        "warna": "#e74c3c"
      }
    },
    {
      "type": "Feature",
      "geometry": {
        "type": "Point",
        "coordinates": [
          122.578831,
          -3.972652
        ]
      },
      "properties": {
        "risiko_aktual": "tinggi",
        "risiko_prediksi": "Tinggi",
        "probabilitas": 0.9855,
        "curah_hujan": 1991.5,
        "kemiringan": "0-8% (Datar)",
        "jenis_tanah": "Dystrudepts",
        "penggunaan_lahan": "Hutan",
        "skor_drainase": 0.0,
        "warna": "#e74c3c"
      }
    },
    {
      "type": "Feature",
      "geometry": {
        "type": "Point",
        "coordinates": [
          122.578808,
          -3.972633
        ]
      },
      "properties": {
        "risiko_aktual": "tinggi",
        "risiko_prediksi": "Tinggi",
        "probabilitas": 0.9855,
        "curah_hujan": 1991.5,
        "kemiringan": "0-8% (Datar)",
        "jenis_tanah": "Dystrudepts",
        "penggunaan_lahan": "Hutan",
        "skor_drainase": 0.0,
        "warna": "#e74c3c"
      }
    },
    {
      "type": "Feature",
      "geometry": {
        "type": "Point",
        "coordinates": [
          122.57878,
          -3.972589
        ]
      },
      "properties": {
        "risiko_aktual": "tinggi",
        "risiko_prediksi": "Tinggi",
        "probabilitas": 0.9855,
        "curah_hujan": 1991.5,
        "kemiringan": "0-8% (Datar)",
        "jenis_tanah": "Dystrudepts",
        "penggunaan_lahan": "Hutan",
        "skor_drainase": 0.0,
        "warna": "#e74c3c"
      }
    },
    {
      "type": "Feature",
      "geometry": {
        "type": "Point",
        "coordinates": [
          122.578735,
          -3.972527
        ]
      },
      "properties": {
        "risiko_aktual": "tinggi",
        "risiko_prediksi": "Tinggi",
        "probabilitas": 0.9855,
        "curah_hujan": 1991.5,
        "kemiringan": "0-8% (Datar)",
        "jenis_tanah": "Dystrudepts",
        "penggunaan_lahan": "Hutan",
        "skor_drainase": 0.0,
        "warna": "#e74c3c"
      }
    },
    {
      "type": "Feature",
      "geometry": {
        "type": "Point",
        "coordinates": [
          122.578718,
          -3.972522
        ]
      },
      "properties": {
        "risiko_aktual": "tinggi",
        "risiko_prediksi": "Tinggi",
        "probabilitas": 0.9855,
        "curah_hujan": 1991.5,
        "kemiringan": "0-8% (Datar)",
        "jenis_tanah": "Dystrudepts",
        "penggunaan_lahan": "Hutan",
        "skor_drainase": 0.0,
        "warna": "#e74c3c"
      }
    },
    {
      "type": "Feature",
      "geometry": {
        "type": "Point",
        "coordinates": [
          122.578643,
          -3.972514
        ]
      },
      "properties": {
        "risiko_aktual": "tinggi",
        "risiko_prediksi": "Tinggi",
        "probabilitas": 0.9855,
        "curah_hujan": 1991.5,
        "kemiringan": "0-8% (Datar)",
        "jenis_tanah": "Dystrudepts",
        "penggunaan_lahan": "Hutan",
        "skor_drainase": 0.0,
        "warna": "#e74c3c"
      }
    },
    {
      "type": "Feature",
      "geometry": {
        "type": "Point",
        "coordinates": [
          122.578528,
          -3.972508
        ]
      },
      "properties": {
        "risiko_aktual": "tinggi",
        "risiko_prediksi": "Tinggi",
        "probabilitas": 0.9855,
        "curah_hujan": 1991.5,
        "kemiringan": "0-8% (Datar)",
        "jenis_tanah": "Dystrudepts",
        "penggunaan_lahan": "Hutan",
        "skor_drainase": 0.0,
        "warna": "#e74c3c"
      }
    },
    {
      "type": "Feature",
      "geometry": {
        "type": "Point",
        "coordinates": [
          122.5783,
          -3.972518
        ]
      },
      "properties": {
        "risiko_aktual": "tinggi",
        "risiko_prediksi": "Tinggi",
        "probabilitas": 0.9855,
        "curah_hujan": 1991.5,
        "kemiringan": "0-8% (Datar)",
        "jenis_tanah": "Dystrudepts",
        "penggunaan_lahan": "Hutan",
        "skor_drainase": 0.0,
        "warna": "#e74c3c"
      }
    },
    {
      "type": "Feature",
      "geometry": {
        "type": "Point",
        "coordinates": [
          122.578064,
          -3.972513
        ]
      },
      "properties": {
        "risiko_aktual": "tinggi",
        "risiko_prediksi": "Tinggi",
        "probabilitas": 0.9855,
        "curah_hujan": 1991.5,
        "kemiringan": "0-8% (Datar)",
        "jenis_tanah": "Dystrudepts",
        "penggunaan_lahan": "Hutan",
        "skor_drainase": 0.0,
        "warna": "#e74c3c"
      }
    },
    {
      "type": "Feature",
      "geometry": {
        "type": "Point",
        "coordinates": [
          122.578047,
          -3.972515
        ]
      },
      "properties": {
        "risiko_aktual": "tinggi",
        "risiko_prediksi": "Tinggi",
        "probabilitas": 0.9855,
        "curah_hujan": 1991.5,
        "kemiringan": "0-8% (Datar)",
        "jenis_tanah": "Dystrudepts",
        "penggunaan_lahan": "Hutan",
        "skor_drainase": 0.0,
        "warna": "#e74c3c"
      }
    },
    {
      "type": "Feature",
      "geometry": {
        "type": "Point",
        "coordinates": [
          122.578013,
          -3.972535
        ]
      },
      "properties": {
        "risiko_aktual": "tinggi",
        "risiko_prediksi": "Tinggi",
        "probabilitas": 0.9855,
        "curah_hujan": 1991.5,
        "kemiringan": "0-8% (Datar)",
        "jenis_tanah": "Dystrudepts",
        "penggunaan_lahan": "Hutan",
        "skor_drainase": 0.0,
        "warna": "#e74c3c"
      }
    },
    {
      "type": "Feature",
      "geometry": {
        "type": "Point",
        "coordinates": [
          122.577973,
          -3.972564
        ]
      },
      "properties": {
        "risiko_aktual": "tinggi",
        "risiko_prediksi": "Tinggi",
        "probabilitas": 0.9855,
        "curah_hujan": 1991.5,
        "kemiringan": "0-8% (Datar)",
        "jenis_tanah": "Dystrudepts",
        "penggunaan_lahan": "Hutan",
        "skor_drainase": 0.0,
        "warna": "#e74c3c"
      }
    },
    {
      "type": "Feature",
      "geometry": {
        "type": "Point",
        "coordinates": [
          122.577967,
          -3.972581
        ]
      },
      "properties": {
        "risiko_aktual": "tinggi",
        "risiko_prediksi": "Tinggi",
        "probabilitas": 0.9855,
        "curah_hujan": 1991.5,
        "kemiringan": "0-8% (Datar)",
        "jenis_tanah": "Dystrudepts",
        "penggunaan_lahan": "Hutan",
        "skor_drainase": 0.0,
        "warna": "#e74c3c"
      }
    },
    {
      "type": "Feature",
      "geometry": {
        "type": "Point",
        "coordinates": [
          122.577964,
          -3.972591
        ]
      },
      "properties": {
        "risiko_aktual": "tinggi",
        "risiko_prediksi": "Tinggi",
        "probabilitas": 0.9855,
        "curah_hujan": 1991.5,
        "kemiringan": "0-8% (Datar)",
        "jenis_tanah": "Dystrudepts",
        "penggunaan_lahan": "Hutan",
        "skor_drainase": 0.0,
        "warna": "#e74c3c"
      }
    },
    {
      "type": "Feature",
      "geometry": {
        "type": "Point",
        "coordinates": [
          122.57744,
          -3.97261
        ]
      },
      "properties": {
        "risiko_aktual": "tinggi",
        "risiko_prediksi": "Tinggi",
        "probabilitas": 0.9855,
        "curah_hujan": 1991.5,
        "kemiringan": "0-8% (Datar)",
        "jenis_tanah": "Dystrudepts",
        "penggunaan_lahan": "Hutan",
        "skor_drainase": 0.0,
        "warna": "#e74c3c"
      }
    },
    {
      "type": "Feature",
      "geometry": {
        "type": "Point",
        "coordinates": [
          122.577255,
          -3.972635
        ]
      },
      "properties": {
        "risiko_aktual": "tinggi",
        "risiko_prediksi": "Tinggi",
        "probabilitas": 0.9855,
        "curah_hujan": 1991.5,
        "kemiringan": "8-15% (Landai)",
        "jenis_tanah": "Dystrudepts",
        "penggunaan_lahan": "Hutan",
        "skor_drainase": 0.0,
        "warna": "#e74c3c"
      }
    },
    {
      "type": "Feature",
      "geometry": {
        "type": "Point",
        "coordinates": [
          122.577182,
          -3.972573
        ]
      },
      "properties": {
        "risiko_aktual": "tinggi",
        "risiko_prediksi": "Tinggi",
        "probabilitas": 0.9855,
        "curah_hujan": 1991.5,
        "kemiringan": "8-15% (Landai)",
        "jenis_tanah": "Dystrudepts",
        "penggunaan_lahan": "Hutan",
        "skor_drainase": 0.0,
        "warna": "#e74c3c"
      }
    },
    {
      "type": "Feature",
      "geometry": {
        "type": "Point",
        "coordinates": [
          122.577096,
          -3.972265
        ]
      },
      "properties": {
        "risiko_aktual": "tinggi",
        "risiko_prediksi": "Tinggi",
        "probabilitas": 0.9852,
        "curah_hujan": 1991.5,
        "kemiringan": "0-8% (Datar)",
        "jenis_tanah": "Dystrudepts",
        "penggunaan_lahan": "Hutan",
        "skor_drainase": 0.0,
        "warna": "#e74c3c"
      }
    },
    {
      "type": "Feature",
      "geometry": {
        "type": "Point",
        "coordinates": [
          122.576764,
          -3.972154
        ]
      },
      "properties": {
        "risiko_aktual": "tinggi",
        "risiko_prediksi": "Tinggi",
        "probabilitas": 0.9846,
        "curah_hujan": 1991.5,
        "kemiringan": "8-15% (Landai)",
        "jenis_tanah": "Dystrudepts",
        "penggunaan_lahan": "Hutan",
        "skor_drainase": 0.0,
        "warna": "#e74c3c"
      }
    },
    {
      "type": "Feature",
      "geometry": {
        "type": "Point",
        "coordinates": [
          122.576605,
          -3.972154
        ]
      },
      "properties": {
        "risiko_aktual": "tinggi",
        "risiko_prediksi": "Tinggi",
        "probabilitas": 0.9852,
        "curah_hujan": 1991.5,
        "kemiringan": "0-8% (Datar)",
        "jenis_tanah": "Dystrudepts",
        "penggunaan_lahan": "Hutan",
        "skor_drainase": 0.0,
        "warna": "#e74c3c"
      }
    },
    {
      "type": "Feature",
      "geometry": {
        "type": "Point",
        "coordinates": [
          122.576457,
          -3.972203
        ]
      },
      "properties": {
        "risiko_aktual": "tinggi",
        "risiko_prediksi": "Tinggi",
        "probabilitas": 0.9852,
        "curah_hujan": 1991.5,
        "kemiringan": "0-8% (Datar)",
        "jenis_tanah": "Dystrudepts",
        "penggunaan_lahan": "Hutan",
        "skor_drainase": 0.0,
        "warna": "#e74c3c"
      }
    },
    {
      "type": "Feature",
      "geometry": {
        "type": "Point",
        "coordinates": [
          122.576334,
          -3.972203
        ]
      },
      "properties": {
        "risiko_aktual": "tinggi",
        "risiko_prediksi": "Tinggi",
        "probabilitas": 0.9852,
        "curah_hujan": 1991.5,
        "kemiringan": "0-8% (Datar)",
        "jenis_tanah": "Dystrudepts",
        "penggunaan_lahan": "Hutan",
        "skor_drainase": 0.0,
        "warna": "#e74c3c"
      }
    },
    {
      "type": "Feature",
      "geometry": {
        "type": "Point",
        "coordinates": [
          122.576199,
          -3.972203
        ]
      },
      "properties": {
        "risiko_aktual": "tinggi",
        "risiko_prediksi": "Tinggi",
        "probabilitas": 0.9852,
        "curah_hujan": 1991.5,
        "kemiringan": "0-8% (Datar)",
        "jenis_tanah": "Dystrudepts",
        "penggunaan_lahan": "Hutan",
        "skor_drainase": 0.0,
        "warna": "#e74c3c"
      }
    },
    {
      "type": "Feature",
      "geometry": {
        "type": "Point",
        "coordinates": [
          122.576125,
          -3.972203
        ]
      },
      "properties": {
        "risiko_aktual": "tinggi",
        "risiko_prediksi": "Tinggi",
        "probabilitas": 0.9855,
        "curah_hujan": 1991.5,
        "kemiringan": "0-8% (Datar)",
        "jenis_tanah": "Dystrudepts",
        "penggunaan_lahan": "Hutan",
        "skor_drainase": 0.0,
        "warna": "#e74c3c"
      }
    },
    {
      "type": "Feature",
      "geometry": {
        "type": "Point",
        "coordinates": [
          122.576088,
          -3.972351
        ]
      },
      "properties": {
        "risiko_aktual": "tinggi",
        "risiko_prediksi": "Tinggi",
        "probabilitas": 0.9855,
        "curah_hujan": 1991.5,
        "kemiringan": "0-8% (Datar)",
        "jenis_tanah": "Dystrudepts",
        "penggunaan_lahan": "Hutan",
        "skor_drainase": 0.0,
        "warna": "#e74c3c"
      }
    },
    {
      "type": "Feature",
      "geometry": {
        "type": "Point",
        "coordinates": [
          122.576113,
          -3.972474
        ]
      },
      "properties": {
        "risiko_aktual": "tinggi",
        "risiko_prediksi": "Tinggi",
        "probabilitas": 0.9855,
        "curah_hujan": 1991.5,
        "kemiringan": "0-8% (Datar)",
        "jenis_tanah": "Dystrudepts",
        "penggunaan_lahan": "Hutan",
        "skor_drainase": 0.0,
        "warna": "#e74c3c"
      }
    },
    {
      "type": "Feature",
      "geometry": {
        "type": "Point",
        "coordinates": [
          122.576297,
          -3.972561
        ]
      },
      "properties": {
        "risiko_aktual": "tinggi",
        "risiko_prediksi": "Tinggi",
        "probabilitas": 0.9855,
        "curah_hujan": 1991.5,
        "kemiringan": "8-15% (Landai)",
        "jenis_tanah": "Dystrudepts",
        "penggunaan_lahan": "Hutan",
        "skor_drainase": 0.0,
        "warna": "#e74c3c"
      }
    },
    {
      "type": "Feature",
      "geometry": {
        "type": "Point",
        "coordinates": [
          122.576297,
          -3.972821
        ]
      },
      "properties": {
        "risiko_aktual": "tinggi",
        "risiko_prediksi": "Tinggi",
        "probabilitas": 0.9855,
        "curah_hujan": 1991.5,
        "kemiringan": "0-8% (Datar)",
        "jenis_tanah": "Dystrudepts",
        "penggunaan_lahan": "Hutan",
        "skor_drainase": 0.0,
        "warna": "#e74c3c"
      }
    },
    {
      "type": "Feature",
      "geometry": {
        "type": "Point",
        "coordinates": [
          122.576238,
          -3.972809
        ]
      },
      "properties": {
        "risiko_aktual": "tinggi",
        "risiko_prediksi": "Tinggi",
        "probabilitas": 0.9855,
        "curah_hujan": 1991.5,
        "kemiringan": "0-8% (Datar)",
        "jenis_tanah": "Dystrudepts",
        "penggunaan_lahan": "Hutan",
        "skor_drainase": 0.0,
        "warna": "#e74c3c"
      }
    },
    {
      "type": "Feature",
      "geometry": {
        "type": "Point",
        "coordinates": [
          122.57587,
          -3.972739
        ]
      },
      "properties": {
        "risiko_aktual": "tinggi",
        "risiko_prediksi": "Tinggi",
        "probabilitas": 0.9855,
        "curah_hujan": 1991.5,
        "kemiringan": "0-8% (Datar)",
        "jenis_tanah": "Dystrudepts",
        "penggunaan_lahan": "Hutan",
        "skor_drainase": 0.0,
        "warna": "#e74c3c"
      }
    },
    {
      "type": "Feature",
      "geometry": {
        "type": "Point",
        "coordinates": [
          122.575755,
          -3.972719
        ]
      },
      "properties": {
        "risiko_aktual": "tinggi",
        "risiko_prediksi": "Tinggi",
        "probabilitas": 0.9855,
        "curah_hujan": 1991.5,
        "kemiringan": "0-8% (Datar)",
        "jenis_tanah": "Dystrudepts",
        "penggunaan_lahan": "Hutan",
        "skor_drainase": 0.0,
        "warna": "#e74c3c"
      }
    },
    {
      "type": "Feature",
      "geometry": {
        "type": "Point",
        "coordinates": [
          122.575751,
          -3.972718
        ]
      },
      "properties": {
        "risiko_aktual": "tinggi",
        "risiko_prediksi": "Tinggi",
        "probabilitas": 0.9855,
        "curah_hujan": 1991.5,
        "kemiringan": "0-8% (Datar)",
        "jenis_tanah": "Dystrudepts",
        "penggunaan_lahan": "Hutan",
        "skor_drainase": 0.0,
        "warna": "#e74c3c"
      }
    },
    {
      "type": "Feature",
      "geometry": {
        "type": "Point",
        "coordinates": [
          122.57567,
          -3.972523
        ]
      },
      "properties": {
        "risiko_aktual": "tinggi",
        "risiko_prediksi": "Tinggi",
        "probabilitas": 0.9855,
        "curah_hujan": 1991.5,
        "kemiringan": "0-8% (Datar)",
        "jenis_tanah": "Dystrudepts",
        "penggunaan_lahan": "Hutan",
        "skor_drainase": 0.0,
        "warna": "#e74c3c"
      }
    },
    {
      "type": "Feature",
      "geometry": {
        "type": "Point",
        "coordinates": [
          122.575771,
          -3.972448
        ]
      },
      "properties": {
        "risiko_aktual": "tinggi",
        "risiko_prediksi": "Tinggi",
        "probabilitas": 0.9855,
        "curah_hujan": 1991.5,
        "kemiringan": "0-8% (Datar)",
        "jenis_tanah": "Dystrudepts",
        "penggunaan_lahan": "Hutan",
        "skor_drainase": 0.0,
        "warna": "#e74c3c"
      }
    },
    {
      "type": "Feature",
      "geometry": {
        "type": "Point",
        "coordinates": [
          122.575796,
          -3.972196
        ]
      },
      "properties": {
        "risiko_aktual": "tinggi",
        "risiko_prediksi": "Tinggi",
        "probabilitas": 0.9855,
        "curah_hujan": 1991.5,
        "kemiringan": "0-8% (Datar)",
        "jenis_tanah": "Dystrudepts",
        "penggunaan_lahan": "Hutan",
        "skor_drainase": 0.0,
        "warna": "#e74c3c"
      }
    },
    {
      "type": "Feature",
      "geometry": {
        "type": "Point",
        "coordinates": [
          122.575746,
          -3.972046
        ]
      },
      "properties": {
        "risiko_aktual": "tinggi",
        "risiko_prediksi": "Tinggi",
        "probabilitas": 0.9855,
        "curah_hujan": 1991.5,
        "kemiringan": "0-8% (Datar)",
        "jenis_tanah": "Dystrudepts",
        "penggunaan_lahan": "Hutan",
        "skor_drainase": 0.0,
        "warna": "#e74c3c"
      }
    },
    {
      "type": "Feature",
      "geometry": {
        "type": "Point",
        "coordinates": [
          122.575721,
          -3.97197
        ]
      },
      "properties": {
        "risiko_aktual": "tinggi",
        "risiko_prediksi": "Tinggi",
        "probabilitas": 0.9855,
        "curah_hujan": 1991.5,
        "kemiringan": "0-8% (Datar)",
        "jenis_tanah": "Dystrudepts",
        "penggunaan_lahan": "Hutan",
        "skor_drainase": 0.0,
        "warna": "#e74c3c"
      }
    },
    {
      "type": "Feature",
      "geometry": {
        "type": "Point",
        "coordinates": [
          122.575596,
          -3.971694
        ]
      },
      "properties": {
        "risiko_aktual": "tinggi",
        "risiko_prediksi": "Tinggi",
        "probabilitas": 0.9855,
        "curah_hujan": 1991.5,
        "kemiringan": "8-15% (Landai)",
        "jenis_tanah": "Dystrudepts",
        "penggunaan_lahan": "Hutan",
        "skor_drainase": 0.0,
        "warna": "#e74c3c"
      }
    },
    {
      "type": "Feature",
      "geometry": {
        "type": "Point",
        "coordinates": [
          122.575421,
          -3.971493
        ]
      },
      "properties": {
        "risiko_aktual": "tinggi",
        "risiko_prediksi": "Tinggi",
        "probabilitas": 0.9855,
        "curah_hujan": 1991.5,
        "kemiringan": "0-8% (Datar)",
        "jenis_tanah": "Dystrudepts",
        "penggunaan_lahan": "Hutan",
        "skor_drainase": 0.0,
        "warna": "#e74c3c"
      }
    },
    {
      "type": "Feature",
      "geometry": {
        "type": "Point",
        "coordinates": [
          122.575346,
          -3.971292
        ]
      },
      "properties": {
        "risiko_aktual": "tinggi",
        "risiko_prediksi": "Tinggi",
        "probabilitas": 0.9846,
        "curah_hujan": 1991.5,
        "kemiringan": "8-15% (Landai)",
        "jenis_tanah": "Dystrudepts",
        "penggunaan_lahan": "Hutan",
        "skor_drainase": 0.0,
        "warna": "#e74c3c"
      }
    },
    {
      "type": "Feature",
      "geometry": {
        "type": "Point",
        "coordinates": [
          122.574495,
          -3.971015
        ]
      },
      "properties": {
        "risiko_aktual": "tinggi",
        "risiko_prediksi": "Tinggi",
        "probabilitas": 0.9855,
        "curah_hujan": 1991.5,
        "kemiringan": "8-15% (Landai)",
        "jenis_tanah": "Dystrudepts",
        "penggunaan_lahan": "Hutan",
        "skor_drainase": 0.0,
        "warna": "#e74c3c"
      }
    },
    {
      "type": "Feature",
      "geometry": {
        "type": "Point",
        "coordinates": [
          122.574171,
          -3.97109
        ]
      },
      "properties": {
        "risiko_aktual": "tinggi",
        "risiko_prediksi": "Tinggi",
        "probabilitas": 0.9855,
        "curah_hujan": 1991.5,
        "kemiringan": "0-8% (Datar)",
        "jenis_tanah": "Dystrudepts",
        "penggunaan_lahan": "Hutan",
        "skor_drainase": 0.0,
        "warna": "#e74c3c"
      }
    },
    {
      "type": "Feature",
      "geometry": {
        "type": "Point",
        "coordinates": [
          122.57402,
          -3.971266
        ]
      },
      "properties": {
        "risiko_aktual": "tinggi",
        "risiko_prediksi": "Tinggi",
        "probabilitas": 0.9855,
        "curah_hujan": 1991.5,
        "kemiringan": "0-8% (Datar)",
        "jenis_tanah": "Dystrudepts",
        "penggunaan_lahan": "Hutan",
        "skor_drainase": 0.0,
        "warna": "#e74c3c"
      }
    },
    {
      "type": "Feature",
      "geometry": {
        "type": "Point",
        "coordinates": [
          122.57372,
          -3.971291
        ]
      },
      "properties": {
        "risiko_aktual": "tinggi",
        "risiko_prediksi": "Tinggi",
        "probabilitas": 0.9855,
        "curah_hujan": 1991.5,
        "kemiringan": "0-8% (Datar)",
        "jenis_tanah": "Dystrudepts",
        "penggunaan_lahan": "Hutan",
        "skor_drainase": 0.0,
        "warna": "#e74c3c"
      }
    },
    {
      "type": "Feature",
      "geometry": {
        "type": "Point",
        "coordinates": [
          122.573495,
          -3.97114
        ]
      },
      "properties": {
        "risiko_aktual": "tinggi",
        "risiko_prediksi": "Tinggi",
        "probabilitas": 0.9855,
        "curah_hujan": 1991.5,
        "kemiringan": "0-8% (Datar)",
        "jenis_tanah": "Dystrudepts",
        "penggunaan_lahan": "Hutan",
        "skor_drainase": 0.0,
        "warna": "#e74c3c"
      }
    },
    {
      "type": "Feature",
      "geometry": {
        "type": "Point",
        "coordinates": [
          122.573495,
          -3.970989
        ]
      },
      "properties": {
        "risiko_aktual": "tinggi",
        "risiko_prediksi": "Tinggi",
        "probabilitas": 0.9855,
        "curah_hujan": 1991.5,
        "kemiringan": "0-8% (Datar)",
        "jenis_tanah": "Dystrudepts",
        "penggunaan_lahan": "Hutan",
        "skor_drainase": 0.0,
        "warna": "#e74c3c"
      }
    },
    {
      "type": "Feature",
      "geometry": {
        "type": "Point",
        "coordinates": [
          122.573245,
          -3.970889
        ]
      },
      "properties": {
        "risiko_aktual": "tinggi",
        "risiko_prediksi": "Tinggi",
        "probabilitas": 0.9855,
        "curah_hujan": 1991.5,
        "kemiringan": "0-8% (Datar)",
        "jenis_tanah": "Dystrudepts",
        "penggunaan_lahan": "Hutan",
        "skor_drainase": 0.0,
        "warna": "#e74c3c"
      }
    },
    {
      "type": "Feature",
      "geometry": {
        "type": "Point",
        "coordinates": [
          122.573069,
          -3.970939
        ]
      },
      "properties": {
        "risiko_aktual": "tinggi",
        "risiko_prediksi": "Tinggi",
        "probabilitas": 0.9855,
        "curah_hujan": 1991.5,
        "kemiringan": "0-8% (Datar)",
        "jenis_tanah": "Dystrudepts",
        "penggunaan_lahan": "Hutan",
        "skor_drainase": 0.0,
        "warna": "#e74c3c"
      }
    },
    {
      "type": "Feature",
      "geometry": {
        "type": "Point",
        "coordinates": [
          122.572869,
          -3.97109
        ]
      },
      "properties": {
        "risiko_aktual": "tinggi",
        "risiko_prediksi": "Tinggi",
        "probabilitas": 0.9855,
        "curah_hujan": 1991.5,
        "kemiringan": "0-8% (Datar)",
        "jenis_tanah": "Dystrudepts",
        "penggunaan_lahan": "Hutan",
        "skor_drainase": 0.0,
        "warna": "#e74c3c"
      }
    },
    {
      "type": "Feature",
      "geometry": {
        "type": "Point",
        "coordinates": [
          122.572694,
          -3.971316
        ]
      },
      "properties": {
        "risiko_aktual": "tinggi",
        "risiko_prediksi": "Tinggi",
        "probabilitas": 0.9855,
        "curah_hujan": 1991.5,
        "kemiringan": "0-8% (Datar)",
        "jenis_tanah": "Dystrudepts",
        "penggunaan_lahan": "Hutan",
        "skor_drainase": 0.0,
        "warna": "#e74c3c"
      }
    },
    {
      "type": "Feature",
      "geometry": {
        "type": "Point",
        "coordinates": [
          122.572531,
          -3.971363
        ]
      },
      "properties": {
        "risiko_aktual": "tinggi",
        "risiko_prediksi": "Tinggi",
        "probabilitas": 0.9855,
        "curah_hujan": 1991.5,
        "kemiringan": "0-8% (Datar)",
        "jenis_tanah": "Dystrudepts",
        "penggunaan_lahan": "Hutan",
        "skor_drainase": 0.0,
        "warna": "#e74c3c"
      }
    },
    {
      "type": "Feature",
      "geometry": {
        "type": "Point",
        "coordinates": [
          122.572423,
          -3.971358
        ]
      },
      "properties": {
        "risiko_aktual": "tinggi",
        "risiko_prediksi": "Tinggi",
        "probabilitas": 0.9855,
        "curah_hujan": 1991.5,
        "kemiringan": "0-8% (Datar)",
        "jenis_tanah": "Dystrudepts",
        "penggunaan_lahan": "Hutan",
        "skor_drainase": 0.0,
        "warna": "#e74c3c"
      }
    },
    {
      "type": "Feature",
      "geometry": {
        "type": "Point",
        "coordinates": [
          122.572219,
          -3.97134
        ]
      },
      "properties": {
        "risiko_aktual": "tinggi",
        "risiko_prediksi": "Tinggi",
        "probabilitas": 0.9855,
        "curah_hujan": 1991.5,
        "kemiringan": "0-8% (Datar)",
        "jenis_tanah": "Dystrudepts",
        "penggunaan_lahan": "Hutan",
        "skor_drainase": 0.0,
        "warna": "#e74c3c"
      }
    },
    {
      "type": "Feature",
      "geometry": {
        "type": "Point",
        "coordinates": [
          122.571944,
          -3.971215
        ]
      },
      "properties": {
        "risiko_aktual": "tinggi",
        "risiko_prediksi": "Tinggi",
        "probabilitas": 0.9855,
        "curah_hujan": 1991.5,
        "kemiringan": "0-8% (Datar)",
        "jenis_tanah": "Dystrudepts",
        "penggunaan_lahan": "Hutan",
        "skor_drainase": 0.0,
        "warna": "#e74c3c"
      }
    },
    {
      "type": "Feature",
      "geometry": {
        "type": "Point",
        "coordinates": [
          122.571844,
          -3.970938
        ]
      },
      "properties": {
        "risiko_aktual": "tinggi",
        "risiko_prediksi": "Tinggi",
        "probabilitas": 0.9855,
        "curah_hujan": 1991.5,
        "kemiringan": "0-8% (Datar)",
        "jenis_tanah": "Dystrudepts",
        "penggunaan_lahan": "Hutan",
        "skor_drainase": 0.0,
        "warna": "#e74c3c"
      }
    },
    {
      "type": "Feature",
      "geometry": {
        "type": "Point",
        "coordinates": [
          122.571694,
          -3.970662
        ]
      },
      "properties": {
        "risiko_aktual": "tinggi",
        "risiko_prediksi": "Tinggi",
        "probabilitas": 0.9855,
        "curah_hujan": 1991.5,
        "kemiringan": "0-8% (Datar)",
        "jenis_tanah": "Dystrudepts",
        "penggunaan_lahan": "Hutan",
        "skor_drainase": 0.0,
        "warna": "#e74c3c"
      }
    },
    {
      "type": "Feature",
      "geometry": {
        "type": "Point",
        "coordinates": [
          122.571219,
          -3.970586
        ]
      },
      "properties": {
        "risiko_aktual": "tinggi",
        "risiko_prediksi": "Tinggi",
        "probabilitas": 0.9855,
        "curah_hujan": 1991.5,
        "kemiringan": "8-15% (Landai)",
        "jenis_tanah": "Dystrudepts",
        "penggunaan_lahan": "Hutan",
        "skor_drainase": 0.0,
        "warna": "#e74c3c"
      }
    },
    {
      "type": "Feature",
      "geometry": {
        "type": "Point",
        "coordinates": [
          122.570418,
          -3.970485
        ]
      },
      "properties": {
        "risiko_aktual": "tinggi",
        "risiko_prediksi": "Tinggi",
        "probabilitas": 0.9855,
        "curah_hujan": 1991.5,
        "kemiringan": "0-8% (Datar)",
        "jenis_tanah": "Dystrudepts",
        "penggunaan_lahan": "Hutan",
        "skor_drainase": 0.0,
        "warna": "#e74c3c"
      }
    },
    {
      "type": "Feature",
      "geometry": {
        "type": "Point",
        "coordinates": [
          122.568603,
          -3.970156
        ]
      },
      "properties": {
        "risiko_aktual": "tinggi",
        "risiko_prediksi": "Tinggi",
        "probabilitas": 0.9855,
        "curah_hujan": 1991.5,
        "kemiringan": "0-8% (Datar)",
        "jenis_tanah": "Dystrudepts",
        "penggunaan_lahan": "Hutan",
        "skor_drainase": 0.0,
        "warna": "#e74c3c"
      }
    },
    {
      "type": "Feature",
      "geometry": {
        "type": "Point",
        "coordinates": [
          122.568353,
          -3.970005
        ]
      },
      "properties": {
        "risiko_aktual": "tinggi",
        "risiko_prediksi": "Tinggi",
        "probabilitas": 0.9855,
        "curah_hujan": 1991.5,
        "kemiringan": "0-8% (Datar)",
        "jenis_tanah": "Dystrudepts",
        "penggunaan_lahan": "Hutan",
        "skor_drainase": 0.0,
        "warna": "#e74c3c"
      }
    },
    {
      "type": "Feature",
      "geometry": {
        "type": "Point",
        "coordinates": [
          122.567853,
          -3.970005
        ]
      },
      "properties": {
        "risiko_aktual": "tinggi",
        "risiko_prediksi": "Tinggi",
        "probabilitas": 0.9855,
        "curah_hujan": 1991.5,
        "kemiringan": "0-8% (Datar)",
        "jenis_tanah": "Dystrudepts",
        "penggunaan_lahan": "Hutan",
        "skor_drainase": 0.0,
        "warna": "#e74c3c"
      }
    },
    {
      "type": "Feature",
      "geometry": {
        "type": "Point",
        "coordinates": [
          122.567603,
          -3.96998
        ]
      },
      "properties": {
        "risiko_aktual": "tinggi",
        "risiko_prediksi": "Tinggi",
        "probabilitas": 0.9855,
        "curah_hujan": 1991.5,
        "kemiringan": "8-15% (Landai)",
        "jenis_tanah": "Dystrudepts",
        "penggunaan_lahan": "Hutan",
        "skor_drainase": 0.0,
        "warna": "#e74c3c"
      }
    },
    {
      "type": "Feature",
      "geometry": {
        "type": "Point",
        "coordinates": [
          122.567052,
          -3.969929
        ]
      },
      "properties": {
        "risiko_aktual": "tinggi",
        "risiko_prediksi": "Tinggi",
        "probabilitas": 0.9855,
        "curah_hujan": 1991.5,
        "kemiringan": "0-8% (Datar)",
        "jenis_tanah": "Dystrudepts",
        "penggunaan_lahan": "Hutan",
        "skor_drainase": 0.0,
        "warna": "#e74c3c"
      }
    },
    {
      "type": "Feature",
      "geometry": {
        "type": "Point",
        "coordinates": [
          122.566677,
          -3.969879
        ]
      },
      "properties": {
        "risiko_aktual": "tinggi",
        "risiko_prediksi": "Tinggi",
        "probabilitas": 0.9855,
        "curah_hujan": 1991.5,
        "kemiringan": "0-8% (Datar)",
        "jenis_tanah": "Dystrudepts",
        "penggunaan_lahan": "Hutan",
        "skor_drainase": 0.0,
        "warna": "#e74c3c"
      }
    },
    {
      "type": "Feature",
      "geometry": {
        "type": "Point",
        "coordinates": [
          122.566377,
          -3.969728
        ]
      },
      "properties": {
        "risiko_aktual": "tinggi",
        "risiko_prediksi": "Tinggi",
        "probabilitas": 0.9855,
        "curah_hujan": 1991.5,
        "kemiringan": "0-8% (Datar)",
        "jenis_tanah": "Dystrudepts",
        "penggunaan_lahan": "Hutan",
        "skor_drainase": 0.0,
        "warna": "#e74c3c"
      }
    },
    {
      "type": "Feature",
      "geometry": {
        "type": "Point",
        "coordinates": [
          122.566027,
          -3.969652
        ]
      },
      "properties": {
        "risiko_aktual": "tinggi",
        "risiko_prediksi": "Tinggi",
        "probabilitas": 0.9855,
        "curah_hujan": 1991.5,
        "kemiringan": "0-8% (Datar)",
        "jenis_tanah": "Dystrudepts",
        "penggunaan_lahan": "Hutan",
        "skor_drainase": 0.0,
        "warna": "#e74c3c"
      }
    },
    {
      "type": "Feature",
      "geometry": {
        "type": "Point",
        "coordinates": [
          122.565727,
          -3.969652
        ]
      },
      "properties": {
        "risiko_aktual": "tinggi",
        "risiko_prediksi": "Tinggi",
        "probabilitas": 0.9855,
        "curah_hujan": 1991.5,
        "kemiringan": "8-15% (Landai)",
        "jenis_tanah": "Dystrudepts",
        "penggunaan_lahan": "Hutan",
        "skor_drainase": 0.0,
        "warna": "#e74c3c"
      }
    },
    {
      "type": "Feature",
      "geometry": {
        "type": "Point",
        "coordinates": [
          122.565677,
          -3.969732
        ]
      },
      "properties": {
        "risiko_aktual": "tinggi",
        "risiko_prediksi": "Tinggi",
        "probabilitas": 0.9855,
        "curah_hujan": 1991.5,
        "kemiringan": "8-15% (Landai)",
        "jenis_tanah": "Dystrudepts",
        "penggunaan_lahan": "Hutan",
        "skor_drainase": 0.0,
        "warna": "#e74c3c"
      }
    },
    {
      "type": "Feature",
      "geometry": {
        "type": "Point",
        "coordinates": [
          122.565372,
          -3.969682
        ]
      },
      "properties": {
        "risiko_aktual": "tinggi",
        "risiko_prediksi": "Tinggi",
        "probabilitas": 0.9855,
        "curah_hujan": 1991.5,
        "kemiringan": "8-15% (Landai)",
        "jenis_tanah": "Dystrudepts",
        "penggunaan_lahan": "Hutan",
        "skor_drainase": 0.0,
        "warna": "#e74c3c"
      }
    },
    {
      "type": "Feature",
      "geometry": {
        "type": "Point",
        "coordinates": [
          122.564663,
          -3.969502
        ]
      },
      "properties": {
        "risiko_aktual": "tinggi",
        "risiko_prediksi": "Tinggi",
        "probabilitas": 0.9846,
        "curah_hujan": 1991.5,
        "kemiringan": "8-15% (Landai)",
        "jenis_tanah": "Dystrudepts",
        "penggunaan_lahan": "Hutan",
        "skor_drainase": 0.0,
        "warna": "#e74c3c"
      }
    },
    {
      "type": "Feature",
      "geometry": {
        "type": "Point",
        "coordinates": [
          122.564294,
          -3.969394
        ]
      },
      "properties": {
        "risiko_aktual": "tinggi",
        "risiko_prediksi": "Tinggi",
        "probabilitas": 0.9855,
        "curah_hujan": 1991.5,
        "kemiringan": "0-8% (Datar)",
        "jenis_tanah": "Dystrudepts",
        "penggunaan_lahan": "Hutan",
        "skor_drainase": 0.0,
        "warna": "#e74c3c"
      }
    },
    {
      "type": "Feature",
      "geometry": {
        "type": "Point",
        "coordinates": [
          122.564227,
          -3.969373
        ]
      },
      "properties": {
        "risiko_aktual": "tinggi",
        "risiko_prediksi": "Tinggi",
        "probabilitas": 0.9855,
        "curah_hujan": 1991.5,
        "kemiringan": "0-8% (Datar)",
        "jenis_tanah": "Dystrudepts",
        "penggunaan_lahan": "Hutan",
        "skor_drainase": 0.0,
        "warna": "#e74c3c"
      }
    },
    {
      "type": "Feature",
      "geometry": {
        "type": "Point",
        "coordinates": [
          122.5637,
          -3.969098
        ]
      },
      "properties": {
        "risiko_aktual": "tinggi",
        "risiko_prediksi": "Tinggi",
        "probabilitas": 0.9855,
        "curah_hujan": 1991.5,
        "kemiringan": "8-15% (Landai)",
        "jenis_tanah": "Dystrudepts",
        "penggunaan_lahan": "Hutan",
        "skor_drainase": 0.0,
        "warna": "#e74c3c"
      }
    },
    {
      "type": "Feature",
      "geometry": {
        "type": "Point",
        "coordinates": [
          122.56335,
          -3.968922
        ]
      },
      "properties": {
        "risiko_aktual": "tinggi",
        "risiko_prediksi": "Tinggi",
        "probabilitas": 0.9855,
        "curah_hujan": 1991.5,
        "kemiringan": "8-15% (Landai)",
        "jenis_tanah": "Dystrudepts",
        "penggunaan_lahan": "Hutan",
        "skor_drainase": 0.0,
        "warna": "#e74c3c"
      }
    },
    {
      "type": "Feature",
      "geometry": {
        "type": "Point",
        "coordinates": [
          122.56305,
          -3.968822
        ]
      },
      "properties": {
        "risiko_aktual": "tinggi",
        "risiko_prediksi": "Tinggi",
        "probabilitas": 0.9855,
        "curah_hujan": 1991.5,
        "kemiringan": "0-8% (Datar)",
        "jenis_tanah": "Dystrudepts",
        "penggunaan_lahan": "Hutan",
        "skor_drainase": 0.0,
        "warna": "#e74c3c"
      }
    },
    {
      "type": "Feature",
      "geometry": {
        "type": "Point",
        "coordinates": [
          122.5628,
          -3.968671
        ]
      },
      "properties": {
        "risiko_aktual": "tinggi",
        "risiko_prediksi": "Tinggi",
        "probabilitas": 0.9855,
        "curah_hujan": 1991.5,
        "kemiringan": "0-8% (Datar)",
        "jenis_tanah": "Dystrudepts",
        "penggunaan_lahan": "Hutan",
        "skor_drainase": 0.0,
        "warna": "#e74c3c"
      }
    },
    {
      "type": "Feature",
      "geometry": {
        "type": "Point",
        "coordinates": [
          122.562793,
          -3.968668
        ]
      },
      "properties": {
        "risiko_aktual": "tinggi",
        "risiko_prediksi": "Tinggi",
        "probabilitas": 0.9855,
        "curah_hujan": 1991.5,
        "kemiringan": "0-8% (Datar)",
        "jenis_tanah": "Dystrudepts",
        "penggunaan_lahan": "Hutan",
        "skor_drainase": 0.0,
        "warna": "#e74c3c"
      }
    },
    {
      "type": "Feature",
      "geometry": {
        "type": "Point",
        "coordinates": [
          122.562444,
          -3.968405
        ]
      },
      "properties": {
        "risiko_aktual": "tinggi",
        "risiko_prediksi": "Tinggi",
        "probabilitas": 0.9855,
        "curah_hujan": 1991.5,
        "kemiringan": "0-8% (Datar)",
        "jenis_tanah": "Dystrudepts",
        "penggunaan_lahan": "Hutan",
        "skor_drainase": 0.0,
        "warna": "#e74c3c"
      }
    },
    {
      "type": "Feature",
      "geometry": {
        "type": "Point",
        "coordinates": [
          122.56232,
          -3.968325
        ]
      },
      "properties": {
        "risiko_aktual": "tinggi",
        "risiko_prediksi": "Tinggi",
        "probabilitas": 0.9855,
        "curah_hujan": 1991.5,
        "kemiringan": "8-15% (Landai)",
        "jenis_tanah": "Dystrudepts",
        "penggunaan_lahan": "Hutan",
        "skor_drainase": 0.0,
        "warna": "#e74c3c"
      }
    },
    {
      "type": "Feature",
      "geometry": {
        "type": "Point",
        "coordinates": [
          122.562275,
          -3.968269
        ]
      },
      "properties": {
        "risiko_aktual": "tinggi",
        "risiko_prediksi": "Tinggi",
        "probabilitas": 0.9855,
        "curah_hujan": 1991.5,
        "kemiringan": "8-15% (Landai)",
        "jenis_tanah": "Dystrudepts",
        "penggunaan_lahan": "Hutan",
        "skor_drainase": 0.0,
        "warna": "#e74c3c"
      }
    },
    {
      "type": "Feature",
      "geometry": {
        "type": "Point",
        "coordinates": [
          122.562201,
          -3.968249
        ]
      },
      "properties": {
        "risiko_aktual": "tinggi",
        "risiko_prediksi": "Tinggi",
        "probabilitas": 0.9855,
        "curah_hujan": 1991.5,
        "kemiringan": "8-15% (Landai)",
        "jenis_tanah": "Dystrudepts",
        "penggunaan_lahan": "Hutan",
        "skor_drainase": 0.0,
        "warna": "#e74c3c"
      }
    },
    {
      "type": "Feature",
      "geometry": {
        "type": "Point",
        "coordinates": [
          122.562091,
          -3.968179
        ]
      },
      "properties": {
        "risiko_aktual": "tinggi",
        "risiko_prediksi": "Tinggi",
        "probabilitas": 0.9855,
        "curah_hujan": 1991.5,
        "kemiringan": "8-15% (Landai)",
        "jenis_tanah": "Dystrudepts",
        "penggunaan_lahan": "Hutan",
        "skor_drainase": 0.0,
        "warna": "#e74c3c"
      }
    },
    {
      "type": "Feature",
      "geometry": {
        "type": "Point",
        "coordinates": [
          122.56188,
          -3.968035
        ]
      },
      "properties": {
        "risiko_aktual": "tinggi",
        "risiko_prediksi": "Tinggi",
        "probabilitas": 0.9855,
        "curah_hujan": 1991.5,
        "kemiringan": "8-15% (Landai)",
        "jenis_tanah": "Dystrudepts",
        "penggunaan_lahan": "Hutan",
        "skor_drainase": 0.0,
        "warna": "#e74c3c"
      }
    },
    {
      "type": "Feature",
      "geometry": {
        "type": "Point",
        "coordinates": [
          122.561623,
          -3.967869
        ]
      },
      "properties": {
        "risiko_aktual": "tinggi",
        "risiko_prediksi": "Tinggi",
        "probabilitas": 0.9855,
        "curah_hujan": 1991.5,
        "kemiringan": "0-8% (Datar)",
        "jenis_tanah": "Dystrudepts",
        "penggunaan_lahan": "Hutan",
        "skor_drainase": 0.0,
        "warna": "#e74c3c"
      }
    },
    {
      "type": "Feature",
      "geometry": {
        "type": "Point",
        "coordinates": [
          122.561608,
          -3.967859
        ]
      },
      "properties": {
        "risiko_aktual": "tinggi",
        "risiko_prediksi": "Tinggi",
        "probabilitas": 0.9855,
        "curah_hujan": 1991.5,
        "kemiringan": "0-8% (Datar)",
        "jenis_tanah": "Dystrudepts",
        "penggunaan_lahan": "Hutan",
        "skor_drainase": 0.0,
        "warna": "#e74c3c"
      }
    },
    {
      "type": "Feature",
      "geometry": {
        "type": "Point",
        "coordinates": [
          122.56156,
          -3.967849
        ]
      },
      "properties": {
        "risiko_aktual": "tinggi",
        "risiko_prediksi": "Tinggi",
        "probabilitas": 0.9855,
        "curah_hujan": 1991.5,
        "kemiringan": "0-8% (Datar)",
        "jenis_tanah": "Dystrudepts",
        "penggunaan_lahan": "Hutan",
        "skor_drainase": 0.0,
        "warna": "#e74c3c"
      }
    },
    {
      "type": "Feature",
      "geometry": {
        "type": "Point",
        "coordinates": [
          122.561309,
          -3.967793
        ]
      },
      "properties": {
        "risiko_aktual": "tinggi",
        "risiko_prediksi": "Tinggi",
        "probabilitas": 0.9855,
        "curah_hujan": 1991.5,
        "kemiringan": "0-8% (Datar)",
        "jenis_tanah": "Dystrudepts",
        "penggunaan_lahan": "Hutan",
        "skor_drainase": 0.0,
        "warna": "#e74c3c"
      }
    },
    {
      "type": "Feature",
      "geometry": {
        "type": "Point",
        "coordinates": [
          122.561197,
          -3.967767
        ]
      },
      "properties": {
        "risiko_aktual": "tinggi",
        "risiko_prediksi": "Tinggi",
        "probabilitas": 0.9855,
        "curah_hujan": 1991.5,
        "kemiringan": "0-8% (Datar)",
        "jenis_tanah": "Dystrudepts",
        "penggunaan_lahan": "Hutan",
        "skor_drainase": 0.0,
        "warna": "#e74c3c"
      }
    },
    {
      "type": "Feature",
      "geometry": {
        "type": "Point",
        "coordinates": [
          122.56106,
          -3.967733
        ]
      },
      "properties": {
        "risiko_aktual": "tinggi",
        "risiko_prediksi": "Tinggi",
        "probabilitas": 0.9855,
        "curah_hujan": 1991.5,
        "kemiringan": "0-8% (Datar)",
        "jenis_tanah": "Dystrudepts",
        "penggunaan_lahan": "Hutan",
        "skor_drainase": 0.0,
        "warna": "#e74c3c"
      }
    },
    {
      "type": "Feature",
      "geometry": {
        "type": "Point",
        "coordinates": [
          122.560921,
          -3.967698
        ]
      },
      "properties": {
        "risiko_aktual": "tinggi",
        "risiko_prediksi": "Tinggi",
        "probabilitas": 0.9855,
        "curah_hujan": 1991.5,
        "kemiringan": "0-8% (Datar)",
        "jenis_tanah": "Dystrudepts",
        "penggunaan_lahan": "Hutan",
        "skor_drainase": 0.0,
        "warna": "#e74c3c"
      }
    },
    {
      "type": "Feature",
      "geometry": {
        "type": "Point",
        "coordinates": [
          122.560805,
          -3.967669
        ]
      },
      "properties": {
        "risiko_aktual": "tinggi",
        "risiko_prediksi": "Tinggi",
        "probabilitas": 0.9855,
        "curah_hujan": 1991.5,
        "kemiringan": "0-8% (Datar)",
        "jenis_tanah": "Dystrudepts",
        "penggunaan_lahan": "Hutan",
        "skor_drainase": 0.0,
        "warna": "#e74c3c"
      }
    },
    {
      "type": "Feature",
      "geometry": {
        "type": "Point",
        "coordinates": [
          122.560749,
          -3.967655
        ]
      },
      "properties": {
        "risiko_aktual": "tinggi",
        "risiko_prediksi": "Tinggi",
        "probabilitas": 0.9855,
        "curah_hujan": 1991.5,
        "kemiringan": "0-8% (Datar)",
        "jenis_tanah": "Dystrudepts",
        "penggunaan_lahan": "Hutan",
        "skor_drainase": 0.0,
        "warna": "#e74c3c"
      }
    },
    {
      "type": "Feature",
      "geometry": {
        "type": "Point",
        "coordinates": [
          122.560292,
          -3.96758
        ]
      },
      "properties": {
        "risiko_aktual": "tinggi",
        "risiko_prediksi": "Tinggi",
        "probabilitas": 0.9855,
        "curah_hujan": 1991.5,
        "kemiringan": "0-8% (Datar)",
        "jenis_tanah": "Dystrudepts",
        "penggunaan_lahan": "Hutan",
        "skor_drainase": 0.0,
        "warna": "#e74c3c"
      }
    },
    {
      "type": "Feature",
      "geometry": {
        "type": "Point",
        "coordinates": [
          122.56023,
          -3.96757
        ]
      },
      "properties": {
        "risiko_aktual": "tinggi",
        "risiko_prediksi": "Tinggi",
        "probabilitas": 0.9855,
        "curah_hujan": 1991.5,
        "kemiringan": "0-8% (Datar)",
        "jenis_tanah": "Dystrudepts",
        "penggunaan_lahan": "Hutan",
        "skor_drainase": 0.0,
        "warna": "#e74c3c"
      }
    },
    {
      "type": "Feature",
      "geometry": {
        "type": "Point",
        "coordinates": [
          122.560186,
          -3.967563
        ]
      },
      "properties": {
        "risiko_aktual": "tinggi",
        "risiko_prediksi": "Tinggi",
        "probabilitas": 0.9855,
        "curah_hujan": 1991.5,
        "kemiringan": "0-8% (Datar)",
        "jenis_tanah": "Dystrudepts",
        "penggunaan_lahan": "Hutan",
        "skor_drainase": 0.0,
        "warna": "#e74c3c"
      }
    },
    {
      "type": "Feature",
      "geometry": {
        "type": "Point",
        "coordinates": [
          122.560117,
          -3.967552
        ]
      },
      "properties": {
        "risiko_aktual": "tinggi",
        "risiko_prediksi": "Tinggi",
        "probabilitas": 0.9855,
        "curah_hujan": 1991.5,
        "kemiringan": "0-8% (Datar)",
        "jenis_tanah": "Dystrudepts",
        "penggunaan_lahan": "Hutan",
        "skor_drainase": 0.0,
        "warna": "#e74c3c"
      }
    },
    {
      "type": "Feature",
      "geometry": {
        "type": "Point",
        "coordinates": [
          122.560057,
          -3.96754
        ]
      },
      "properties": {
        "risiko_aktual": "tinggi",
        "risiko_prediksi": "Tinggi",
        "probabilitas": 0.9855,
        "curah_hujan": 1991.5,
        "kemiringan": "0-8% (Datar)",
        "jenis_tanah": "Dystrudepts",
        "penggunaan_lahan": "Hutan",
        "skor_drainase": 0.0,
        "warna": "#e74c3c"
      }
    },
    {
      "type": "Feature",
      "geometry": {
        "type": "Point",
        "coordinates": [
          122.559986,
          -3.967526
        ]
      },
      "properties": {
        "risiko_aktual": "tinggi",
        "risiko_prediksi": "Tinggi",
        "probabilitas": 0.9855,
        "curah_hujan": 1991.5,
        "kemiringan": "0-8% (Datar)",
        "jenis_tanah": "Dystrudepts",
        "penggunaan_lahan": "Hutan",
        "skor_drainase": 0.0,
        "warna": "#e74c3c"
      }
    },
    {
      "type": "Feature",
      "geometry": {
        "type": "Point",
        "coordinates": [
          122.559869,
          -3.967503
        ]
      },
      "properties": {
        "risiko_aktual": "tinggi",
        "risiko_prediksi": "Tinggi",
        "probabilitas": 0.9855,
        "curah_hujan": 1991.5,
        "kemiringan": "0-8% (Datar)",
        "jenis_tanah": "Dystrudepts",
        "penggunaan_lahan": "Hutan",
        "skor_drainase": 0.0,
        "warna": "#e74c3c"
      }
    },
    {
      "type": "Feature",
      "geometry": {
        "type": "Point",
        "coordinates": [
          122.559659,
          -3.967462
        ]
      },
      "properties": {
        "risiko_aktual": "tinggi",
        "risiko_prediksi": "Tinggi",
        "probabilitas": 0.9855,
        "curah_hujan": 1991.5,
        "kemiringan": "0-8% (Datar)",
        "jenis_tanah": "Dystrudepts",
        "penggunaan_lahan": "Hutan",
        "skor_drainase": 0.0,
        "warna": "#e74c3c"
      }
    },
    {
      "type": "Feature",
      "geometry": {
        "type": "Point",
        "coordinates": [
          122.559503,
          -3.96743
        ]
      },
      "properties": {
        "risiko_aktual": "tinggi",
        "risiko_prediksi": "Tinggi",
        "probabilitas": 0.9855,
        "curah_hujan": 1991.5,
        "kemiringan": "0-8% (Datar)",
        "jenis_tanah": "Dystrudepts",
        "penggunaan_lahan": "Hutan",
        "skor_drainase": 0.0,
        "warna": "#e74c3c"
      }
    },
    {
      "type": "Feature",
      "geometry": {
        "type": "Point",
        "coordinates": [
          122.559311,
          -3.967392
        ]
      },
      "properties": {
        "risiko_aktual": "tinggi",
        "risiko_prediksi": "Tinggi",
        "probabilitas": 0.9855,
        "curah_hujan": 1991.5,
        "kemiringan": "0-8% (Datar)",
        "jenis_tanah": "Dystrudepts",
        "penggunaan_lahan": "Hutan",
        "skor_drainase": 0.0,
        "warna": "#e74c3c"
      }
    },
    {
      "type": "Feature",
      "geometry": {
        "type": "Point",
        "coordinates": [
          122.559276,
          -3.967386
        ]
      },
      "properties": {
        "risiko_aktual": "tinggi",
        "risiko_prediksi": "Tinggi",
        "probabilitas": 0.9855,
        "curah_hujan": 1991.5,
        "kemiringan": "0-8% (Datar)",
        "jenis_tanah": "Dystrudepts",
        "penggunaan_lahan": "Hutan",
        "skor_drainase": 0.0,
        "warna": "#e74c3c"
      }
    },
    {
      "type": "Feature",
      "geometry": {
        "type": "Point",
        "coordinates": [
          122.558098,
          -3.967111
        ]
      },
      "properties": {
        "risiko_aktual": "tinggi",
        "risiko_prediksi": "Tinggi",
        "probabilitas": 0.9855,
        "curah_hujan": 1991.5,
        "kemiringan": "8-15% (Landai)",
        "jenis_tanah": "Dystrudepts",
        "penggunaan_lahan": "Hutan",
        "skor_drainase": 0.0,
        "warna": "#e74c3c"
      }
    },
    {
      "type": "Feature",
      "geometry": {
        "type": "Point",
        "coordinates": [
          122.557572,
          -3.967035
        ]
      },
      "properties": {
        "risiko_aktual": "tinggi",
        "risiko_prediksi": "Tinggi",
        "probabilitas": 0.9855,
        "curah_hujan": 1991.5,
        "kemiringan": "0-8% (Datar)",
        "jenis_tanah": "Dystrudepts",
        "penggunaan_lahan": "Hutan",
        "skor_drainase": 0.0,
        "warna": "#e74c3c"
      }
    },
    {
      "type": "Feature",
      "geometry": {
        "type": "Point",
        "coordinates": [
          122.557272,
          -3.966985
        ]
      },
      "properties": {
        "risiko_aktual": "tinggi",
        "risiko_prediksi": "Tinggi",
        "probabilitas": 0.9855,
        "curah_hujan": 1991.5,
        "kemiringan": "8-15% (Landai)",
        "jenis_tanah": "Dystrudepts",
        "penggunaan_lahan": "Hutan",
        "skor_drainase": 0.0,
        "warna": "#e74c3c"
      }
    },
    {
      "type": "Feature",
      "geometry": {
        "type": "Point",
        "coordinates": [
          122.557046,
          -3.966963
        ]
      },
      "properties": {
        "risiko_aktual": "tinggi",
        "risiko_prediksi": "Tinggi",
        "probabilitas": 0.9855,
        "curah_hujan": 1991.5,
        "kemiringan": "0-8% (Datar)",
        "jenis_tanah": "Dystrudepts",
        "penggunaan_lahan": "Hutan",
        "skor_drainase": 0.0,
        "warna": "#e74c3c"
      }
    },
    {
      "type": "Feature",
      "geometry": {
        "type": "Point",
        "coordinates": [
          122.556946,
          -3.966945
        ]
      },
      "properties": {
        "risiko_aktual": "tinggi",
        "risiko_prediksi": "Tinggi",
        "probabilitas": 0.9855,
        "curah_hujan": 1991.5,
        "kemiringan": "8-15% (Landai)",
        "jenis_tanah": "Dystrudepts",
        "penggunaan_lahan": "Hutan",
        "skor_drainase": 0.0,
        "warna": "#e74c3c"
      }
    },
    {
      "type": "Feature",
      "geometry": {
        "type": "Point",
        "coordinates": [
          122.556624,
          -3.966898
        ]
      },
      "properties": {
        "risiko_aktual": "tinggi",
        "risiko_prediksi": "Tinggi",
        "probabilitas": 0.9855,
        "curah_hujan": 1991.5,
        "kemiringan": "8-15% (Landai)",
        "jenis_tanah": "Dystrudepts",
        "penggunaan_lahan": "Hutan",
        "skor_drainase": 0.0,
        "warna": "#e74c3c"
      }
    },
    {
      "type": "Feature",
      "geometry": {
        "type": "Point",
        "coordinates": [
          122.556437,
          -3.966875
        ]
      },
      "properties": {
        "risiko_aktual": "tinggi",
        "risiko_prediksi": "Tinggi",
        "probabilitas": 0.9855,
        "curah_hujan": 1991.5,
        "kemiringan": "0-8% (Datar)",
        "jenis_tanah": "Dystrudepts",
        "penggunaan_lahan": "Hutan",
        "skor_drainase": 0.0,
        "warna": "#e74c3c"
      }
    },
    {
      "type": "Feature",
      "geometry": {
        "type": "Point",
        "coordinates": [
          122.556128,
          -3.966868
        ]
      },
      "properties": {
        "risiko_aktual": "tinggi",
        "risiko_prediksi": "Tinggi",
        "probabilitas": 0.9855,
        "curah_hujan": 1991.5,
        "kemiringan": "0-8% (Datar)",
        "jenis_tanah": "Dystrudepts",
        "penggunaan_lahan": "Hutan",
        "skor_drainase": 0.0,
        "warna": "#e74c3c"
      }
    },
    {
      "type": "Feature",
      "geometry": {
        "type": "Point",
        "coordinates": [
          122.555814,
          -3.966885
        ]
      },
      "properties": {
        "risiko_aktual": "tinggi",
        "risiko_prediksi": "Tinggi",
        "probabilitas": 0.9855,
        "curah_hujan": 1991.5,
        "kemiringan": "0-8% (Datar)",
        "jenis_tanah": "Dystrudepts",
        "penggunaan_lahan": "Hutan",
        "skor_drainase": 0.0,
        "warna": "#e74c3c"
      }
    },
    {
      "type": "Feature",
      "geometry": {
        "type": "Point",
        "coordinates": [
          122.555409,
          -3.966896
        ]
      },
      "properties": {
        "risiko_aktual": "tinggi",
        "risiko_prediksi": "Tinggi",
        "probabilitas": 0.9855,
        "curah_hujan": 1991.5,
        "kemiringan": "0-8% (Datar)",
        "jenis_tanah": "Dystrudepts",
        "penggunaan_lahan": "Hutan",
        "skor_drainase": 0.0,
        "warna": "#e74c3c"
      }
    },
    {
      "type": "Feature",
      "geometry": {
        "type": "Point",
        "coordinates": [
          122.555118,
          -3.966921
        ]
      },
      "properties": {
        "risiko_aktual": "tinggi",
        "risiko_prediksi": "Tinggi",
        "probabilitas": 0.9855,
        "curah_hujan": 1991.5,
        "kemiringan": "0-8% (Datar)",
        "jenis_tanah": "Dystrudepts",
        "penggunaan_lahan": "Hutan",
        "skor_drainase": 0.0,
        "warna": "#e74c3c"
      }
    },
    {
      "type": "Feature",
      "geometry": {
        "type": "Point",
        "coordinates": [
          122.55465,
          -3.966957
        ]
      },
      "properties": {
        "risiko_aktual": "tinggi",
        "risiko_prediksi": "Tinggi",
        "probabilitas": 0.9855,
        "curah_hujan": 1991.5,
        "kemiringan": "8-15% (Landai)",
        "jenis_tanah": "Dystrudepts",
        "penggunaan_lahan": "Hutan",
        "skor_drainase": 0.0,
        "warna": "#e74c3c"
      }
    },
    {
      "type": "Feature",
      "geometry": {
        "type": "Point",
        "coordinates": [
          122.554482,
          -3.966974
        ]
      },
      "properties": {
        "risiko_aktual": "tinggi",
        "risiko_prediksi": "Tinggi",
        "probabilitas": 0.9855,
        "curah_hujan": 1991.5,
        "kemiringan": "8-15% (Landai)",
        "jenis_tanah": "Dystrudepts",
        "penggunaan_lahan": "Hutan",
        "skor_drainase": 0.0,
        "warna": "#e74c3c"
      }
    },
    {
      "type": "Feature",
      "geometry": {
        "type": "Point",
        "coordinates": [
          122.554135,
          -3.966962
        ]
      },
      "properties": {
        "risiko_aktual": "tinggi",
        "risiko_prediksi": "Tinggi",
        "probabilitas": 0.9855,
        "curah_hujan": 1991.5,
        "kemiringan": "0-8% (Datar)",
        "jenis_tanah": "Dystrudepts",
        "penggunaan_lahan": "Hutan",
        "skor_drainase": 0.0,
        "warna": "#e74c3c"
      }
    },
    {
      "type": "Feature",
      "geometry": {
        "type": "Point",
        "coordinates": [
          122.553767,
          -3.966939
        ]
      },
      "properties": {
        "risiko_aktual": "tinggi",
        "risiko_prediksi": "Tinggi",
        "probabilitas": 0.9855,
        "curah_hujan": 1991.5,
        "kemiringan": "8-15% (Landai)",
        "jenis_tanah": "Dystrudepts",
        "penggunaan_lahan": "Hutan",
        "skor_drainase": 0.0,
        "warna": "#e74c3c"
      }
    },
    {
      "type": "Feature",
      "geometry": {
        "type": "Point",
        "coordinates": [
          122.553036,
          -3.966902
        ]
      },
      "properties": {
        "risiko_aktual": "tinggi",
        "risiko_prediksi": "Tinggi",
        "probabilitas": 0.9855,
        "curah_hujan": 1991.5,
        "kemiringan": "0-8% (Datar)",
        "jenis_tanah": "Dystrudepts",
        "penggunaan_lahan": "Hutan",
        "skor_drainase": 0.0,
        "warna": "#e74c3c"
      }
    },
    {
      "type": "Feature",
      "geometry": {
        "type": "Point",
        "coordinates": [
          122.552233,
          -3.966846
        ]
      },
      "properties": {
        "risiko_aktual": "tinggi",
        "risiko_prediksi": "Tinggi",
        "probabilitas": 0.9855,
        "curah_hujan": 1991.5,
        "kemiringan": "8-15% (Landai)",
        "jenis_tanah": "Dystrudepts",
        "penggunaan_lahan": "Hutan",
        "skor_drainase": 0.0,
        "warna": "#e74c3c"
      }
    },
    {
      "type": "Feature",
      "geometry": {
        "type": "Point",
        "coordinates": [
          122.551853,
          -3.966837
        ]
      },
      "properties": {
        "risiko_aktual": "tinggi",
        "risiko_prediksi": "Tinggi",
        "probabilitas": 0.9855,
        "curah_hujan": 1991.5,
        "kemiringan": "0-8% (Datar)",
        "jenis_tanah": "Dystrudepts",
        "penggunaan_lahan": "Hutan",
        "skor_drainase": 0.0,
        "warna": "#e74c3c"
      }
    },
    {
      "type": "Feature",
      "geometry": {
        "type": "Point",
        "coordinates": [
          122.551776,
          -3.966837
        ]
      },
      "properties": {
        "risiko_aktual": "tinggi",
        "risiko_prediksi": "Tinggi",
        "probabilitas": 0.9855,
        "curah_hujan": 1991.5,
        "kemiringan": "0-8% (Datar)",
        "jenis_tanah": "Dystrudepts",
        "penggunaan_lahan": "Hutan",
        "skor_drainase": 0.0,
        "warna": "#e74c3c"
      }
    },
    {
      "type": "Feature",
      "geometry": {
        "type": "Point",
        "coordinates": [
          122.551716,
          -3.966842
        ]
      },
      "properties": {
        "risiko_aktual": "tinggi",
        "risiko_prediksi": "Tinggi",
        "probabilitas": 0.9855,
        "curah_hujan": 1991.5,
        "kemiringan": "0-8% (Datar)",
        "jenis_tanah": "Dystrudepts",
        "penggunaan_lahan": "Hutan",
        "skor_drainase": 0.0,
        "warna": "#e74c3c"
      }
    },
    {
      "type": "Feature",
      "geometry": {
        "type": "Point",
        "coordinates": [
          122.551641,
          -3.966867
        ]
      },
      "properties": {
        "risiko_aktual": "tinggi",
        "risiko_prediksi": "Tinggi",
        "probabilitas": 0.9855,
        "curah_hujan": 1991.5,
        "kemiringan": "0-8% (Datar)",
        "jenis_tanah": "Dystrudepts",
        "penggunaan_lahan": "Hutan",
        "skor_drainase": 0.0,
        "warna": "#e74c3c"
      }
    },
    {
      "type": "Feature",
      "geometry": {
        "type": "Point",
        "coordinates": [
          122.551617,
          -3.966883
        ]
      },
      "properties": {
        "risiko_aktual": "tinggi",
        "risiko_prediksi": "Tinggi",
        "probabilitas": 0.9855,
        "curah_hujan": 1991.5,
        "kemiringan": "0-8% (Datar)",
        "jenis_tanah": "Dystrudepts",
        "penggunaan_lahan": "Hutan",
        "skor_drainase": 0.0,
        "warna": "#e74c3c"
      }
    },
    {
      "type": "Feature",
      "geometry": {
        "type": "Point",
        "coordinates": [
          122.55143,
          -3.966883
        ]
      },
      "properties": {
        "risiko_aktual": "tinggi",
        "risiko_prediksi": "Tinggi",
        "probabilitas": 0.9855,
        "curah_hujan": 1991.5,
        "kemiringan": "0-8% (Datar)",
        "jenis_tanah": "Dystrudepts",
        "penggunaan_lahan": "Hutan",
        "skor_drainase": 0.0,
        "warna": "#e74c3c"
      }
    },
    {
      "type": "Feature",
      "geometry": {
        "type": "Point",
        "coordinates": [
          122.55103,
          -3.966908
        ]
      },
      "properties": {
        "risiko_aktual": "tinggi",
        "risiko_prediksi": "Tinggi",
        "probabilitas": 0.9855,
        "curah_hujan": 1991.5,
        "kemiringan": "8-15% (Landai)",
        "jenis_tanah": "Dystrudepts",
        "penggunaan_lahan": "Hutan",
        "skor_drainase": 0.0,
        "warna": "#e74c3c"
      }
    },
    {
      "type": "Feature",
      "geometry": {
        "type": "Point",
        "coordinates": [
          122.550655,
          -3.967134
        ]
      },
      "properties": {
        "risiko_aktual": "tinggi",
        "risiko_prediksi": "Tinggi",
        "probabilitas": 0.9855,
        "curah_hujan": 1991.5,
        "kemiringan": "0-8% (Datar)",
        "jenis_tanah": "Dystrudepts",
        "penggunaan_lahan": "Hutan",
        "skor_drainase": 0.0,
        "warna": "#e74c3c"
      }
    },
    {
      "type": "Feature",
      "geometry": {
        "type": "Point",
        "coordinates": [
          122.550429,
          -3.967159
        ]
      },
      "properties": {
        "risiko_aktual": "tinggi",
        "risiko_prediksi": "Tinggi",
        "probabilitas": 0.9855,
        "curah_hujan": 1991.5,
        "kemiringan": "0-8% (Datar)",
        "jenis_tanah": "Dystrudepts",
        "penggunaan_lahan": "Hutan",
        "skor_drainase": 0.0,
        "warna": "#e74c3c"
      }
    },
    {
      "type": "Feature",
      "geometry": {
        "type": "Point",
        "coordinates": [
          122.550029,
          -3.967108
        ]
      },
      "properties": {
        "risiko_aktual": "tinggi",
        "risiko_prediksi": "Tinggi",
        "probabilitas": 0.9823,
        "curah_hujan": 1991.5,
        "kemiringan": "15-25% (Agak Curam)",
        "jenis_tanah": "Dystrudepts",
        "penggunaan_lahan": "Hutan",
        "skor_drainase": 0.0,
        "warna": "#e74c3c"
      }
    },
    {
      "type": "Feature",
      "geometry": {
        "type": "Point",
        "coordinates": [
          122.549829,
          -3.967083
        ]
      },
      "properties": {
        "risiko_aktual": "tinggi",
        "risiko_prediksi": "Tinggi",
        "probabilitas": 0.9828,
        "curah_hujan": 1991.5,
        "kemiringan": "0-8% (Datar)",
        "jenis_tanah": "Dystrudepts",
        "penggunaan_lahan": "Hutan",
        "skor_drainase": 0.0,
        "warna": "#e74c3c"
      }
    },
    {
      "type": "Feature",
      "geometry": {
        "type": "Point",
        "coordinates": [
          122.549479,
          -3.967158
        ]
      },
      "properties": {
        "risiko_aktual": "tinggi",
        "risiko_prediksi": "Tinggi",
        "probabilitas": 0.9815,
        "curah_hujan": 1991.5,
        "kemiringan": "25-45% (Curam)",
        "jenis_tanah": "Dystrudepts",
        "penggunaan_lahan": "Hutan",
        "skor_drainase": 0.0,
        "warna": "#e74c3c"
      }
    },
    {
      "type": "Feature",
      "geometry": {
        "type": "Point",
        "coordinates": [
          122.549153,
          -3.967208
        ]
      },
      "properties": {
        "risiko_aktual": "tinggi",
        "risiko_prediksi": "Tinggi",
        "probabilitas": 0.9823,
        "curah_hujan": 1991.5,
        "kemiringan": "15-25% (Agak Curam)",
        "jenis_tanah": "Dystrudepts",
        "penggunaan_lahan": "Hutan",
        "skor_drainase": 0.0,
        "warna": "#e74c3c"
      }
    },
    {
      "type": "Feature",
      "geometry": {
        "type": "Point",
        "coordinates": [
          122.548728,
          -3.967183
        ]
      },
      "properties": {
        "risiko_aktual": "tinggi",
        "risiko_prediksi": "Tinggi",
        "probabilitas": 0.9855,
        "curah_hujan": 1991.5,
        "kemiringan": "8-15% (Landai)",
        "jenis_tanah": "Dystrudepts",
        "penggunaan_lahan": "Hutan",
        "skor_drainase": 0.0,
        "warna": "#e74c3c"
      }
    },
    {
      "type": "Feature",
      "geometry": {
        "type": "Point",
        "coordinates": [
          122.548404,
          -3.967082
        ]
      },
      "properties": {
        "risiko_aktual": "tinggi",
        "risiko_prediksi": "Tinggi",
        "probabilitas": 0.9846,
        "curah_hujan": 1991.5,
        "kemiringan": "8-15% (Landai)",
        "jenis_tanah": "Dystrudepts",
        "penggunaan_lahan": "Hutan",
        "skor_drainase": 0.0,
        "warna": "#e74c3c"
      }
    },
    {
      "type": "Feature",
      "geometry": {
        "type": "Point",
        "coordinates": [
          122.548178,
          -3.966831
        ]
      },
      "properties": {
        "risiko_aktual": "tinggi",
        "risiko_prediksi": "Tinggi",
        "probabilitas": 0.9855,
        "curah_hujan": 1991.5,
        "kemiringan": "0-8% (Datar)",
        "jenis_tanah": "Dystrudepts",
        "penggunaan_lahan": "Hutan",
        "skor_drainase": 0.0,
        "warna": "#e74c3c"
      }
    },
    {
      "type": "Feature",
      "geometry": {
        "type": "Point",
        "coordinates": [
          122.548168,
          -3.966826
        ]
      },
      "properties": {
        "risiko_aktual": "tinggi",
        "risiko_prediksi": "Tinggi",
        "probabilitas": 0.9855,
        "curah_hujan": 1991.5,
        "kemiringan": "0-8% (Datar)",
        "jenis_tanah": "Dystrudepts",
        "penggunaan_lahan": "Hutan",
        "skor_drainase": 0.0,
        "warna": "#e74c3c"
      }
    },
    {
      "type": "Feature",
      "geometry": {
        "type": "Point",
        "coordinates": [
          122.548163,
          -3.96682
        ]
      },
      "properties": {
        "risiko_aktual": "tinggi",
        "risiko_prediksi": "Tinggi",
        "probabilitas": 0.9855,
        "curah_hujan": 1991.5,
        "kemiringan": "0-8% (Datar)",
        "jenis_tanah": "Dystrudepts",
        "penggunaan_lahan": "Hutan",
        "skor_drainase": 0.0,
        "warna": "#e74c3c"
      }
    },
    {
      "type": "Feature",
      "geometry": {
        "type": "Point",
        "coordinates": [
          122.548051,
          -3.966734
        ]
      },
      "properties": {
        "risiko_aktual": "tinggi",
        "risiko_prediksi": "Tinggi",
        "probabilitas": 0.9855,
        "curah_hujan": 1991.5,
        "kemiringan": "0-8% (Datar)",
        "jenis_tanah": "Dystrudepts",
        "penggunaan_lahan": "Hutan",
        "skor_drainase": 0.0,
        "warna": "#e74c3c"
      }
    },
    {
      "type": "Feature",
      "geometry": {
        "type": "Point",
        "coordinates": [
          122.54798,
          -3.966702
        ]
      },
      "properties": {
        "risiko_aktual": "tinggi",
        "risiko_prediksi": "Tinggi",
        "probabilitas": 0.9855,
        "curah_hujan": 1991.5,
        "kemiringan": "0-8% (Datar)",
        "jenis_tanah": "Dystrudepts",
        "penggunaan_lahan": "Hutan",
        "skor_drainase": 0.0,
        "warna": "#e74c3c"
      }
    },
    {
      "type": "Feature",
      "geometry": {
        "type": "Point",
        "coordinates": [
          122.54787,
          -3.966674
        ]
      },
      "properties": {
        "risiko_aktual": "tinggi",
        "risiko_prediksi": "Tinggi",
        "probabilitas": 0.9855,
        "curah_hujan": 1991.5,
        "kemiringan": "0-8% (Datar)",
        "jenis_tanah": "Dystrudepts",
        "penggunaan_lahan": "Hutan",
        "skor_drainase": 0.0,
        "warna": "#e74c3c"
      }
    },
    {
      "type": "Feature",
      "geometry": {
        "type": "Point",
        "coordinates": [
          122.54784,
          -3.966671
        ]
      },
      "properties": {
        "risiko_aktual": "tinggi",
        "risiko_prediksi": "Tinggi",
        "probabilitas": 0.9855,
        "curah_hujan": 1991.5,
        "kemiringan": "0-8% (Datar)",
        "jenis_tanah": "Dystrudepts",
        "penggunaan_lahan": "Hutan",
        "skor_drainase": 0.0,
        "warna": "#e74c3c"
      }
    },
    {
      "type": "Feature",
      "geometry": {
        "type": "Point",
        "coordinates": [
          122.547753,
          -3.96663
        ]
      },
      "properties": {
        "risiko_aktual": "tinggi",
        "risiko_prediksi": "Tinggi",
        "probabilitas": 0.9855,
        "curah_hujan": 1991.5,
        "kemiringan": "0-8% (Datar)",
        "jenis_tanah": "Dystrudepts",
        "penggunaan_lahan": "Hutan",
        "skor_drainase": 0.0,
        "warna": "#e74c3c"
      }
    },
    {
      "type": "Feature",
      "geometry": {
        "type": "Point",
        "coordinates": [
          122.546631,
          -3.966569
        ]
      },
      "properties": {
        "risiko_aktual": "tinggi",
        "risiko_prediksi": "Tinggi",
        "probabilitas": 0.9855,
        "curah_hujan": 1991.5,
        "kemiringan": "8-15% (Landai)",
        "jenis_tanah": "Dystrudepts",
        "penggunaan_lahan": "Hutan",
        "skor_drainase": 0.0,
        "warna": "#e74c3c"
      }
    },
    {
      "type": "Feature",
      "geometry": {
        "type": "Point",
        "coordinates": [
          122.546536,
          -3.966561
        ]
      },
      "properties": {
        "risiko_aktual": "tinggi",
        "risiko_prediksi": "Tinggi",
        "probabilitas": 0.9855,
        "curah_hujan": 1991.5,
        "kemiringan": "8-15% (Landai)",
        "jenis_tanah": "Dystrudepts",
        "penggunaan_lahan": "Hutan",
        "skor_drainase": 0.0,
        "warna": "#e74c3c"
      }
    },
    {
      "type": "Feature",
      "geometry": {
        "type": "Point",
        "coordinates": [
          122.546345,
          -3.96653
        ]
      },
      "properties": {
        "risiko_aktual": "tinggi",
        "risiko_prediksi": "Tinggi",
        "probabilitas": 0.9855,
        "curah_hujan": 1991.5,
        "kemiringan": "0-8% (Datar)",
        "jenis_tanah": "Dystrudepts",
        "penggunaan_lahan": "Hutan",
        "skor_drainase": 0.0,
        "warna": "#e74c3c"
      }
    },
    {
      "type": "Feature",
      "geometry": {
        "type": "Point",
        "coordinates": [
          122.546086,
          -3.966489
        ]
      },
      "properties": {
        "risiko_aktual": "tinggi",
        "risiko_prediksi": "Tinggi",
        "probabilitas": 0.9855,
        "curah_hujan": 1991.5,
        "kemiringan": "0-8% (Datar)",
        "jenis_tanah": "Dystrudepts",
        "penggunaan_lahan": "Hutan",
        "skor_drainase": 0.0,
        "warna": "#e74c3c"
      }
    },
    {
      "type": "Feature",
      "geometry": {
        "type": "Point",
        "coordinates": [
          122.545966,
          -3.966473
        ]
      },
      "properties": {
        "risiko_aktual": "tinggi",
        "risiko_prediksi": "Tinggi",
        "probabilitas": 0.9855,
        "curah_hujan": 1991.5,
        "kemiringan": "0-8% (Datar)",
        "jenis_tanah": "Dystrudepts",
        "penggunaan_lahan": "Hutan",
        "skor_drainase": 0.0,
        "warna": "#e74c3c"
      }
    },
    {
      "type": "Feature",
      "geometry": {
        "type": "Point",
        "coordinates": [
          122.545697,
          -3.966451
        ]
      },
      "properties": {
        "risiko_aktual": "tinggi",
        "risiko_prediksi": "Tinggi",
        "probabilitas": 0.9855,
        "curah_hujan": 1991.5,
        "kemiringan": "0-8% (Datar)",
        "jenis_tanah": "Dystrudepts",
        "penggunaan_lahan": "Hutan",
        "skor_drainase": 0.0,
        "warna": "#e74c3c"
      }
    },
    {
      "type": "Feature",
      "geometry": {
        "type": "Point",
        "coordinates": [
          122.545574,
          -3.966443
        ]
      },
      "properties": {
        "risiko_aktual": "tinggi",
        "risiko_prediksi": "Tinggi",
        "probabilitas": 0.9855,
        "curah_hujan": 1991.5,
        "kemiringan": "0-8% (Datar)",
        "jenis_tanah": "Dystrudepts",
        "penggunaan_lahan": "Hutan",
        "skor_drainase": 0.0,
        "warna": "#e74c3c"
      }
    },
    {
      "type": "Feature",
      "geometry": {
        "type": "Point",
        "coordinates": [
          122.545363,
          -3.96643
        ]
      },
      "properties": {
        "risiko_aktual": "tinggi",
        "risiko_prediksi": "Tinggi",
        "probabilitas": 0.9855,
        "curah_hujan": 1991.5,
        "kemiringan": "0-8% (Datar)",
        "jenis_tanah": "Dystrudepts",
        "penggunaan_lahan": "Hutan",
        "skor_drainase": 0.0,
        "warna": "#e74c3c"
      }
    },
    {
      "type": "Feature",
      "geometry": {
        "type": "Point",
        "coordinates": [
          122.54522,
          -3.966424
        ]
      },
      "properties": {
        "risiko_aktual": "tinggi",
        "risiko_prediksi": "Tinggi",
        "probabilitas": 0.9855,
        "curah_hujan": 1991.5,
        "kemiringan": "0-8% (Datar)",
        "jenis_tanah": "Dystrudepts",
        "penggunaan_lahan": "Hutan",
        "skor_drainase": 0.0,
        "warna": "#e74c3c"
      }
    },
    {
      "type": "Feature",
      "geometry": {
        "type": "Point",
        "coordinates": [
          122.545031,
          -3.966415
        ]
      },
      "properties": {
        "risiko_aktual": "tinggi",
        "risiko_prediksi": "Tinggi",
        "probabilitas": 0.9855,
        "curah_hujan": 1991.5,
        "kemiringan": "0-8% (Datar)",
        "jenis_tanah": "Dystrudepts",
        "penggunaan_lahan": "Hutan",
        "skor_drainase": 0.0,
        "warna": "#e74c3c"
      }
    },
    {
      "type": "Feature",
      "geometry": {
        "type": "Point",
        "coordinates": [
          122.54487,
          -3.966395
        ]
      },
      "properties": {
        "risiko_aktual": "tinggi",
        "risiko_prediksi": "Tinggi",
        "probabilitas": 0.9855,
        "curah_hujan": 1991.5,
        "kemiringan": "0-8% (Datar)",
        "jenis_tanah": "Dystrudepts",
        "penggunaan_lahan": "Hutan",
        "skor_drainase": 0.0,
        "warna": "#e74c3c"
      }
    },
    {
      "type": "Feature",
      "geometry": {
        "type": "Point",
        "coordinates": [
          122.544627,
          -3.96637
        ]
      },
      "properties": {
        "risiko_aktual": "tinggi",
        "risiko_prediksi": "Tinggi",
        "probabilitas": 0.9852,
        "curah_hujan": 1991.5,
        "kemiringan": "0-8% (Datar)",
        "jenis_tanah": "Dystrudepts",
        "penggunaan_lahan": "Hutan",
        "skor_drainase": 0.0,
        "warna": "#e74c3c"
      }
    },
    {
      "type": "Feature",
      "geometry": {
        "type": "Point",
        "coordinates": [
          122.544469,
          -3.966354
        ]
      },
      "properties": {
        "risiko_aktual": "tinggi",
        "risiko_prediksi": "Tinggi",
        "probabilitas": 0.9855,
        "curah_hujan": 1991.5,
        "kemiringan": "0-8% (Datar)",
        "jenis_tanah": "Dystrudepts",
        "penggunaan_lahan": "Hutan",
        "skor_drainase": 0.0,
        "warna": "#e74c3c"
      }
    },
    {
      "type": "Feature",
      "geometry": {
        "type": "Point",
        "coordinates": [
          122.54429,
          -3.966343
        ]
      },
      "properties": {
        "risiko_aktual": "tinggi",
        "risiko_prediksi": "Tinggi",
        "probabilitas": 0.9855,
        "curah_hujan": 1991.5,
        "kemiringan": "0-8% (Datar)",
        "jenis_tanah": "Dystrudepts",
        "penggunaan_lahan": "Hutan",
        "skor_drainase": 0.0,
        "warna": "#e74c3c"
      }
    },
    {
      "type": "Feature",
      "geometry": {
        "type": "Point",
        "coordinates": [
          122.54414,
          -3.966337
        ]
      },
      "properties": {
        "risiko_aktual": "tinggi",
        "risiko_prediksi": "Tinggi",
        "probabilitas": 0.9855,
        "curah_hujan": 1991.5,
        "kemiringan": "0-8% (Datar)",
        "jenis_tanah": "Dystrudepts",
        "penggunaan_lahan": "Hutan",
        "skor_drainase": 0.0,
        "warna": "#e74c3c"
      }
    },
    {
      "type": "Feature",
      "geometry": {
        "type": "Point",
        "coordinates": [
          122.544007,
          -3.966331
        ]
      },
      "properties": {
        "risiko_aktual": "tinggi",
        "risiko_prediksi": "Tinggi",
        "probabilitas": 0.9855,
        "curah_hujan": 1991.5,
        "kemiringan": "0-8% (Datar)",
        "jenis_tanah": "Dystrudepts",
        "penggunaan_lahan": "Hutan",
        "skor_drainase": 0.0,
        "warna": "#e74c3c"
      }
    },
    {
      "type": "Feature",
      "geometry": {
        "type": "Point",
        "coordinates": [
          122.543847,
          -3.966324
        ]
      },
      "properties": {
        "risiko_aktual": "tinggi",
        "risiko_prediksi": "Tinggi",
        "probabilitas": 0.9855,
        "curah_hujan": 1991.5,
        "kemiringan": "0-8% (Datar)",
        "jenis_tanah": "Dystrudepts",
        "penggunaan_lahan": "Hutan",
        "skor_drainase": 0.0,
        "warna": "#e74c3c"
      }
    },
    {
      "type": "Feature",
      "geometry": {
        "type": "Point",
        "coordinates": [
          122.543703,
          -3.966314
        ]
      },
      "properties": {
        "risiko_aktual": "tinggi",
        "risiko_prediksi": "Tinggi",
        "probabilitas": 0.9855,
        "curah_hujan": 1991.5,
        "kemiringan": "8-15% (Landai)",
        "jenis_tanah": "Dystrudepts",
        "penggunaan_lahan": "Hutan",
        "skor_drainase": 0.0,
        "warna": "#e74c3c"
      }
    },
    {
      "type": "Feature",
      "geometry": {
        "type": "Point",
        "coordinates": [
          122.543472,
          -3.966299
        ]
      },
      "properties": {
        "risiko_aktual": "tinggi",
        "risiko_prediksi": "Tinggi",
        "probabilitas": 0.9855,
        "curah_hujan": 1991.5,
        "kemiringan": "8-15% (Landai)",
        "jenis_tanah": "Dystrudepts",
        "penggunaan_lahan": "Hutan",
        "skor_drainase": 0.0,
        "warna": "#e74c3c"
      }
    },
    {
      "type": "Feature",
      "geometry": {
        "type": "Point",
        "coordinates": [
          122.543317,
          -3.96629
        ]
      },
      "properties": {
        "risiko_aktual": "tinggi",
        "risiko_prediksi": "Tinggi",
        "probabilitas": 0.9855,
        "curah_hujan": 1991.5,
        "kemiringan": "8-15% (Landai)",
        "jenis_tanah": "Dystrudepts",
        "penggunaan_lahan": "Hutan",
        "skor_drainase": 0.0,
        "warna": "#e74c3c"
      }
    },
    {
      "type": "Feature",
      "geometry": {
        "type": "Point",
        "coordinates": [
          122.543138,
          -3.966276
        ]
      },
      "properties": {
        "risiko_aktual": "tinggi",
        "risiko_prediksi": "Tinggi",
        "probabilitas": 0.9855,
        "curah_hujan": 1991.5,
        "kemiringan": "0-8% (Datar)",
        "jenis_tanah": "Dystrudepts",
        "penggunaan_lahan": "Hutan",
        "skor_drainase": 0.0,
        "warna": "#e74c3c"
      }
    },
    {
      "type": "Feature",
      "geometry": {
        "type": "Point",
        "coordinates": [
          122.542971,
          -3.966268
        ]
      },
      "properties": {
        "risiko_aktual": "tinggi",
        "risiko_prediksi": "Tinggi",
        "probabilitas": 0.9855,
        "curah_hujan": 1991.5,
        "kemiringan": "0-8% (Datar)",
        "jenis_tanah": "Dystrudepts",
        "penggunaan_lahan": "Hutan",
        "skor_drainase": 0.0,
        "warna": "#e74c3c"
      }
    },
    {
      "type": "Feature",
      "geometry": {
        "type": "Point",
        "coordinates": [
          122.542836,
          -3.966264
        ]
      },
      "properties": {
        "risiko_aktual": "tinggi",
        "risiko_prediksi": "Tinggi",
        "probabilitas": 0.9855,
        "curah_hujan": 1991.5,
        "kemiringan": "0-8% (Datar)",
        "jenis_tanah": "Dystrudepts",
        "penggunaan_lahan": "Hutan",
        "skor_drainase": 0.0,
        "warna": "#e74c3c"
      }
    },
    {
      "type": "Feature",
      "geometry": {
        "type": "Point",
        "coordinates": [
          122.542663,
          -3.966258
        ]
      },
      "properties": {
        "risiko_aktual": "tinggi",
        "risiko_prediksi": "Tinggi",
        "probabilitas": 0.9855,
        "curah_hujan": 1991.5,
        "kemiringan": "0-8% (Datar)",
        "jenis_tanah": "Dystrudepts",
        "penggunaan_lahan": "Hutan",
        "skor_drainase": 0.0,
        "warna": "#e74c3c"
      }
    },
    {
      "type": "Feature",
      "geometry": {
        "type": "Point",
        "coordinates": [
          122.542536,
          -3.966252
        ]
      },
      "properties": {
        "risiko_aktual": "tinggi",
        "risiko_prediksi": "Tinggi",
        "probabilitas": 0.9855,
        "curah_hujan": 1991.5,
        "kemiringan": "0-8% (Datar)",
        "jenis_tanah": "Dystrudepts",
        "penggunaan_lahan": "Hutan",
        "skor_drainase": 0.0,
        "warna": "#e74c3c"
      }
    },
    {
      "type": "Feature",
      "geometry": {
        "type": "Point",
        "coordinates": [
          122.542164,
          -3.966251
        ]
      },
      "properties": {
        "risiko_aktual": "tinggi",
        "risiko_prediksi": "Tinggi",
        "probabilitas": 0.9855,
        "curah_hujan": 1991.5,
        "kemiringan": "0-8% (Datar)",
        "jenis_tanah": "Dystrudepts",
        "penggunaan_lahan": "Hutan",
        "skor_drainase": 0.0,
        "warna": "#e74c3c"
      }
    },
    {
      "type": "Feature",
      "geometry": {
        "type": "Point",
        "coordinates": [
          122.541995,
          -3.966253
        ]
      },
      "properties": {
        "risiko_aktual": "tinggi",
        "risiko_prediksi": "Tinggi",
        "probabilitas": 0.9855,
        "curah_hujan": 1991.5,
        "kemiringan": "0-8% (Datar)",
        "jenis_tanah": "Dystrudepts",
        "penggunaan_lahan": "Hutan",
        "skor_drainase": 0.0,
        "warna": "#e74c3c"
      }
    },
    {
      "type": "Feature",
      "geometry": {
        "type": "Point",
        "coordinates": [
          122.5418,
          -3.96624
        ]
      },
      "properties": {
        "risiko_aktual": "tinggi",
        "risiko_prediksi": "Tinggi",
        "probabilitas": 0.9855,
        "curah_hujan": 1991.5,
        "kemiringan": "0-8% (Datar)",
        "jenis_tanah": "Dystrudepts",
        "penggunaan_lahan": "Hutan",
        "skor_drainase": 0.0,
        "warna": "#e74c3c"
      }
    },
    {
      "type": "Feature",
      "geometry": {
        "type": "Point",
        "coordinates": [
          122.541611,
          -3.966233
        ]
      },
      "properties": {
        "risiko_aktual": "tinggi",
        "risiko_prediksi": "Tinggi",
        "probabilitas": 0.9855,
        "curah_hujan": 1991.5,
        "kemiringan": "0-8% (Datar)",
        "jenis_tanah": "Dystrudepts",
        "penggunaan_lahan": "Hutan",
        "skor_drainase": 0.0,
        "warna": "#e74c3c"
      }
    },
    {
      "type": "Feature",
      "geometry": {
        "type": "Point",
        "coordinates": [
          122.54123,
          -3.966224
        ]
      },
      "properties": {
        "risiko_aktual": "tinggi",
        "risiko_prediksi": "Tinggi",
        "probabilitas": 0.9855,
        "curah_hujan": 1991.5,
        "kemiringan": "0-8% (Datar)",
        "jenis_tanah": "Dystrudepts",
        "penggunaan_lahan": "Hutan",
        "skor_drainase": 0.0,
        "warna": "#e74c3c"
      }
    },
    {
      "type": "Feature",
      "geometry": {
        "type": "Point",
        "coordinates": [
          122.541013,
          -3.966217
        ]
      },
      "properties": {
        "risiko_aktual": "tinggi",
        "risiko_prediksi": "Tinggi",
        "probabilitas": 0.9855,
        "curah_hujan": 1991.5,
        "kemiringan": "0-8% (Datar)",
        "jenis_tanah": "Dystrudepts",
        "penggunaan_lahan": "Hutan",
        "skor_drainase": 0.0,
        "warna": "#e74c3c"
      }
    },
    {
      "type": "Feature",
      "geometry": {
        "type": "Point",
        "coordinates": [
          122.54081,
          -3.966211
        ]
      },
      "properties": {
        "risiko_aktual": "tinggi",
        "risiko_prediksi": "Tinggi",
        "probabilitas": 0.9855,
        "curah_hujan": 1991.5,
        "kemiringan": "0-8% (Datar)",
        "jenis_tanah": "Dystrudepts",
        "penggunaan_lahan": "Hutan",
        "skor_drainase": 0.0,
        "warna": "#e74c3c"
      }
    },
    {
      "type": "Feature",
      "geometry": {
        "type": "Point",
        "coordinates": [
          122.540665,
          -3.966205
        ]
      },
      "properties": {
        "risiko_aktual": "tinggi",
        "risiko_prediksi": "Tinggi",
        "probabilitas": 0.9855,
        "curah_hujan": 1991.5,
        "kemiringan": "0-8% (Datar)",
        "jenis_tanah": "Dystrudepts",
        "penggunaan_lahan": "Hutan",
        "skor_drainase": 0.0,
        "warna": "#e74c3c"
      }
    },
    {
      "type": "Feature",
      "geometry": {
        "type": "Point",
        "coordinates": [
          122.540617,
          -3.96621
        ]
      },
      "properties": {
        "risiko_aktual": "tinggi",
        "risiko_prediksi": "Tinggi",
        "probabilitas": 0.9855,
        "curah_hujan": 1991.5,
        "kemiringan": "0-8% (Datar)",
        "jenis_tanah": "Dystrudepts",
        "penggunaan_lahan": "Hutan",
        "skor_drainase": 0.0,
        "warna": "#e74c3c"
      }
    },
    {
      "type": "Feature",
      "geometry": {
        "type": "Point",
        "coordinates": [
          122.540437,
          -3.966237
        ]
      },
      "properties": {
        "risiko_aktual": "tinggi",
        "risiko_prediksi": "Tinggi",
        "probabilitas": 0.9855,
        "curah_hujan": 1991.5,
        "kemiringan": "0-8% (Datar)",
        "jenis_tanah": "Dystrudepts",
        "penggunaan_lahan": "Hutan",
        "skor_drainase": 0.0,
        "warna": "#e74c3c"
      }
    },
    {
      "type": "Feature",
      "geometry": {
        "type": "Point",
        "coordinates": [
          122.540223,
          -3.966265
        ]
      },
      "properties": {
        "risiko_aktual": "tinggi",
        "risiko_prediksi": "Tinggi",
        "probabilitas": 0.9855,
        "curah_hujan": 1991.5,
        "kemiringan": "0-8% (Datar)",
        "jenis_tanah": "Dystrudepts",
        "penggunaan_lahan": "Hutan",
        "skor_drainase": 0.0,
        "warna": "#e74c3c"
      }
    },
    {
      "type": "Feature",
      "geometry": {
        "type": "Point",
        "coordinates": [
          122.539868,
          -3.966316
        ]
      },
      "properties": {
        "risiko_aktual": "tinggi",
        "risiko_prediksi": "Tinggi",
        "probabilitas": 0.9855,
        "curah_hujan": 1991.5,
        "kemiringan": "8-15% (Landai)",
        "jenis_tanah": "Dystrudepts",
        "penggunaan_lahan": "Hutan",
        "skor_drainase": 0.0,
        "warna": "#e74c3c"
      }
    },
    {
      "type": "Feature",
      "geometry": {
        "type": "Point",
        "coordinates": [
          122.539508,
          -3.966365
        ]
      },
      "properties": {
        "risiko_aktual": "tinggi",
        "risiko_prediksi": "Tinggi",
        "probabilitas": 0.9855,
        "curah_hujan": 1991.5,
        "kemiringan": "8-15% (Landai)",
        "jenis_tanah": "Dystrudepts",
        "penggunaan_lahan": "Hutan",
        "skor_drainase": 0.0,
        "warna": "#e74c3c"
      }
    },
    {
      "type": "Feature",
      "geometry": {
        "type": "Point",
        "coordinates": [
          122.539201,
          -3.966413
        ]
      },
      "properties": {
        "risiko_aktual": "tinggi",
        "risiko_prediksi": "Tinggi",
        "probabilitas": 0.9855,
        "curah_hujan": 1991.5,
        "kemiringan": "8-15% (Landai)",
        "jenis_tanah": "Dystrudepts",
        "penggunaan_lahan": "Hutan",
        "skor_drainase": 0.0,
        "warna": "#e74c3c"
      }
    },
    {
      "type": "Feature",
      "geometry": {
        "type": "Point",
        "coordinates": [
          122.539157,
          -3.966432
        ]
      },
      "properties": {
        "risiko_aktual": "tinggi",
        "risiko_prediksi": "Tinggi",
        "probabilitas": 0.9855,
        "curah_hujan": 1991.5,
        "kemiringan": "0-8% (Datar)",
        "jenis_tanah": "Dystrudepts",
        "penggunaan_lahan": "Hutan",
        "skor_drainase": 0.0,
        "warna": "#e74c3c"
      }
    },
    {
      "type": "Feature",
      "geometry": {
        "type": "Point",
        "coordinates": [
          122.539031,
          -3.966528
        ]
      },
      "properties": {
        "risiko_aktual": "tinggi",
        "risiko_prediksi": "Tinggi",
        "probabilitas": 0.9855,
        "curah_hujan": 1991.5,
        "kemiringan": "0-8% (Datar)",
        "jenis_tanah": "Dystrudepts",
        "penggunaan_lahan": "Hutan",
        "skor_drainase": 0.0,
        "warna": "#e74c3c"
      }
    },
    {
      "type": "Feature",
      "geometry": {
        "type": "Point",
        "coordinates": [
          122.539016,
          -3.966543
        ]
      },
      "properties": {
        "risiko_aktual": "tinggi",
        "risiko_prediksi": "Tinggi",
        "probabilitas": 0.9855,
        "curah_hujan": 1991.5,
        "kemiringan": "0-8% (Datar)",
        "jenis_tanah": "Dystrudepts",
        "penggunaan_lahan": "Hutan",
        "skor_drainase": 0.0,
        "warna": "#e74c3c"
      }
    },
    {
      "type": "Feature",
      "geometry": {
        "type": "Point",
        "coordinates": [
          122.538772,
          -3.966625
        ]
      },
      "properties": {
        "risiko_aktual": "tinggi",
        "risiko_prediksi": "Tinggi",
        "probabilitas": 0.9855,
        "curah_hujan": 1991.5,
        "kemiringan": "8-15% (Landai)",
        "jenis_tanah": "Dystrudepts",
        "penggunaan_lahan": "Hutan",
        "skor_drainase": 0.0,
        "warna": "#e74c3c"
      }
    },
    {
      "type": "Feature",
      "geometry": {
        "type": "Point",
        "coordinates": [
          122.538471,
          -3.966775
        ]
      },
      "properties": {
        "risiko_aktual": "tinggi",
        "risiko_prediksi": "Tinggi",
        "probabilitas": 0.9855,
        "curah_hujan": 1991.5,
        "kemiringan": "8-15% (Landai)",
        "jenis_tanah": "Dystrudepts",
        "penggunaan_lahan": "Hutan",
        "skor_drainase": 0.0,
        "warna": "#e74c3c"
      }
    },
    {
      "type": "Feature",
      "geometry": {
        "type": "Point",
        "coordinates": [
          122.5381,
          -3.966821
        ]
      },
      "properties": {
        "risiko_aktual": "tinggi",
        "risiko_prediksi": "Tinggi",
        "probabilitas": 0.9855,
        "curah_hujan": 1991.5,
        "kemiringan": "0-8% (Datar)",
        "jenis_tanah": "Dystrudepts",
        "penggunaan_lahan": "Hutan",
        "skor_drainase": 0.0,
        "warna": "#e74c3c"
      }
    },
    {
      "type": "Feature",
      "geometry": {
        "type": "Point",
        "coordinates": [
          122.538054,
          -3.966795
        ]
      },
      "properties": {
        "risiko_aktual": "tinggi",
        "risiko_prediksi": "Tinggi",
        "probabilitas": 0.9855,
        "curah_hujan": 1991.5,
        "kemiringan": "0-8% (Datar)",
        "jenis_tanah": "Dystrudepts",
        "penggunaan_lahan": "Hutan",
        "skor_drainase": 0.0,
        "warna": "#e74c3c"
      }
    },
    {
      "type": "Feature",
      "geometry": {
        "type": "Point",
        "coordinates": [
          122.537902,
          -3.966725
        ]
      },
      "properties": {
        "risiko_aktual": "tinggi",
        "risiko_prediksi": "Tinggi",
        "probabilitas": 0.9846,
        "curah_hujan": 1991.5,
        "kemiringan": "8-15% (Landai)",
        "jenis_tanah": "Dystrudepts",
        "penggunaan_lahan": "Hutan",
        "skor_drainase": 0.0,
        "warna": "#e74c3c"
      }
    },
    {
      "type": "Feature",
      "geometry": {
        "type": "Point",
        "coordinates": [
          122.537748,
          -3.966671
        ]
      },
      "properties": {
        "risiko_aktual": "tinggi",
        "risiko_prediksi": "Tinggi",
        "probabilitas": 0.9855,
        "curah_hujan": 1991.5,
        "kemiringan": "0-8% (Datar)",
        "jenis_tanah": "Dystrudepts",
        "penggunaan_lahan": "Hutan",
        "skor_drainase": 0.0,
        "warna": "#e74c3c"
      }
    },
    {
      "type": "Feature",
      "geometry": {
        "type": "Point",
        "coordinates": [
          122.537521,
          -3.966524
        ]
      },
      "properties": {
        "risiko_aktual": "tinggi",
        "risiko_prediksi": "Tinggi",
        "probabilitas": 0.9855,
        "curah_hujan": 1991.5,
        "kemiringan": "0-8% (Datar)",
        "jenis_tanah": "Dystrudepts",
        "penggunaan_lahan": "Hutan",
        "skor_drainase": 0.0,
        "warna": "#e74c3c"
      }
    },
    {
      "type": "Feature",
      "geometry": {
        "type": "Point",
        "coordinates": [
          122.537145,
          -3.966574
        ]
      },
      "properties": {
        "risiko_aktual": "tinggi",
        "risiko_prediksi": "Tinggi",
        "probabilitas": 0.9855,
        "curah_hujan": 1991.5,
        "kemiringan": "0-8% (Datar)",
        "jenis_tanah": "Dystrudepts",
        "penggunaan_lahan": "Hutan",
        "skor_drainase": 0.0,
        "warna": "#e74c3c"
      }
    },
    {
      "type": "Feature",
      "geometry": {
        "type": "Point",
        "coordinates": [
          122.53686,
          -3.966798
        ]
      },
      "properties": {
        "risiko_aktual": "tinggi",
        "risiko_prediksi": "Tinggi",
        "probabilitas": 0.9855,
        "curah_hujan": 1991.5,
        "kemiringan": "0-8% (Datar)",
        "jenis_tanah": "Dystrudepts",
        "penggunaan_lahan": "Hutan",
        "skor_drainase": 0.0,
        "warna": "#e74c3c"
      }
    },
    {
      "type": "Feature",
      "geometry": {
        "type": "Point",
        "coordinates": [
          122.536745,
          -3.966849
        ]
      },
      "properties": {
        "risiko_aktual": "tinggi",
        "risiko_prediksi": "Tinggi",
        "probabilitas": 0.9855,
        "curah_hujan": 1991.5,
        "kemiringan": "0-8% (Datar)",
        "jenis_tanah": "Dystrudepts",
        "penggunaan_lahan": "Hutan",
        "skor_drainase": 0.0,
        "warna": "#e74c3c"
      }
    },
    {
      "type": "Feature",
      "geometry": {
        "type": "Point",
        "coordinates": [
          122.536534,
          -3.966939
        ]
      },
      "properties": {
        "risiko_aktual": "tinggi",
        "risiko_prediksi": "Tinggi",
        "probabilitas": 0.9855,
        "curah_hujan": 1991.5,
        "kemiringan": "0-8% (Datar)",
        "jenis_tanah": "Dystrudepts",
        "penggunaan_lahan": "Hutan",
        "skor_drainase": 0.0,
        "warna": "#e74c3c"
      }
    },
    {
      "type": "Feature",
      "geometry": {
        "type": "Point",
        "coordinates": [
          122.536196,
          -3.967105
        ]
      },
      "properties": {
        "risiko_aktual": "tinggi",
        "risiko_prediksi": "Tinggi",
        "probabilitas": 0.9855,
        "curah_hujan": 1991.5,
        "kemiringan": "0-8% (Datar)",
        "jenis_tanah": "Dystrudepts",
        "penggunaan_lahan": "Hutan",
        "skor_drainase": 0.0,
        "warna": "#e74c3c"
      }
    },
    {
      "type": "Feature",
      "geometry": {
        "type": "Point",
        "coordinates": [
          122.535942,
          -3.96723
        ]
      },
      "properties": {
        "risiko_aktual": "tinggi",
        "risiko_prediksi": "Tinggi",
        "probabilitas": 0.9855,
        "curah_hujan": 1991.5,
        "kemiringan": "0-8% (Datar)",
        "jenis_tanah": "Dystrudepts",
        "penggunaan_lahan": "Hutan",
        "skor_drainase": 0.0,
        "warna": "#e74c3c"
      }
    },
    {
      "type": "Feature",
      "geometry": {
        "type": "Point",
        "coordinates": [
          122.535679,
          -3.967372
        ]
      },
      "properties": {
        "risiko_aktual": "tinggi",
        "risiko_prediksi": "Tinggi",
        "probabilitas": 0.9855,
        "curah_hujan": 1991.5,
        "kemiringan": "0-8% (Datar)",
        "jenis_tanah": "Dystrudepts",
        "penggunaan_lahan": "Hutan",
        "skor_drainase": 0.0,
        "warna": "#e74c3c"
      }
    },
    {
      "type": "Feature",
      "geometry": {
        "type": "Point",
        "coordinates": [
          122.535286,
          -3.967567
        ]
      },
      "properties": {
        "risiko_aktual": "tinggi",
        "risiko_prediksi": "Tinggi",
        "probabilitas": 0.9855,
        "curah_hujan": 1991.5,
        "kemiringan": "0-8% (Datar)",
        "jenis_tanah": "Dystrudepts",
        "penggunaan_lahan": "Hutan",
        "skor_drainase": 0.0,
        "warna": "#e74c3c"
      }
    },
    {
      "type": "Feature",
      "geometry": {
        "type": "Point",
        "coordinates": [
          122.535097,
          -3.967667
        ]
      },
      "properties": {
        "risiko_aktual": "tinggi",
        "risiko_prediksi": "Tinggi",
        "probabilitas": 0.9855,
        "curah_hujan": 1991.5,
        "kemiringan": "0-8% (Datar)",
        "jenis_tanah": "Dystrudepts",
        "penggunaan_lahan": "Hutan",
        "skor_drainase": 0.0,
        "warna": "#e74c3c"
      }
    },
    {
      "type": "Feature",
      "geometry": {
        "type": "Point",
        "coordinates": [
          122.534893,
          -3.967757
        ]
      },
      "properties": {
        "risiko_aktual": "tinggi",
        "risiko_prediksi": "Tinggi",
        "probabilitas": 0.9855,
        "curah_hujan": 1991.5,
        "kemiringan": "0-8% (Datar)",
        "jenis_tanah": "Dystrudepts",
        "penggunaan_lahan": "Hutan",
        "skor_drainase": 0.0,
        "warna": "#e74c3c"
      }
    },
    {
      "type": "Feature",
      "geometry": {
        "type": "Point",
        "coordinates": [
          122.534728,
          -3.967828
        ]
      },
      "properties": {
        "risiko_aktual": "tinggi",
        "risiko_prediksi": "Tinggi",
        "probabilitas": 0.9855,
        "curah_hujan": 1991.5,
        "kemiringan": "0-8% (Datar)",
        "jenis_tanah": "Dystrudepts",
        "penggunaan_lahan": "Hutan",
        "skor_drainase": 0.0,
        "warna": "#e74c3c"
      }
    },
    {
      "type": "Feature",
      "geometry": {
        "type": "Point",
        "coordinates": [
          122.534654,
          -3.967863
        ]
      },
      "properties": {
        "risiko_aktual": "tinggi",
        "risiko_prediksi": "Tinggi",
        "probabilitas": 0.9855,
        "curah_hujan": 1991.5,
        "kemiringan": "0-8% (Datar)",
        "jenis_tanah": "Dystrudepts",
        "penggunaan_lahan": "Hutan",
        "skor_drainase": 0.0,
        "warna": "#e74c3c"
      }
    },
    {
      "type": "Feature",
      "geometry": {
        "type": "Point",
        "coordinates": [
          122.534579,
          -3.967893
        ]
      },
      "properties": {
        "risiko_aktual": "tinggi",
        "risiko_prediksi": "Tinggi",
        "probabilitas": 0.9855,
        "curah_hujan": 1991.5,
        "kemiringan": "0-8% (Datar)",
        "jenis_tanah": "Dystrudepts",
        "penggunaan_lahan": "Hutan",
        "skor_drainase": 0.0,
        "warna": "#e74c3c"
      }
    },
    {
      "type": "Feature",
      "geometry": {
        "type": "Point",
        "coordinates": [
          122.534523,
          -3.967919
        ]
      },
      "properties": {
        "risiko_aktual": "tinggi",
        "risiko_prediksi": "Tinggi",
        "probabilitas": 0.9855,
        "curah_hujan": 1991.5,
        "kemiringan": "0-8% (Datar)",
        "jenis_tanah": "Dystrudepts",
        "penggunaan_lahan": "Hutan",
        "skor_drainase": 0.0,
        "warna": "#e74c3c"
      }
    },
    {
      "type": "Feature",
      "geometry": {
        "type": "Point",
        "coordinates": [
          122.534457,
          -3.967948
        ]
      },
      "properties": {
        "risiko_aktual": "tinggi",
        "risiko_prediksi": "Tinggi",
        "probabilitas": 0.9855,
        "curah_hujan": 1991.5,
        "kemiringan": "0-8% (Datar)",
        "jenis_tanah": "Dystrudepts",
        "penggunaan_lahan": "Hutan",
        "skor_drainase": 0.0,
        "warna": "#e74c3c"
      }
    },
    {
      "type": "Feature",
      "geometry": {
        "type": "Point",
        "coordinates": [
          122.534297,
          -3.968022
        ]
      },
      "properties": {
        "risiko_aktual": "tinggi",
        "risiko_prediksi": "Tinggi",
        "probabilitas": 0.9855,
        "curah_hujan": 1991.5,
        "kemiringan": "0-8% (Datar)",
        "jenis_tanah": "Dystrudepts",
        "penggunaan_lahan": "Hutan",
        "skor_drainase": 0.0,
        "warna": "#e74c3c"
      }
    },
    {
      "type": "Feature",
      "geometry": {
        "type": "Point",
        "coordinates": [
          122.53415,
          -3.968088
        ]
      },
      "properties": {
        "risiko_aktual": "tinggi",
        "risiko_prediksi": "Tinggi",
        "probabilitas": 0.9855,
        "curah_hujan": 1991.5,
        "kemiringan": "0-8% (Datar)",
        "jenis_tanah": "Dystrudepts",
        "penggunaan_lahan": "Hutan",
        "skor_drainase": 0.0,
        "warna": "#e74c3c"
      }
    },
    {
      "type": "Feature",
      "geometry": {
        "type": "Point",
        "coordinates": [
          122.533978,
          -3.96817
        ]
      },
      "properties": {
        "risiko_aktual": "tinggi",
        "risiko_prediksi": "Tinggi",
        "probabilitas": 0.9855,
        "curah_hujan": 1991.5,
        "kemiringan": "0-8% (Datar)",
        "jenis_tanah": "Dystrudepts",
        "penggunaan_lahan": "Hutan",
        "skor_drainase": 0.0,
        "warna": "#e74c3c"
      }
    },
    {
      "type": "Feature",
      "geometry": {
        "type": "Point",
        "coordinates": [
          122.533962,
          -3.968184
        ]
      },
      "properties": {
        "risiko_aktual": "tinggi",
        "risiko_prediksi": "Tinggi",
        "probabilitas": 0.9855,
        "curah_hujan": 1991.5,
        "kemiringan": "0-8% (Datar)",
        "jenis_tanah": "Dystrudepts",
        "penggunaan_lahan": "Hutan",
        "skor_drainase": 0.0,
        "warna": "#e74c3c"
      }
    },
    {
      "type": "Feature",
      "geometry": {
        "type": "Point",
        "coordinates": [
          122.533935,
          -3.968226
        ]
      },
      "properties": {
        "risiko_aktual": "tinggi",
        "risiko_prediksi": "Tinggi",
        "probabilitas": 0.9855,
        "curah_hujan": 1991.5,
        "kemiringan": "0-8% (Datar)",
        "jenis_tanah": "Dystrudepts",
        "penggunaan_lahan": "Hutan",
        "skor_drainase": 0.0,
        "warna": "#e74c3c"
      }
    },
    {
      "type": "Feature",
      "geometry": {
        "type": "Point",
        "coordinates": [
          122.533922,
          -3.968254
        ]
      },
      "properties": {
        "risiko_aktual": "tinggi",
        "risiko_prediksi": "Tinggi",
        "probabilitas": 0.9855,
        "curah_hujan": 1991.5,
        "kemiringan": "0-8% (Datar)",
        "jenis_tanah": "Dystrudepts",
        "penggunaan_lahan": "Hutan",
        "skor_drainase": 0.0,
        "warna": "#e74c3c"
      }
    },
    {
      "type": "Feature",
      "geometry": {
        "type": "Point",
        "coordinates": [
          122.533892,
          -3.968316
        ]
      },
      "properties": {
        "risiko_aktual": "tinggi",
        "risiko_prediksi": "Tinggi",
        "probabilitas": 0.9855,
        "curah_hujan": 1991.5,
        "kemiringan": "0-8% (Datar)",
        "jenis_tanah": "Dystrudepts",
        "penggunaan_lahan": "Hutan",
        "skor_drainase": 0.0,
        "warna": "#e74c3c"
      }
    },
    {
      "type": "Feature",
      "geometry": {
        "type": "Point",
        "coordinates": [
          122.533867,
          -3.968373
        ]
      },
      "properties": {
        "risiko_aktual": "tinggi",
        "risiko_prediksi": "Tinggi",
        "probabilitas": 0.9855,
        "curah_hujan": 1991.5,
        "kemiringan": "0-8% (Datar)",
        "jenis_tanah": "Dystrudepts",
        "penggunaan_lahan": "Hutan",
        "skor_drainase": 0.0,
        "warna": "#e74c3c"
      }
    },
    {
      "type": "Feature",
      "geometry": {
        "type": "Point",
        "coordinates": [
          122.533854,
          -3.968395
        ]
      },
      "properties": {
        "risiko_aktual": "tinggi",
        "risiko_prediksi": "Tinggi",
        "probabilitas": 0.9855,
        "curah_hujan": 1991.5,
        "kemiringan": "0-8% (Datar)",
        "jenis_tanah": "Dystrudepts",
        "penggunaan_lahan": "Hutan",
        "skor_drainase": 0.0,
        "warna": "#e74c3c"
      }
    },
    {
      "type": "Feature",
      "geometry": {
        "type": "Point",
        "coordinates": [
          122.533834,
          -3.968418
        ]
      },
      "properties": {
        "risiko_aktual": "tinggi",
        "risiko_prediksi": "Tinggi",
        "probabilitas": 0.9855,
        "curah_hujan": 1991.5,
        "kemiringan": "0-8% (Datar)",
        "jenis_tanah": "Dystrudepts",
        "penggunaan_lahan": "Hutan",
        "skor_drainase": 0.0,
        "warna": "#e74c3c"
      }
    },
    {
      "type": "Feature",
      "geometry": {
        "type": "Point",
        "coordinates": [
          122.533801,
          -3.96845
        ]
      },
      "properties": {
        "risiko_aktual": "tinggi",
        "risiko_prediksi": "Tinggi",
        "probabilitas": 0.9855,
        "curah_hujan": 1991.5,
        "kemiringan": "0-8% (Datar)",
        "jenis_tanah": "Dystrudepts",
        "penggunaan_lahan": "Hutan",
        "skor_drainase": 0.0,
        "warna": "#e74c3c"
      }
    },
    {
      "type": "Feature",
      "geometry": {
        "type": "Point",
        "coordinates": [
          122.533786,
          -3.968465
        ]
      },
      "properties": {
        "risiko_aktual": "tinggi",
        "risiko_prediksi": "Tinggi",
        "probabilitas": 0.9855,
        "curah_hujan": 1991.5,
        "kemiringan": "0-8% (Datar)",
        "jenis_tanah": "Dystrudepts",
        "penggunaan_lahan": "Hutan",
        "skor_drainase": 0.0,
        "warna": "#e74c3c"
      }
    },
    {
      "type": "Feature",
      "geometry": {
        "type": "Point",
        "coordinates": [
          122.533755,
          -3.968481
        ]
      },
      "properties": {
        "risiko_aktual": "tinggi",
        "risiko_prediksi": "Tinggi",
        "probabilitas": 0.9855,
        "curah_hujan": 1991.5,
        "kemiringan": "0-8% (Datar)",
        "jenis_tanah": "Dystrudepts",
        "penggunaan_lahan": "Hutan",
        "skor_drainase": 0.0,
        "warna": "#e74c3c"
      }
    },
    {
      "type": "Feature",
      "geometry": {
        "type": "Point",
        "coordinates": [
          122.533715,
          -3.968507
        ]
      },
      "properties": {
        "risiko_aktual": "tinggi",
        "risiko_prediksi": "Tinggi",
        "probabilitas": 0.9855,
        "curah_hujan": 1991.5,
        "kemiringan": "0-8% (Datar)",
        "jenis_tanah": "Dystrudepts",
        "penggunaan_lahan": "Hutan",
        "skor_drainase": 0.0,
        "warna": "#e74c3c"
      }
    },
    {
      "type": "Feature",
      "geometry": {
        "type": "Point",
        "coordinates": [
          122.533667,
          -3.968531
        ]
      },
      "properties": {
        "risiko_aktual": "tinggi",
        "risiko_prediksi": "Tinggi",
        "probabilitas": 0.9846,
        "curah_hujan": 1991.5,
        "kemiringan": "8-15% (Landai)",
        "jenis_tanah": "Dystrudepts",
        "penggunaan_lahan": "Hutan",
        "skor_drainase": 0.0,
        "warna": "#e74c3c"
      }
    },
    {
      "type": "Feature",
      "geometry": {
        "type": "Point",
        "coordinates": [
          122.533217,
          -3.968757
        ]
      },
      "properties": {
        "risiko_aktual": "tinggi",
        "risiko_prediksi": "Tinggi",
        "probabilitas": 0.9852,
        "curah_hujan": 1991.5,
        "kemiringan": "0-8% (Datar)",
        "jenis_tanah": "Dystrudepts",
        "penggunaan_lahan": "Hutan",
        "skor_drainase": 0.0,
        "warna": "#e74c3c"
      }
    },
    {
      "type": "Feature",
      "geometry": {
        "type": "Point",
        "coordinates": [
          122.531677,
          -3.969388
        ]
      },
      "properties": {
        "risiko_aktual": "tinggi",
        "risiko_prediksi": "Tinggi",
        "probabilitas": 0.9855,
        "curah_hujan": 1991.5,
        "kemiringan": "0-8% (Datar)",
        "jenis_tanah": "Dystrudepts",
        "penggunaan_lahan": "Hutan",
        "skor_drainase": 0.0,
        "warna": "#e74c3c"
      }
    },
    {
      "type": "Feature",
      "geometry": {
        "type": "Point",
        "coordinates": [
          122.531644,
          -3.969393
        ]
      },
      "properties": {
        "risiko_aktual": "tinggi",
        "risiko_prediksi": "Tinggi",
        "probabilitas": 0.9855,
        "curah_hujan": 1991.5,
        "kemiringan": "0-8% (Datar)",
        "jenis_tanah": "Dystrudepts",
        "penggunaan_lahan": "Hutan",
        "skor_drainase": 0.0,
        "warna": "#e74c3c"
      }
    },
    {
      "type": "Feature",
      "geometry": {
        "type": "Point",
        "coordinates": [
          122.531499,
          -3.969433
        ]
      },
      "properties": {
        "risiko_aktual": "tinggi",
        "risiko_prediksi": "Tinggi",
        "probabilitas": 0.9855,
        "curah_hujan": 1991.5,
        "kemiringan": "0-8% (Datar)",
        "jenis_tanah": "Dystrudepts",
        "penggunaan_lahan": "Hutan",
        "skor_drainase": 0.0,
        "warna": "#e74c3c"
      }
    },
    {
      "type": "Feature",
      "geometry": {
        "type": "Point",
        "coordinates": [
          122.53139,
          -3.969465
        ]
      },
      "properties": {
        "risiko_aktual": "tinggi",
        "risiko_prediksi": "Tinggi",
        "probabilitas": 0.9855,
        "curah_hujan": 1991.5,
        "kemiringan": "0-8% (Datar)",
        "jenis_tanah": "Dystrudepts",
        "penggunaan_lahan": "Hutan",
        "skor_drainase": 0.0,
        "warna": "#e74c3c"
      }
    },
    {
      "type": "Feature",
      "geometry": {
        "type": "Point",
        "coordinates": [
          122.531313,
          -3.969503
        ]
      },
      "properties": {
        "risiko_aktual": "tinggi",
        "risiko_prediksi": "Tinggi",
        "probabilitas": 0.9855,
        "curah_hujan": 1991.5,
        "kemiringan": "0-8% (Datar)",
        "jenis_tanah": "Dystrudepts",
        "penggunaan_lahan": "Hutan",
        "skor_drainase": 0.0,
        "warna": "#e74c3c"
      }
    },
    {
      "type": "Feature",
      "geometry": {
        "type": "Point",
        "coordinates": [
          122.531261,
          -3.969527
        ]
      },
      "properties": {
        "risiko_aktual": "tinggi",
        "risiko_prediksi": "Tinggi",
        "probabilitas": 0.9855,
        "curah_hujan": 1991.5,
        "kemiringan": "0-8% (Datar)",
        "jenis_tanah": "Dystrudepts",
        "penggunaan_lahan": "Hutan",
        "skor_drainase": 0.0,
        "warna": "#e74c3c"
      }
    },
    {
      "type": "Feature",
      "geometry": {
        "type": "Point",
        "coordinates": [
          122.531226,
          -3.969555
        ]
      },
      "properties": {
        "risiko_aktual": "tinggi",
        "risiko_prediksi": "Tinggi",
        "probabilitas": 0.9855,
        "curah_hujan": 1991.5,
        "kemiringan": "0-8% (Datar)",
        "jenis_tanah": "Dystrudepts",
        "penggunaan_lahan": "Hutan",
        "skor_drainase": 0.0,
        "warna": "#e74c3c"
      }
    },
    {
      "type": "Feature",
      "geometry": {
        "type": "Point",
        "coordinates": [
          122.531209,
          -3.96958
        ]
      },
      "properties": {
        "risiko_aktual": "tinggi",
        "risiko_prediksi": "Tinggi",
        "probabilitas": 0.9855,
        "curah_hujan": 1991.5,
        "kemiringan": "0-8% (Datar)",
        "jenis_tanah": "Dystrudepts",
        "penggunaan_lahan": "Hutan",
        "skor_drainase": 0.0,
        "warna": "#e74c3c"
      }
    },
    {
      "type": "Feature",
      "geometry": {
        "type": "Point",
        "coordinates": [
          122.53089,
          -3.96971
        ]
      },
      "properties": {
        "risiko_aktual": "tinggi",
        "risiko_prediksi": "Tinggi",
        "probabilitas": 0.9855,
        "curah_hujan": 1991.5,
        "kemiringan": "0-8% (Datar)",
        "jenis_tanah": "Dystrudepts",
        "penggunaan_lahan": "Hutan",
        "skor_drainase": 0.0,
        "warna": "#e74c3c"
      }
    },
    {
      "type": "Feature",
      "geometry": {
        "type": "Point",
        "coordinates": [
          122.530539,
          -3.969886
        ]
      },
      "properties": {
        "risiko_aktual": "tinggi",
        "risiko_prediksi": "Tinggi",
        "probabilitas": 0.9855,
        "curah_hujan": 1991.5,
        "kemiringan": "0-8% (Datar)",
        "jenis_tanah": "Dystrudepts",
        "penggunaan_lahan": "Hutan",
        "skor_drainase": 0.0,
        "warna": "#e74c3c"
      }
    },
    {
      "type": "Feature",
      "geometry": {
        "type": "Point",
        "coordinates": [
          122.530239,
          -3.970011
        ]
      },
      "properties": {
        "risiko_aktual": "tinggi",
        "risiko_prediksi": "Tinggi",
        "probabilitas": 0.9855,
        "curah_hujan": 1991.5,
        "kemiringan": "0-8% (Datar)",
        "jenis_tanah": "Dystrudepts",
        "penggunaan_lahan": "Hutan",
        "skor_drainase": 0.0,
        "warna": "#e74c3c"
      }
    },
    {
      "type": "Feature",
      "geometry": {
        "type": "Point",
        "coordinates": [
          122.530039,
          -3.970162
        ]
      },
      "properties": {
        "risiko_aktual": "tinggi",
        "risiko_prediksi": "Tinggi",
        "probabilitas": 0.9855,
        "curah_hujan": 1991.5,
        "kemiringan": "8-15% (Landai)",
        "jenis_tanah": "Dystrudepts",
        "penggunaan_lahan": "Hutan",
        "skor_drainase": 0.0,
        "warna": "#e74c3c"
      }
    },
    {
      "type": "Feature",
      "geometry": {
        "type": "Point",
        "coordinates": [
          122.529838,
          -3.970287
        ]
      },
      "properties": {
        "risiko_aktual": "tinggi",
        "risiko_prediksi": "Tinggi",
        "probabilitas": 0.9846,
        "curah_hujan": 1991.5,
        "kemiringan": "8-15% (Landai)",
        "jenis_tanah": "Dystrudepts",
        "penggunaan_lahan": "Hutan",
        "skor_drainase": 0.0,
        "warna": "#e74c3c"
      }
    },
    {
      "type": "Feature",
      "geometry": {
        "type": "Point",
        "coordinates": [
          122.529713,
          -3.970563
        ]
      },
      "properties": {
        "risiko_aktual": "tinggi",
        "risiko_prediksi": "Tinggi",
        "probabilitas": 0.9846,
        "curah_hujan": 1991.5,
        "kemiringan": "8-15% (Landai)",
        "jenis_tanah": "Dystrudepts",
        "penggunaan_lahan": "Hutan",
        "skor_drainase": 0.0,
        "warna": "#e74c3c"
      }
    },
    {
      "type": "Feature",
      "geometry": {
        "type": "Point",
        "coordinates": [
          122.529863,
          -3.971242
        ]
      },
      "properties": {
        "risiko_aktual": "tinggi",
        "risiko_prediksi": "Tinggi",
        "probabilitas": 0.985,
        "curah_hujan": 1991.5,
        "kemiringan": "15-25% (Agak Curam)",
        "jenis_tanah": "Dystrudepts",
        "penggunaan_lahan": "Hutan",
        "skor_drainase": 0.0,
        "warna": "#e74c3c"
      }
    },
    {
      "type": "Feature",
      "geometry": {
        "type": "Point",
        "coordinates": [
          122.529938,
          -3.971392
        ]
      },
      "properties": {
        "risiko_aktual": "tinggi",
        "risiko_prediksi": "Tinggi",
        "probabilitas": 0.9823,
        "curah_hujan": 1991.5,
        "kemiringan": "15-25% (Agak Curam)",
        "jenis_tanah": "Dystrudepts",
        "penggunaan_lahan": "Hutan",
        "skor_drainase": 0.0,
        "warna": "#e74c3c"
      }
    },
    {
      "type": "Feature",
      "geometry": {
        "type": "Point",
        "coordinates": [
          122.530013,
          -3.971493
        ]
      },
      "properties": {
        "risiko_aktual": "tinggi",
        "risiko_prediksi": "Tinggi",
        "probabilitas": 0.9823,
        "curah_hujan": 1991.5,
        "kemiringan": "15-25% (Agak Curam)",
        "jenis_tanah": "Dystrudepts",
        "penggunaan_lahan": "Hutan",
        "skor_drainase": 0.0,
        "warna": "#e74c3c"
      }
    },
    {
      "type": "Feature",
      "geometry": {
        "type": "Point",
        "coordinates": [
          122.530263,
          -3.971443
        ]
      },
      "properties": {
        "risiko_aktual": "tinggi",
        "risiko_prediksi": "Tinggi",
        "probabilitas": 0.985,
        "curah_hujan": 1991.5,
        "kemiringan": "15-25% (Agak Curam)",
        "jenis_tanah": "Dystrudepts",
        "penggunaan_lahan": "Hutan",
        "skor_drainase": 0.0,
        "warna": "#e74c3c"
      }
    },
    {
      "type": "Feature",
      "geometry": {
        "type": "Point",
        "coordinates": [
          122.530413,
          -3.971368
        ]
      },
      "properties": {
        "risiko_aktual": "tinggi",
        "risiko_prediksi": "Tinggi",
        "probabilitas": 0.9855,
        "curah_hujan": 1991.5,
        "kemiringan": "8-15% (Landai)",
        "jenis_tanah": "Dystrudepts",
        "penggunaan_lahan": "Hutan",
        "skor_drainase": 0.0,
        "warna": "#e74c3c"
      }
    },
    {
      "type": "Feature",
      "geometry": {
        "type": "Point",
        "coordinates": [
          122.530539,
          -3.971242
        ]
      },
      "properties": {
        "risiko_aktual": "tinggi",
        "risiko_prediksi": "Tinggi",
        "probabilitas": 0.9855,
        "curah_hujan": 1991.5,
        "kemiringan": "8-15% (Landai)",
        "jenis_tanah": "Dystrudepts",
        "penggunaan_lahan": "Hutan",
        "skor_drainase": 0.0,
        "warna": "#e74c3c"
      }
    },
    {
      "type": "Feature",
      "geometry": {
        "type": "Point",
        "coordinates": [
          122.530688,
          -3.971217
        ]
      },
      "properties": {
        "risiko_aktual": "tinggi",
        "risiko_prediksi": "Tinggi",
        "probabilitas": 0.9855,
        "curah_hujan": 1991.5,
        "kemiringan": "8-15% (Landai)",
        "jenis_tanah": "Dystrudepts",
        "penggunaan_lahan": "Hutan",
        "skor_drainase": 0.0,
        "warna": "#e74c3c"
      }
    },
    {
      "type": "Feature",
      "geometry": {
        "type": "Point",
        "coordinates": [
          122.531089,
          -3.971293
        ]
      },
      "properties": {
        "risiko_aktual": "tinggi",
        "risiko_prediksi": "Tinggi",
        "probabilitas": 0.985,
        "curah_hujan": 1991.5,
        "kemiringan": "15-25% (Agak Curam)",
        "jenis_tanah": "Dystrudepts",
        "penggunaan_lahan": "Hutan",
        "skor_drainase": 0.0,
        "warna": "#e74c3c"
      }
    },
    {
      "type": "Feature",
      "geometry": {
        "type": "Point",
        "coordinates": [
          122.531164,
          -3.971494
        ]
      },
      "properties": {
        "risiko_aktual": "tinggi",
        "risiko_prediksi": "Tinggi",
        "probabilitas": 0.9855,
        "curah_hujan": 1991.5,
        "kemiringan": "0-8% (Datar)",
        "jenis_tanah": "Dystrudepts",
        "penggunaan_lahan": "Hutan",
        "skor_drainase": 0.0,
        "warna": "#e74c3c"
      }
    },
    {
      "type": "Feature",
      "geometry": {
        "type": "Point",
        "coordinates": [
          122.531163,
          -3.971669
        ]
      },
      "properties": {
        "risiko_aktual": "tinggi",
        "risiko_prediksi": "Tinggi",
        "probabilitas": 0.9855,
        "curah_hujan": 1991.5,
        "kemiringan": "8-15% (Landai)",
        "jenis_tanah": "Dystrudepts",
        "penggunaan_lahan": "Hutan",
        "skor_drainase": 0.0,
        "warna": "#e74c3c"
      }
    },
    {
      "type": "Feature",
      "geometry": {
        "type": "Point",
        "coordinates": [
          122.531214,
          -3.971845
        ]
      },
      "properties": {
        "risiko_aktual": "tinggi",
        "risiko_prediksi": "Tinggi",
        "probabilitas": 0.9855,
        "curah_hujan": 1991.5,
        "kemiringan": "8-15% (Landai)",
        "jenis_tanah": "Dystrudepts",
        "penggunaan_lahan": "Hutan",
        "skor_drainase": 0.0,
        "warna": "#e74c3c"
      }
    },
    {
      "type": "Feature",
      "geometry": {
        "type": "Point",
        "coordinates": [
          122.531363,
          -3.971946
        ]
      },
      "properties": {
        "risiko_aktual": "tinggi",
        "risiko_prediksi": "Tinggi",
        "probabilitas": 0.9855,
        "curah_hujan": 1991.5,
        "kemiringan": "8-15% (Landai)",
        "jenis_tanah": "Dystrudepts",
        "penggunaan_lahan": "Hutan",
        "skor_drainase": 0.0,
        "warna": "#e74c3c"
      }
    },
    {
      "type": "Feature",
      "geometry": {
        "type": "Point",
        "coordinates": [
          122.531363,
          -3.972122
        ]
      },
      "properties": {
        "risiko_aktual": "tinggi",
        "risiko_prediksi": "Tinggi",
        "probabilitas": 0.9855,
        "curah_hujan": 1991.5,
        "kemiringan": "8-15% (Landai)",
        "jenis_tanah": "Dystrudepts",
        "penggunaan_lahan": "Hutan",
        "skor_drainase": 0.0,
        "warna": "#e74c3c"
      }
    },
    {
      "type": "Feature",
      "geometry": {
        "type": "Point",
        "coordinates": [
          122.531163,
          -3.972473
        ]
      },
      "properties": {
        "risiko_aktual": "tinggi",
        "risiko_prediksi": "Tinggi",
        "probabilitas": 0.9846,
        "curah_hujan": 1991.5,
        "kemiringan": "8-15% (Landai)",
        "jenis_tanah": "Dystrudepts",
        "penggunaan_lahan": "Hutan",
        "skor_drainase": 0.0,
        "warna": "#e74c3c"
      }
    },
    {
      "type": "Feature",
      "geometry": {
        "type": "Point",
        "coordinates": [
          122.531013,
          -3.972724
        ]
      },
      "properties": {
        "risiko_aktual": "tinggi",
        "risiko_prediksi": "Tinggi",
        "probabilitas": 0.9846,
        "curah_hujan": 1991.5,
        "kemiringan": "8-15% (Landai)",
        "jenis_tanah": "Dystrudepts",
        "penggunaan_lahan": "Hutan",
        "skor_drainase": 0.0,
        "warna": "#e74c3c"
      }
    },
    {
      "type": "Feature",
      "geometry": {
        "type": "Point",
        "coordinates": [
          122.530837,
          -3.973026
        ]
      },
      "properties": {
        "risiko_aktual": "tinggi",
        "risiko_prediksi": "Tinggi",
        "probabilitas": 0.9855,
        "curah_hujan": 1991.5,
        "kemiringan": "8-15% (Landai)",
        "jenis_tanah": "Dystrudepts",
        "penggunaan_lahan": "Hutan",
        "skor_drainase": 0.0,
        "warna": "#e74c3c"
      }
    },
    {
      "type": "Feature",
      "geometry": {
        "type": "Point",
        "coordinates": [
          122.530852,
          -3.9731
        ]
      },
      "properties": {
        "risiko_aktual": "tinggi",
        "risiko_prediksi": "Tinggi",
        "probabilitas": 0.9855,
        "curah_hujan": 1991.5,
        "kemiringan": "8-15% (Landai)",
        "jenis_tanah": "Dystrudepts",
        "penggunaan_lahan": "Hutan",
        "skor_drainase": 0.0,
        "warna": "#e74c3c"
      }
    },
    {
      "type": "Feature",
      "geometry": {
        "type": "Point",
        "coordinates": [
          122.530654,
          -3.973091
        ]
      },
      "properties": {
        "risiko_aktual": "tinggi",
        "risiko_prediksi": "Tinggi",
        "probabilitas": 0.9855,
        "curah_hujan": 1991.5,
        "kemiringan": "8-15% (Landai)",
        "jenis_tanah": "Dystrudepts",
        "penggunaan_lahan": "Hutan",
        "skor_drainase": 0.0,
        "warna": "#e74c3c"
      }
    },
    {
      "type": "Feature",
      "geometry": {
        "type": "Point",
        "coordinates": [
          122.530383,
          -3.97299
        ]
      },
      "properties": {
        "risiko_aktual": "tinggi",
        "risiko_prediksi": "Tinggi",
        "probabilitas": 0.9855,
        "curah_hujan": 1991.5,
        "kemiringan": "8-15% (Landai)",
        "jenis_tanah": "Dystrudepts",
        "penggunaan_lahan": "Hutan",
        "skor_drainase": 0.0,
        "warna": "#e74c3c"
      }
    },
    {
      "type": "Feature",
      "geometry": {
        "type": "Point",
        "coordinates": [
          122.530165,
          -3.972835
        ]
      },
      "properties": {
        "risiko_aktual": "tinggi",
        "risiko_prediksi": "Tinggi",
        "probabilitas": 0.9855,
        "curah_hujan": 1991.5,
        "kemiringan": "8-15% (Landai)",
        "jenis_tanah": "Dystrudepts",
        "penggunaan_lahan": "Hutan",
        "skor_drainase": 0.0,
        "warna": "#e74c3c"
      }
    },
    {
      "type": "Feature",
      "geometry": {
        "type": "Point",
        "coordinates": [
          122.530047,
          -3.972681
        ]
      },
      "properties": {
        "risiko_aktual": "tinggi",
        "risiko_prediksi": "Tinggi",
        "probabilitas": 0.9855,
        "curah_hujan": 1991.5,
        "kemiringan": "0-8% (Datar)",
        "jenis_tanah": "Dystrudepts",
        "penggunaan_lahan": "Hutan",
        "skor_drainase": 0.0,
        "warna": "#e74c3c"
      }
    },
    {
      "type": "Feature",
      "geometry": {
        "type": "Point",
        "coordinates": [
          122.529894,
          -3.972526
        ]
      },
      "properties": {
        "risiko_aktual": "tinggi",
        "risiko_prediksi": "Tinggi",
        "probabilitas": 0.985,
        "curah_hujan": 1991.5,
        "kemiringan": "15-25% (Agak Curam)",
        "jenis_tanah": "Dystrudepts",
        "penggunaan_lahan": "Hutan",
        "skor_drainase": 0.0,
        "warna": "#e74c3c"
      }
    },
    {
      "type": "Feature",
      "geometry": {
        "type": "Point",
        "coordinates": [
          122.529647,
          -3.972438
        ]
      },
      "properties": {
        "risiko_aktual": "tinggi",
        "risiko_prediksi": "Tinggi",
        "probabilitas": 0.9855,
        "curah_hujan": 1991.5,
        "kemiringan": "8-15% (Landai)",
        "jenis_tanah": "Dystrudepts",
        "penggunaan_lahan": "Hutan",
        "skor_drainase": 0.0,
        "warna": "#e74c3c"
      }
    },
    {
      "type": "Feature",
      "geometry": {
        "type": "Point",
        "coordinates": [
          122.529444,
          -3.972446
        ]
      },
      "properties": {
        "risiko_aktual": "tinggi",
        "risiko_prediksi": "Tinggi",
        "probabilitas": 0.9855,
        "curah_hujan": 1991.5,
        "kemiringan": "8-15% (Landai)",
        "jenis_tanah": "Dystrudepts",
        "penggunaan_lahan": "Hutan",
        "skor_drainase": 0.0,
        "warna": "#e74c3c"
      }
    },
    {
      "type": "Feature",
      "geometry": {
        "type": "Point",
        "coordinates": [
          122.529355,
          -3.97241
        ]
      },
      "properties": {
        "risiko_aktual": "tinggi",
        "risiko_prediksi": "Tinggi",
        "probabilitas": 0.9855,
        "curah_hujan": 1991.5,
        "kemiringan": "0-8% (Datar)",
        "jenis_tanah": "Dystrudepts",
        "penggunaan_lahan": "Hutan",
        "skor_drainase": 0.0,
        "warna": "#e74c3c"
      }
    },
    {
      "type": "Feature",
      "geometry": {
        "type": "Point",
        "coordinates": [
          122.528926,
          -3.971948
        ]
      },
      "properties": {
        "risiko_aktual": "tinggi",
        "risiko_prediksi": "Tinggi",
        "probabilitas": 0.9855,
        "curah_hujan": 1991.5,
        "kemiringan": "8-15% (Landai)",
        "jenis_tanah": "Dystrudepts",
        "penggunaan_lahan": "Hutan",
        "skor_drainase": 0.0,
        "warna": "#e74c3c"
      }
    },
    {
      "type": "Feature",
      "geometry": {
        "type": "Point",
        "coordinates": [
          122.528217,
          -3.971452
        ]
      },
      "properties": {
        "risiko_aktual": "tinggi",
        "risiko_prediksi": "Tinggi",
        "probabilitas": 0.9855,
        "curah_hujan": 1991.5,
        "kemiringan": "8-15% (Landai)",
        "jenis_tanah": "Dystrudepts",
        "penggunaan_lahan": "Hutan",
        "skor_drainase": 0.0,
        "warna": "#e74c3c"
      }
    },
    {
      "type": "Feature",
      "geometry": {
        "type": "Point",
        "coordinates": [
          122.527987,
          -3.971306
        ]
      },
      "properties": {
        "risiko_aktual": "tinggi",
        "risiko_prediksi": "Tinggi",
        "probabilitas": 0.9855,
        "curah_hujan": 1991.5,
        "kemiringan": "8-15% (Landai)",
        "jenis_tanah": "Dystrudepts",
        "penggunaan_lahan": "Hutan",
        "skor_drainase": 0.0,
        "warna": "#e74c3c"
      }
    },
    {
      "type": "Feature",
      "geometry": {
        "type": "Point",
        "coordinates": [
          122.527834,
          -3.971207
        ]
      },
      "properties": {
        "risiko_aktual": "tinggi",
        "risiko_prediksi": "Tinggi",
        "probabilitas": 0.9855,
        "curah_hujan": 1991.5,
        "kemiringan": "0-8% (Datar)",
        "jenis_tanah": "Dystrudepts",
        "penggunaan_lahan": "Hutan",
        "skor_drainase": 0.0,
        "warna": "#e74c3c"
      }
    },
    {
      "type": "Feature",
      "geometry": {
        "type": "Point",
        "coordinates": [
          122.527738,
          -3.971142
        ]
      },
      "properties": {
        "risiko_aktual": "tinggi",
        "risiko_prediksi": "Tinggi",
        "probabilitas": 0.9855,
        "curah_hujan": 1991.5,
        "kemiringan": "0-8% (Datar)",
        "jenis_tanah": "Dystrudepts",
        "penggunaan_lahan": "Hutan",
        "skor_drainase": 0.0,
        "warna": "#e74c3c"
      }
    },
    {
      "type": "Feature",
      "geometry": {
        "type": "Point",
        "coordinates": [
          122.527635,
          -3.971073
        ]
      },
      "properties": {
        "risiko_aktual": "tinggi",
        "risiko_prediksi": "Tinggi",
        "probabilitas": 0.9855,
        "curah_hujan": 1991.5,
        "kemiringan": "0-8% (Datar)",
        "jenis_tanah": "Dystrudepts",
        "penggunaan_lahan": "Hutan",
        "skor_drainase": 0.0,
        "warna": "#e74c3c"
      }
    },
    {
      "type": "Feature",
      "geometry": {
        "type": "Point",
        "coordinates": [
          122.52751,
          -3.970989
        ]
      },
      "properties": {
        "risiko_aktual": "tinggi",
        "risiko_prediksi": "Tinggi",
        "probabilitas": 0.9855,
        "curah_hujan": 1991.5,
        "kemiringan": "0-8% (Datar)",
        "jenis_tanah": "Dystrudepts",
        "penggunaan_lahan": "Hutan",
        "skor_drainase": 0.0,
        "warna": "#e74c3c"
      }
    },
    {
      "type": "Feature",
      "geometry": {
        "type": "Point",
        "coordinates": [
          122.527476,
          -3.970966
        ]
      },
      "properties": {
        "risiko_aktual": "tinggi",
        "risiko_prediksi": "Tinggi",
        "probabilitas": 0.9855,
        "curah_hujan": 1991.5,
        "kemiringan": "0-8% (Datar)",
        "jenis_tanah": "Dystrudepts",
        "penggunaan_lahan": "Hutan",
        "skor_drainase": 0.0,
        "warna": "#e74c3c"
      }
    },
    {
      "type": "Feature",
      "geometry": {
        "type": "Point",
        "coordinates": [
          122.527436,
          -3.970933
        ]
      },
      "properties": {
        "risiko_aktual": "tinggi",
        "risiko_prediksi": "Tinggi",
        "probabilitas": 0.9855,
        "curah_hujan": 1991.5,
        "kemiringan": "0-8% (Datar)",
        "jenis_tanah": "Dystrudepts",
        "penggunaan_lahan": "Hutan",
        "skor_drainase": 0.0,
        "warna": "#e74c3c"
      }
    },
    {
      "type": "Feature",
      "geometry": {
        "type": "Point",
        "coordinates": [
          122.527426,
          -3.970925
        ]
      },
      "properties": {
        "risiko_aktual": "tinggi",
        "risiko_prediksi": "Tinggi",
        "probabilitas": 0.9855,
        "curah_hujan": 1991.5,
        "kemiringan": "0-8% (Datar)",
        "jenis_tanah": "Dystrudepts",
        "penggunaan_lahan": "Hutan",
        "skor_drainase": 0.0,
        "warna": "#e74c3c"
      }
    },
    {
      "type": "Feature",
      "geometry": {
        "type": "Point",
        "coordinates": [
          122.527365,
          -3.970874
        ]
      },
      "properties": {
        "risiko_aktual": "tinggi",
        "risiko_prediksi": "Tinggi",
        "probabilitas": 0.9855,
        "curah_hujan": 1991.5,
        "kemiringan": "0-8% (Datar)",
        "jenis_tanah": "Dystrudepts",
        "penggunaan_lahan": "Hutan",
        "skor_drainase": 0.0,
        "warna": "#e74c3c"
      }
    },
    {
      "type": "Feature",
      "geometry": {
        "type": "Point",
        "coordinates": [
          122.52735,
          -3.97086
        ]
      },
      "properties": {
        "risiko_aktual": "tinggi",
        "risiko_prediksi": "Tinggi",
        "probabilitas": 0.9855,
        "curah_hujan": 1991.5,
        "kemiringan": "0-8% (Datar)",
        "jenis_tanah": "Dystrudepts",
        "penggunaan_lahan": "Hutan",
        "skor_drainase": 0.0,
        "warna": "#e74c3c"
      }
    },
    {
      "type": "Feature",
      "geometry": {
        "type": "Point",
        "coordinates": [
          122.52733,
          -3.970839
        ]
      },
      "properties": {
        "risiko_aktual": "tinggi",
        "risiko_prediksi": "Tinggi",
        "probabilitas": 0.9855,
        "curah_hujan": 1991.5,
        "kemiringan": "0-8% (Datar)",
        "jenis_tanah": "Dystrudepts",
        "penggunaan_lahan": "Hutan",
        "skor_drainase": 0.0,
        "warna": "#e74c3c"
      }
    },
    {
      "type": "Feature",
      "geometry": {
        "type": "Point",
        "coordinates": [
          122.527306,
          -3.970813
        ]
      },
      "properties": {
        "risiko_aktual": "tinggi",
        "risiko_prediksi": "Tinggi",
        "probabilitas": 0.9855,
        "curah_hujan": 1991.5,
        "kemiringan": "0-8% (Datar)",
        "jenis_tanah": "Dystrudepts",
        "penggunaan_lahan": "Hutan",
        "skor_drainase": 0.0,
        "warna": "#e74c3c"
      }
    },
    {
      "type": "Feature",
      "geometry": {
        "type": "Point",
        "coordinates": [
          122.527287,
          -3.970792
        ]
      },
      "properties": {
        "risiko_aktual": "tinggi",
        "risiko_prediksi": "Tinggi",
        "probabilitas": 0.9855,
        "curah_hujan": 1991.5,
        "kemiringan": "0-8% (Datar)",
        "jenis_tanah": "Dystrudepts",
        "penggunaan_lahan": "Hutan",
        "skor_drainase": 0.0,
        "warna": "#e74c3c"
      }
    },
    {
      "type": "Feature",
      "geometry": {
        "type": "Point",
        "coordinates": [
          122.527161,
          -3.970565
        ]
      },
      "properties": {
        "risiko_aktual": "tinggi",
        "risiko_prediksi": "Tinggi",
        "probabilitas": 0.9855,
        "curah_hujan": 1991.5,
        "kemiringan": "8-15% (Landai)",
        "jenis_tanah": "Dystrudepts",
        "penggunaan_lahan": "Hutan",
        "skor_drainase": 0.0,
        "warna": "#e74c3c"
      }
    },
    {
      "type": "Feature",
      "geometry": {
        "type": "Point",
        "coordinates": [
          122.526989,
          -3.970198
        ]
      },
      "properties": {
        "risiko_aktual": "tinggi",
        "risiko_prediksi": "Tinggi",
        "probabilitas": 0.9855,
        "curah_hujan": 1991.5,
        "kemiringan": "0-8% (Datar)",
        "jenis_tanah": "Dystrudepts",
        "penggunaan_lahan": "Hutan",
        "skor_drainase": 0.0,
        "warna": "#e74c3c"
      }
    },
    {
      "type": "Feature",
      "geometry": {
        "type": "Point",
        "coordinates": [
          122.5267,
          -3.969668
        ]
      },
      "properties": {
        "risiko_aktual": "tinggi",
        "risiko_prediksi": "Tinggi",
        "probabilitas": 0.9855,
        "curah_hujan": 1991.5,
        "kemiringan": "0-8% (Datar)",
        "jenis_tanah": "Dystrudepts",
        "penggunaan_lahan": "Hutan",
        "skor_drainase": 0.0,
        "warna": "#e74c3c"
      }
    },
    {
      "type": "Feature",
      "geometry": {
        "type": "Point",
        "coordinates": [
          122.526591,
          -3.969442
        ]
      },
      "properties": {
        "risiko_aktual": "tinggi",
        "risiko_prediksi": "Tinggi",
        "probabilitas": 0.9855,
        "curah_hujan": 1991.5,
        "kemiringan": "0-8% (Datar)",
        "jenis_tanah": "Dystrudepts",
        "penggunaan_lahan": "Hutan",
        "skor_drainase": 0.0,
        "warna": "#e74c3c"
      }
    },
    {
      "type": "Feature",
      "geometry": {
        "type": "Point",
        "coordinates": [
          122.526348,
          -3.969039
        ]
      },
      "properties": {
        "risiko_aktual": "tinggi",
        "risiko_prediksi": "Tinggi",
        "probabilitas": 0.9855,
        "curah_hujan": 1991.5,
        "kemiringan": "8-15% (Landai)",
        "jenis_tanah": "Dystrudepts",
        "penggunaan_lahan": "Hutan",
        "skor_drainase": 0.0,
        "warna": "#e74c3c"
      }
    },
    {
      "type": "Feature",
      "geometry": {
        "type": "Point",
        "coordinates": [
          122.526241,
          -3.968863
        ]
      },
      "properties": {
        "risiko_aktual": "tinggi",
        "risiko_prediksi": "Tinggi",
        "probabilitas": 0.9855,
        "curah_hujan": 1991.5,
        "kemiringan": "0-8% (Datar)",
        "jenis_tanah": "Dystrudepts",
        "penggunaan_lahan": "Hutan",
        "skor_drainase": 0.0,
        "warna": "#e74c3c"
      }
    },
    {
      "type": "Feature",
      "geometry": {
        "type": "Point",
        "coordinates": [
          122.526002,
          -3.968614
        ]
      },
      "properties": {
        "risiko_aktual": "tinggi",
        "risiko_prediksi": "Tinggi",
        "probabilitas": 0.9852,
        "curah_hujan": 1991.5,
        "kemiringan": "0-8% (Datar)",
        "jenis_tanah": "Dystrudepts",
        "penggunaan_lahan": "Hutan",
        "skor_drainase": 0.0,
        "warna": "#e74c3c"
      }
    },
    {
      "type": "Feature",
      "geometry": {
        "type": "Point",
        "coordinates": [
          122.525895,
          -3.968512
        ]
      },
      "properties": {
        "risiko_aktual": "tinggi",
        "risiko_prediksi": "Tinggi",
        "probabilitas": 0.9852,
        "curah_hujan": 1991.5,
        "kemiringan": "0-8% (Datar)",
        "jenis_tanah": "Dystrudepts",
        "penggunaan_lahan": "Hutan",
        "skor_drainase": 0.0,
        "warna": "#e74c3c"
      }
    },
    {
      "type": "Feature",
      "geometry": {
        "type": "Point",
        "coordinates": [
          122.52563,
          -3.968338
        ]
      },
      "properties": {
        "risiko_aktual": "tinggi",
        "risiko_prediksi": "Tinggi",
        "probabilitas": 0.9852,
        "curah_hujan": 1991.5,
        "kemiringan": "0-8% (Datar)",
        "jenis_tanah": "Dystrudepts",
        "penggunaan_lahan": "Hutan",
        "skor_drainase": 0.0,
        "warna": "#e74c3c"
      }
    },
    {
      "type": "Feature",
      "geometry": {
        "type": "Point",
        "coordinates": [
          122.525182,
          -3.968072
        ]
      },
      "properties": {
        "risiko_aktual": "tinggi",
        "risiko_prediksi": "Tinggi",
        "probabilitas": 0.9852,
        "curah_hujan": 1991.5,
        "kemiringan": "0-8% (Datar)",
        "jenis_tanah": "Dystrudepts",
        "penggunaan_lahan": "Hutan",
        "skor_drainase": 0.0,
        "warna": "#e74c3c"
      }
    },
    {
      "type": "Feature",
      "geometry": {
        "type": "Point",
        "coordinates": [
          122.524895,
          -3.967893
        ]
      },
      "properties": {
        "risiko_aktual": "tinggi",
        "risiko_prediksi": "Tinggi",
        "probabilitas": 0.9852,
        "curah_hujan": 1991.5,
        "kemiringan": "0-8% (Datar)",
        "jenis_tanah": "Dystrudepts",
        "penggunaan_lahan": "Hutan",
        "skor_drainase": 0.0,
        "warna": "#e74c3c"
      }
    },
    {
      "type": "Feature",
      "geometry": {
        "type": "Point",
        "coordinates": [
          122.524799,
          -3.967833
        ]
      },
      "properties": {
        "risiko_aktual": "tinggi",
        "risiko_prediksi": "Tinggi",
        "probabilitas": 0.9852,
        "curah_hujan": 1991.5,
        "kemiringan": "0-8% (Datar)",
        "jenis_tanah": "Dystrudepts",
        "penggunaan_lahan": "Hutan",
        "skor_drainase": 0.0,
        "warna": "#e74c3c"
      }
    },
    {
      "type": "Feature",
      "geometry": {
        "type": "Point",
        "coordinates": [
          122.524769,
          -3.967814
        ]
      },
      "properties": {
        "risiko_aktual": "tinggi",
        "risiko_prediksi": "Tinggi",
        "probabilitas": 0.9852,
        "curah_hujan": 1991.5,
        "kemiringan": "0-8% (Datar)",
        "jenis_tanah": "Dystrudepts",
        "penggunaan_lahan": "Hutan",
        "skor_drainase": 0.0,
        "warna": "#e74c3c"
      }
    },
    {
      "type": "Feature",
      "geometry": {
        "type": "Point",
        "coordinates": [
          122.52472,
          -3.967784
        ]
      },
      "properties": {
        "risiko_aktual": "tinggi",
        "risiko_prediksi": "Tinggi",
        "probabilitas": 0.9852,
        "curah_hujan": 1991.5,
        "kemiringan": "0-8% (Datar)",
        "jenis_tanah": "Dystrudepts",
        "penggunaan_lahan": "Hutan",
        "skor_drainase": 0.0,
        "warna": "#e74c3c"
      }
    },
    {
      "type": "Feature",
      "geometry": {
        "type": "Point",
        "coordinates": [
          122.524698,
          -3.967771
        ]
      },
      "properties": {
        "risiko_aktual": "tinggi",
        "risiko_prediksi": "Tinggi",
        "probabilitas": 0.9852,
        "curah_hujan": 1991.5,
        "kemiringan": "0-8% (Datar)",
        "jenis_tanah": "Dystrudepts",
        "penggunaan_lahan": "Hutan",
        "skor_drainase": 0.0,
        "warna": "#e74c3c"
      }
    },
    {
      "type": "Feature",
      "geometry": {
        "type": "Point",
        "coordinates": [
          122.524722,
          -3.967702
        ]
      },
      "properties": {
        "risiko_aktual": "tinggi",
        "risiko_prediksi": "Tinggi",
        "probabilitas": 0.9852,
        "curah_hujan": 1991.5,
        "kemiringan": "0-8% (Datar)",
        "jenis_tanah": "Dystrudepts",
        "penggunaan_lahan": "Hutan",
        "skor_drainase": 0.0,
        "warna": "#e74c3c"
      }
    },
    {
      "type": "Feature",
      "geometry": {
        "type": "Point",
        "coordinates": [
          122.524805,
          -3.967464
        ]
      },
      "properties": {
        "risiko_aktual": "tinggi",
        "risiko_prediksi": "Tinggi",
        "probabilitas": 0.9852,
        "curah_hujan": 1991.5,
        "kemiringan": "0-8% (Datar)",
        "jenis_tanah": "Dystrudepts",
        "penggunaan_lahan": "Hutan",
        "skor_drainase": 0.0,
        "warna": "#e74c3c"
      }
    },
    {
      "type": "Feature",
      "geometry": {
        "type": "Point",
        "coordinates": [
          122.524829,
          -3.967396
        ]
      },
      "properties": {
        "risiko_aktual": "tinggi",
        "risiko_prediksi": "Tinggi",
        "probabilitas": 0.9852,
        "curah_hujan": 1991.5,
        "kemiringan": "0-8% (Datar)",
        "jenis_tanah": "Dystrudepts",
        "penggunaan_lahan": "Hutan",
        "skor_drainase": 0.0,
        "warna": "#e74c3c"
      }
    },
    {
      "type": "Feature",
      "geometry": {
        "type": "Point",
        "coordinates": [
          122.524883,
          -3.967262
        ]
      },
      "properties": {
        "risiko_aktual": "tinggi",
        "risiko_prediksi": "Tinggi",
        "probabilitas": 0.9852,
        "curah_hujan": 1991.5,
        "kemiringan": "0-8% (Datar)",
        "jenis_tanah": "Dystrudepts",
        "penggunaan_lahan": "Hutan",
        "skor_drainase": 0.0,
        "warna": "#e74c3c"
      }
    },
    {
      "type": "Feature",
      "geometry": {
        "type": "Point",
        "coordinates": [
          122.524988,
          -3.967
        ]
      },
      "properties": {
        "risiko_aktual": "tinggi",
        "risiko_prediksi": "Tinggi",
        "probabilitas": 0.9851,
        "curah_hujan": 1991.5,
        "kemiringan": "0-8% (Datar)",
        "jenis_tanah": "Dystrudepts",
        "penggunaan_lahan": "Hutan",
        "skor_drainase": 0.0,
        "warna": "#e74c3c"
      }
    },
    {
      "type": "Feature",
      "geometry": {
        "type": "Point",
        "coordinates": [
          122.525098,
          -3.966726
        ]
      },
      "properties": {
        "risiko_aktual": "tinggi",
        "risiko_prediksi": "Tinggi",
        "probabilitas": 0.9851,
        "curah_hujan": 1991.5,
        "kemiringan": "0-8% (Datar)",
        "jenis_tanah": "Dystrudepts",
        "penggunaan_lahan": "Hutan",
        "skor_drainase": 0.0,
        "warna": "#e74c3c"
      }
    },
    {
      "type": "Feature",
      "geometry": {
        "type": "Point",
        "coordinates": [
          122.525178,
          -3.96656
        ]
      },
      "properties": {
        "risiko_aktual": "tinggi",
        "risiko_prediksi": "Tinggi",
        "probabilitas": 0.9852,
        "curah_hujan": 1991.5,
        "kemiringan": "0-8% (Datar)",
        "jenis_tanah": "Dystrudepts",
        "penggunaan_lahan": "Hutan",
        "skor_drainase": 0.0,
        "warna": "#e74c3c"
      }
    },
    {
      "type": "Feature",
      "geometry": {
        "type": "Point",
        "coordinates": [
          122.52526,
          -3.96639
        ]
      },
      "properties": {
        "risiko_aktual": "tinggi",
        "risiko_prediksi": "Tinggi",
        "probabilitas": 0.9852,
        "curah_hujan": 1991.5,
        "kemiringan": "0-8% (Datar)",
        "jenis_tanah": "Dystrudepts",
        "penggunaan_lahan": "Hutan",
        "skor_drainase": 0.0,
        "warna": "#e74c3c"
      }
    },
    {
      "type": "Feature",
      "geometry": {
        "type": "Point",
        "coordinates": [
          122.525291,
          -3.966324
        ]
      },
      "properties": {
        "risiko_aktual": "tinggi",
        "risiko_prediksi": "Tinggi",
        "probabilitas": 0.9852,
        "curah_hujan": 1991.5,
        "kemiringan": "0-8% (Datar)",
        "jenis_tanah": "Dystrudepts",
        "penggunaan_lahan": "Hutan",
        "skor_drainase": 0.0,
        "warna": "#e74c3c"
      }
    },
    {
      "type": "Feature",
      "geometry": {
        "type": "Point",
        "coordinates": [
          122.524926,
          -3.966186
        ]
      },
      "properties": {
        "risiko_aktual": "tinggi",
        "risiko_prediksi": "Tinggi",
        "probabilitas": 0.9852,
        "curah_hujan": 1991.5,
        "kemiringan": "0-8% (Datar)",
        "jenis_tanah": "Dystrudepts",
        "penggunaan_lahan": "Hutan",
        "skor_drainase": 0.0,
        "warna": "#e74c3c"
      }
    },
    {
      "type": "Feature",
      "geometry": {
        "type": "Point",
        "coordinates": [
          122.524537,
          -3.966038
        ]
      },
      "properties": {
        "risiko_aktual": "tinggi",
        "risiko_prediksi": "Tinggi",
        "probabilitas": 0.9852,
        "curah_hujan": 1991.5,
        "kemiringan": "0-8% (Datar)",
        "jenis_tanah": "Dystrudepts",
        "penggunaan_lahan": "Hutan",
        "skor_drainase": 0.0,
        "warna": "#e74c3c"
      }
    },
    {
      "type": "Feature",
      "geometry": {
        "type": "Point",
        "coordinates": [
          122.524108,
          -3.965881
        ]
      },
      "properties": {
        "risiko_aktual": "tinggi",
        "risiko_prediksi": "Tinggi",
        "probabilitas": 0.9852,
        "curah_hujan": 1991.5,
        "kemiringan": "0-8% (Datar)",
        "jenis_tanah": "Dystrudepts",
        "penggunaan_lahan": "Hutan",
        "skor_drainase": 0.0,
        "warna": "#e74c3c"
      }
    },
    {
      "type": "Feature",
      "geometry": {
        "type": "Point",
        "coordinates": [
          122.523906,
          -3.965807
        ]
      },
      "properties": {
        "risiko_aktual": "tinggi",
        "risiko_prediksi": "Tinggi",
        "probabilitas": 0.9852,
        "curah_hujan": 1991.5,
        "kemiringan": "0-8% (Datar)",
        "jenis_tanah": "Dystrudepts",
        "penggunaan_lahan": "Hutan",
        "skor_drainase": 0.0,
        "warna": "#e74c3c"
      }
    },
    {
      "type": "Feature",
      "geometry": {
        "type": "Point",
        "coordinates": [
          122.523709,
          -3.965736
        ]
      },
      "properties": {
        "risiko_aktual": "tinggi",
        "risiko_prediksi": "Tinggi",
        "probabilitas": 0.9852,
        "curah_hujan": 1991.5,
        "kemiringan": "0-8% (Datar)",
        "jenis_tanah": "Dystrudepts",
        "penggunaan_lahan": "Hutan",
        "skor_drainase": 0.0,
        "warna": "#e74c3c"
      }
    },
    {
      "type": "Feature",
      "geometry": {
        "type": "Point",
        "coordinates": [
          122.523542,
          -3.965675
        ]
      },
      "properties": {
        "risiko_aktual": "tinggi",
        "risiko_prediksi": "Tinggi",
        "probabilitas": 0.9852,
        "curah_hujan": 1991.5,
        "kemiringan": "0-8% (Datar)",
        "jenis_tanah": "Dystrudepts",
        "penggunaan_lahan": "Hutan",
        "skor_drainase": 0.0,
        "warna": "#e74c3c"
      }
    },
    {
      "type": "Feature",
      "geometry": {
        "type": "Point",
        "coordinates": [
          122.52329,
          -3.965587
        ]
      },
      "properties": {
        "risiko_aktual": "tinggi",
        "risiko_prediksi": "Tinggi",
        "probabilitas": 0.9851,
        "curah_hujan": 1991.5,
        "kemiringan": "0-8% (Datar)",
        "jenis_tanah": "Dystrudepts",
        "penggunaan_lahan": "Hutan",
        "skor_drainase": 0.0,
        "warna": "#e74c3c"
      }
    },
    {
      "type": "Feature",
      "geometry": {
        "type": "Point",
        "coordinates": [
          122.523166,
          -3.965543
        ]
      },
      "properties": {
        "risiko_aktual": "tinggi",
        "risiko_prediksi": "Tinggi",
        "probabilitas": 0.9851,
        "curah_hujan": 1991.5,
        "kemiringan": "0-8% (Datar)",
        "jenis_tanah": "Dystrudepts",
        "penggunaan_lahan": "Hutan",
        "skor_drainase": 0.0,
        "warna": "#e74c3c"
      }
    },
    {
      "type": "Feature",
      "geometry": {
        "type": "Point",
        "coordinates": [
          122.522982,
          -3.965467
        ]
      },
      "properties": {
        "risiko_aktual": "tinggi",
        "risiko_prediksi": "Tinggi",
        "probabilitas": 0.9851,
        "curah_hujan": 1991.5,
        "kemiringan": "0-8% (Datar)",
        "jenis_tanah": "Dystrudepts",
        "penggunaan_lahan": "Hutan",
        "skor_drainase": 0.0,
        "warna": "#e74c3c"
      }
    },
    {
      "type": "Feature",
      "geometry": {
        "type": "Point",
        "coordinates": [
          122.522733,
          -3.965363
        ]
      },
      "properties": {
        "risiko_aktual": "tinggi",
        "risiko_prediksi": "Tinggi",
        "probabilitas": 0.9855,
        "curah_hujan": 1991.5,
        "kemiringan": "0-8% (Datar)",
        "jenis_tanah": "Dystrudepts",
        "penggunaan_lahan": "Hutan",
        "skor_drainase": 0.0,
        "warna": "#e74c3c"
      }
    },
    {
      "type": "Feature",
      "geometry": {
        "type": "Point",
        "coordinates": [
          122.52279,
          -3.965248
        ]
      },
      "properties": {
        "risiko_aktual": "tinggi",
        "risiko_prediksi": "Tinggi",
        "probabilitas": 0.9852,
        "curah_hujan": 1991.5,
        "kemiringan": "0-8% (Datar)",
        "jenis_tanah": "Dystrudepts",
        "penggunaan_lahan": "Hutan",
        "skor_drainase": 0.0,
        "warna": "#e74c3c"
      }
    },
    {
      "type": "Feature",
      "geometry": {
        "type": "Point",
        "coordinates": [
          122.522844,
          -3.965141
        ]
      },
      "properties": {
        "risiko_aktual": "tinggi",
        "risiko_prediksi": "Tinggi",
        "probabilitas": 0.9852,
        "curah_hujan": 1991.5,
        "kemiringan": "0-8% (Datar)",
        "jenis_tanah": "Dystrudepts",
        "penggunaan_lahan": "Hutan",
        "skor_drainase": 0.0,
        "warna": "#e74c3c"
      }
    },
    {
      "type": "Feature",
      "geometry": {
        "type": "Point",
        "coordinates": [
          122.522922,
          -3.964986
        ]
      },
      "properties": {
        "risiko_aktual": "tinggi",
        "risiko_prediksi": "Tinggi",
        "probabilitas": 0.9852,
        "curah_hujan": 1991.5,
        "kemiringan": "0-8% (Datar)",
        "jenis_tanah": "Dystrudepts",
        "penggunaan_lahan": "Hutan",
        "skor_drainase": 0.0,
        "warna": "#e74c3c"
      }
    },
    {
      "type": "Feature",
      "geometry": {
        "type": "Point",
        "coordinates": [
          122.523035,
          -3.964745
        ]
      },
      "properties": {
        "risiko_aktual": "tinggi",
        "risiko_prediksi": "Tinggi",
        "probabilitas": 0.9852,
        "curah_hujan": 1991.5,
        "kemiringan": "0-8% (Datar)",
        "jenis_tanah": "Dystrudepts",
        "penggunaan_lahan": "Hutan",
        "skor_drainase": 0.0,
        "warna": "#e74c3c"
      }
    },
    {
      "type": "Feature",
      "geometry": {
        "type": "Point",
        "coordinates": [
          122.523154,
          -3.964493
        ]
      },
      "properties": {
        "risiko_aktual": "tinggi",
        "risiko_prediksi": "Tinggi",
        "probabilitas": 0.9852,
        "curah_hujan": 1991.5,
        "kemiringan": "0-8% (Datar)",
        "jenis_tanah": "Dystrudepts",
        "penggunaan_lahan": "Hutan",
        "skor_drainase": 0.0,
        "warna": "#e74c3c"
      }
    },
    {
      "type": "Feature",
      "geometry": {
        "type": "Point",
        "coordinates": [
          122.52337,
          -3.964004
        ]
      },
      "properties": {
        "risiko_aktual": "tinggi",
        "risiko_prediksi": "Tinggi",
        "probabilitas": 0.9851,
        "curah_hujan": 1991.5,
        "kemiringan": "0-8% (Datar)",
        "jenis_tanah": "Dystrudepts",
        "penggunaan_lahan": "Hutan",
        "skor_drainase": 0.0,
        "warna": "#e74c3c"
      }
    },
    {
      "type": "Feature",
      "geometry": {
        "type": "Point",
        "coordinates": [
          122.52353,
          -3.963642
        ]
      },
      "properties": {
        "risiko_aktual": "tinggi",
        "risiko_prediksi": "Tinggi",
        "probabilitas": 0.9851,
        "curah_hujan": 1991.5,
        "kemiringan": "0-8% (Datar)",
        "jenis_tanah": "Dystrudepts",
        "penggunaan_lahan": "Hutan",
        "skor_drainase": 0.0,
        "warna": "#e74c3c"
      }
    },
    {
      "type": "Feature",
      "geometry": {
        "type": "Point",
        "coordinates": [
          122.523612,
          -3.963456
        ]
      },
      "properties": {
        "risiko_aktual": "sedang",
        "risiko_prediksi": "Sedang",
        "probabilitas": 0.9846,
        "curah_hujan": 1991.5,
        "kemiringan": "0-8% (Datar)",
        "jenis_tanah": "Dystrudepts",
        "penggunaan_lahan": "Hutan",
        "skor_drainase": 0.0,
        "warna": "#f39c12"
      }
    },
    {
      "type": "Feature",
      "geometry": {
        "type": "Point",
        "coordinates": [
          122.523734,
          -3.96318
        ]
      },
      "properties": {
        "risiko_aktual": "sedang",
        "risiko_prediksi": "Sedang",
        "probabilitas": 0.9851,
        "curah_hujan": 1991.5,
        "kemiringan": "8-15% (Landai)",
        "jenis_tanah": "Dystrudepts",
        "penggunaan_lahan": "Hutan",
        "skor_drainase": 0.0,
        "warna": "#f39c12"
      }
    },
    {
      "type": "Feature",
      "geometry": {
        "type": "Point",
        "coordinates": [
          122.523867,
          -3.962879
        ]
      },
      "properties": {
        "risiko_aktual": "sedang",
        "risiko_prediksi": "Sedang",
        "probabilitas": 0.9853,
        "curah_hujan": 1991.5,
        "kemiringan": "0-8% (Datar)",
        "jenis_tanah": "Dystrudepts",
        "penggunaan_lahan": "Hutan",
        "skor_drainase": 0.0,
        "warna": "#f39c12"
      }
    },
    {
      "type": "Feature",
      "geometry": {
        "type": "Point",
        "coordinates": [
          122.523995,
          -3.96259
        ]
      },
      "properties": {
        "risiko_aktual": "sedang",
        "risiko_prediksi": "Sedang",
        "probabilitas": 0.9835,
        "curah_hujan": 1991.5,
        "kemiringan": "15-25% (Agak Curam)",
        "jenis_tanah": "Dystrudepts",
        "penggunaan_lahan": "Hutan",
        "skor_drainase": 0.0,
        "warna": "#f39c12"
      }
    },
    {
      "type": "Feature",
      "geometry": {
        "type": "Point",
        "coordinates": [
          122.524097,
          -3.96236
        ]
      },
      "properties": {
        "risiko_aktual": "sedang",
        "risiko_prediksi": "Sedang",
        "probabilitas": 0.9852,
        "curah_hujan": 1991.5,
        "kemiringan": "8-15% (Landai)",
        "jenis_tanah": "Dystrudepts",
        "penggunaan_lahan": "Hutan",
        "skor_drainase": 0.0,
        "warna": "#f39c12"
      }
    },
    {
      "type": "Feature",
      "geometry": {
        "type": "Point",
        "coordinates": [
          122.524165,
          -3.962129
        ]
      },
      "properties": {
        "risiko_aktual": "sedang",
        "risiko_prediksi": "Sedang",
        "probabilitas": 0.9854,
        "curah_hujan": 1991.5,
        "kemiringan": "8-15% (Landai)",
        "jenis_tanah": "Dystrudepts",
        "penggunaan_lahan": "Hutan",
        "skor_drainase": 0.0,
        "warna": "#f39c12"
      }
    },
    {
      "type": "Feature",
      "geometry": {
        "type": "Point",
        "coordinates": [
          122.524184,
          -3.96206
        ]
      },
      "properties": {
        "risiko_aktual": "sedang",
        "risiko_prediksi": "Sedang",
        "probabilitas": 0.9854,
        "curah_hujan": 1991.5,
        "kemiringan": "8-15% (Landai)",
        "jenis_tanah": "Dystrudepts",
        "penggunaan_lahan": "Hutan",
        "skor_drainase": 0.0,
        "warna": "#f39c12"
      }
    },
    {
      "type": "Feature",
      "geometry": {
        "type": "Point",
        "coordinates": [
          122.524428,
          -3.962169
        ]
      },
      "properties": {
        "risiko_aktual": "sedang",
        "risiko_prediksi": "Sedang",
        "probabilitas": 0.9853,
        "curah_hujan": 1991.5,
        "kemiringan": "0-8% (Datar)",
        "jenis_tanah": "Dystrudepts",
        "penggunaan_lahan": "Hutan",
        "skor_drainase": 0.0,
        "warna": "#f39c12"
      }
    },
    {
      "type": "Feature",
      "geometry": {
        "type": "Point",
        "coordinates": [
          122.52457,
          -3.962226
        ]
      },
      "properties": {
        "risiko_aktual": "sedang",
        "risiko_prediksi": "Sedang",
        "probabilitas": 0.9853,
        "curah_hujan": 1991.5,
        "kemiringan": "0-8% (Datar)",
        "jenis_tanah": "Dystrudepts",
        "penggunaan_lahan": "Hutan",
        "skor_drainase": 0.0,
        "warna": "#f39c12"
      }
    },
    {
      "type": "Feature",
      "geometry": {
        "type": "Point",
        "coordinates": [
          122.524863,
          -3.962311
        ]
      },
      "properties": {
        "risiko_aktual": "sedang",
        "risiko_prediksi": "Sedang",
        "probabilitas": 0.9853,
        "curah_hujan": 1991.5,
        "kemiringan": "0-8% (Datar)",
        "jenis_tanah": "Dystrudepts",
        "penggunaan_lahan": "Hutan",
        "skor_drainase": 0.0,
        "warna": "#f39c12"
      }
    },
    {
      "type": "Feature",
      "geometry": {
        "type": "Point",
        "coordinates": [
          122.525211,
          -3.961181
        ]
      },
      "properties": {
        "risiko_aktual": "rendah",
        "risiko_prediksi": "Rendah",
        "probabilitas": 0.9852,
        "curah_hujan": 1991.5,
        "kemiringan": "15-25% (Agak Curam)",
        "jenis_tanah": "Dystrudepts",
        "penggunaan_lahan": "Hutan",
        "skor_drainase": 0.0,
        "warna": "#2ecc71"
      }
    },
    {
      "type": "Feature",
      "geometry": {
        "type": "Point",
        "coordinates": [
          122.52521,
          -3.96044
        ]
      },
      "properties": {
        "risiko_aktual": "rendah",
        "risiko_prediksi": "Rendah",
        "probabilitas": 0.9854,
        "curah_hujan": 1991.5,
        "kemiringan": "15-25% (Agak Curam)",
        "jenis_tanah": "Dystrudepts",
        "penggunaan_lahan": "Hutan",
        "skor_drainase": 0.0,
        "warna": "#2ecc71"
      }
    },
    {
      "type": "Feature",
      "geometry": {
        "type": "Point",
        "coordinates": [
          122.524846,
          -3.960437
        ]
      },
      "properties": {
        "risiko_aktual": "rendah",
        "risiko_prediksi": "Rendah",
        "probabilitas": 0.9855,
        "curah_hujan": 1991.5,
        "kemiringan": "25-45% (Curam)",
        "jenis_tanah": "Dystrudepts",
        "penggunaan_lahan": "Hutan",
        "skor_drainase": 0.0,
        "warna": "#2ecc71"
      }
    },
    {
      "type": "Feature",
      "geometry": {
        "type": "Point",
        "coordinates": [
          122.524865,
          -3.959642
        ]
      },
      "properties": {
        "risiko_aktual": "sangat rendah",
        "risiko_prediksi": "Sangat Rendah",
        "probabilitas": 0.9855,
        "curah_hujan": 1991.5,
        "kemiringan": "8-15% (Landai)",
        "jenis_tanah": "Dystrudepts",
        "penggunaan_lahan": "Hutan",
        "skor_drainase": 0.0,
        "warna": "#27ae60"
      }
    },
    {
      "type": "Feature",
      "geometry": {
        "type": "Point",
        "coordinates": [
          122.524758,
          -3.959439
        ]
      },
      "properties": {
        "risiko_aktual": "sangat rendah",
        "risiko_prediksi": "Sangat Rendah",
        "probabilitas": 0.9855,
        "curah_hujan": 1991.5,
        "kemiringan": "0-8% (Datar)",
        "jenis_tanah": "Dystrudepts",
        "penggunaan_lahan": "Hutan",
        "skor_drainase": 0.0,
        "warna": "#27ae60"
      }
    },
    {
      "type": "Feature",
      "geometry": {
        "type": "Point",
        "coordinates": [
          122.52458,
          -3.95905
        ]
      },
      "properties": {
        "risiko_aktual": "sangat rendah",
        "risiko_prediksi": "Sangat Rendah",
        "probabilitas": 0.9855,
        "curah_hujan": 1991.5,
        "kemiringan": "25-45% (Curam)",
        "jenis_tanah": "Dystrudepts",
        "penggunaan_lahan": "Hutan",
        "skor_drainase": 0.0,
        "warna": "#27ae60"
      }
    },
    {
      "type": "Feature",
      "geometry": {
        "type": "Point",
        "coordinates": [
          122.524836,
          -3.958069
        ]
      },
      "properties": {
        "risiko_aktual": "sangat rendah",
        "risiko_prediksi": "Sangat Rendah",
        "probabilitas": 0.9855,
        "curah_hujan": 1991.5,
        "kemiringan": "25-45% (Curam)",
        "jenis_tanah": "Dystrudepts",
        "penggunaan_lahan": "Hutan",
        "skor_drainase": 0.0,
        "warna": "#27ae60"
      }
    },
    {
      "type": "Feature",
      "geometry": {
        "type": "Point",
        "coordinates": [
          122.525739,
          -3.954714
        ]
      },
      "properties": {
        "risiko_aktual": "sangat rendah",
        "risiko_prediksi": "Sangat Rendah",
        "probabilitas": 0.9855,
        "curah_hujan": 1991.5,
        "kemiringan": "8-15% (Landai)",
        "jenis_tanah": "Dystrudepts",
        "penggunaan_lahan": "Hutan",
        "skor_drainase": 0.0,
        "warna": "#27ae60"
      }
    },
    {
      "type": "Feature",
      "geometry": {
        "type": "Point",
        "coordinates": [
          122.525664,
          -3.951587
        ]
      },
      "properties": {
        "risiko_aktual": "sangat rendah",
        "risiko_prediksi": "Sangat Rendah",
        "probabilitas": 0.9855,
        "curah_hujan": 1991.5,
        "kemiringan": ">45% (Sangat Curam)",
        "jenis_tanah": "Dystrudepts",
        "penggunaan_lahan": "Hutan",
        "skor_drainase": 0.0,
        "warna": "#27ae60"
      }
    },
    {
      "type": "Feature",
      "geometry": {
        "type": "Point",
        "coordinates": [
          122.524589,
          -3.948899
        ]
      },
      "properties": {
        "risiko_aktual": "sangat rendah",
        "risiko_prediksi": "Sangat Rendah",
        "probabilitas": 0.9855,
        "curah_hujan": 1991.5,
        "kemiringan": ">45% (Sangat Curam)",
        "jenis_tanah": "Dystrudepts",
        "penggunaan_lahan": "Hutan",
        "skor_drainase": 0.0,
        "warna": "#27ae60"
      }
    },
    {
      "type": "Feature",
      "geometry": {
        "type": "Point",
        "coordinates": [
          122.523605,
          -3.947177
        ]
      },
      "properties": {
        "risiko_aktual": "sangat rendah",
        "risiko_prediksi": "Sangat Rendah",
        "probabilitas": 0.9855,
        "curah_hujan": 1991.5,
        "kemiringan": ">45% (Sangat Curam)",
        "jenis_tanah": "Dystrudepts",
        "penggunaan_lahan": "Hutan",
        "skor_drainase": 0.0,
        "warna": "#27ae60"
      }
    },
    {
      "type": "Feature",
      "geometry": {
        "type": "Point",
        "coordinates": [
          122.523249,
          -3.946079
        ]
      },
      "properties": {
        "risiko_aktual": "sangat rendah",
        "risiko_prediksi": "Sangat Rendah",
        "probabilitas": 0.9855,
        "curah_hujan": 1991.5,
        "kemiringan": ">45% (Sangat Curam)",
        "jenis_tanah": "Dystrudepts",
        "penggunaan_lahan": "Hutan",
        "skor_drainase": 0.0,
        "warna": "#27ae60"
      }
    },
    {
      "type": "Feature",
      "geometry": {
        "type": "Point",
        "coordinates": [
          122.521452,
          -3.942132
        ]
      },
      "properties": {
        "risiko_aktual": "sangat rendah",
        "risiko_prediksi": "Sangat Rendah",
        "probabilitas": 0.9855,
        "curah_hujan": 1991.5,
        "kemiringan": "8-15% (Landai)",
        "jenis_tanah": "Dystrudepts",
        "penggunaan_lahan": "Hutan",
        "skor_drainase": 0.0,
        "warna": "#27ae60"
      }
    },
    {
      "type": "Feature",
      "geometry": {
        "type": "Point",
        "coordinates": [
          122.520793,
          -3.940958
        ]
      },
      "properties": {
        "risiko_aktual": "sangat rendah",
        "risiko_prediksi": "Sangat Rendah",
        "probabilitas": 0.9855,
        "curah_hujan": 1991.5,
        "kemiringan": "0-8% (Datar)",
        "jenis_tanah": "Dystrudepts",
        "penggunaan_lahan": "Hutan",
        "skor_drainase": 0.0,
        "warna": "#27ae60"
      }
    },
    {
      "type": "Feature",
      "geometry": {
        "type": "Point",
        "coordinates": [
          122.5214,
          -3.938426
        ]
      },
      "properties": {
        "risiko_aktual": "sangat rendah",
        "risiko_prediksi": "Sangat Rendah",
        "probabilitas": 0.9855,
        "curah_hujan": 1991.5,
        "kemiringan": "25-45% (Curam)",
        "jenis_tanah": "Dystrudepts",
        "penggunaan_lahan": "Hutan",
        "skor_drainase": 0.0,
        "warna": "#27ae60"
      }
    },
    {
      "type": "Feature",
      "geometry": {
        "type": "Point",
        "coordinates": [
          122.522059,
          -3.936545
        ]
      },
      "properties": {
        "risiko_aktual": "sangat rendah",
        "risiko_prediksi": "Sangat Rendah",
        "probabilitas": 0.9855,
        "curah_hujan": 1991.5,
        "kemiringan": "25-45% (Curam)",
        "jenis_tanah": "Dystrudepts",
        "penggunaan_lahan": "Hutan",
        "skor_drainase": 0.0,
        "warna": "#27ae60"
      }
    },
    {
      "type": "Feature",
      "geometry": {
        "type": "Point",
        "coordinates": [
          122.522333,
          -3.935775
        ]
      },
      "properties": {
        "risiko_aktual": "sangat rendah",
        "risiko_prediksi": "Sangat Rendah",
        "probabilitas": 0.9855,
        "curah_hujan": 1991.5,
        "kemiringan": "15-25% (Agak Curam)",
        "jenis_tanah": "Dystrudepts",
        "penggunaan_lahan": "Hutan",
        "skor_drainase": 0.0,
        "warna": "#27ae60"
      }
    },
    {
      "type": "Feature",
      "geometry": {
        "type": "Point",
        "coordinates": [
          122.523591,
          -3.936038
        ]
      },
      "properties": {
        "risiko_aktual": "sangat rendah",
        "risiko_prediksi": "Sangat Rendah",
        "probabilitas": 0.9855,
        "curah_hujan": 1991.5,
        "kemiringan": "15-25% (Agak Curam)",
        "jenis_tanah": "Dystrudepts",
        "penggunaan_lahan": "Hutan",
        "skor_drainase": 0.0,
        "warna": "#27ae60"
      }
    },
    {
      "type": "Feature",
      "geometry": {
        "type": "Point",
        "coordinates": [
          122.523763,
          -3.936057
        ]
      },
      "properties": {
        "risiko_aktual": "sangat rendah",
        "risiko_prediksi": "Sangat Rendah",
        "probabilitas": 0.9855,
        "curah_hujan": 1991.5,
        "kemiringan": "15-25% (Agak Curam)",
        "jenis_tanah": "Dystrudepts",
        "penggunaan_lahan": "Hutan",
        "skor_drainase": 0.0,
        "warna": "#27ae60"
      }
    }
  ]
}