{"type":"FeatureCollection","features":[{"type":"Feature","geometry":{"type":"Point","coordinates":[122.523763,-3.936057]},"properties":{"id":1,"curah_hujan":1991.5,"jenis_tanah":"Dystrudepts","kemiringan":"15-25% (Agak Curam)","penggunaan_lahan":"Hutan","drainase_skor":0,"flood_hist":"tidak pernah banjir","slope":200.97249,"geology":"Gamping keras; Marmer (sangat curam; hindari pembangunan)","label":"sangat rendah","kelurahan":"Tidak Diketahui","warna":"#22c55e"}},{"type":"Feature","geometry":{"type":"Point","coordinates":[122.523383,-3.937018]},"properties":{"id":2,"curah_hujan":1991.5,"jenis_tanah":"Dystrudepts","kemiringan":"25-45% (Curam)","penggunaan_lahan":"Hutan","drainase_skor":0,"flood_hist":"tidak pernah banjir","slope":189.21481,"geology":"Gamping keras; Marmer (sangat curam; hindari pembangunan)","label":"sangat rendah","kelurahan":"Kemaraya","warna":"#22c55e"}},{"type":"Feature","geometry":{"type":"Point","coordinates":[122.52331,-3.937201]},"properties":{"id":3,"curah_hujan":1991.5,"jenis_tanah":"Dystrudepts","kemiringan":">45% (Sangat Curam)","penggunaan_lahan":"Hutan","drainase_skor":0,"flood_hist":"tidak pernah banjir","slope":183.32143,"geology":"Gamping keras; Marmer (sangat curam; hindari pembangunan)","label":"sangat rendah","kelurahan":"Kemaraya","warna":"#22c55e"}},{"type":"Feature","geometry":{"type":"Point","coordinates":[122.523237,-3.937599]},"properties":{"id":4,"curah_hujan":1991.5,"jenis_tanah":"Dystrudepts","kemiringan":">45% (Sangat Curam)","penggunaan_lahan":"Hutan","drainase_skor":0,"flood_hist":"tidak pernah banjir","slope":174.69136,"geology":"Gamping keras; Marmer (sangat curam; hindari pembangunan)","label":"sangat rendah","kelurahan":"Kemaraya","warna":"#22c55e"}},{"type":"Feature","geometry":{"type":"Point","coordinates":[122.523292,-3.938059]},"properties":{"id":5,"curah_hujan":1991.5,"jenis_tanah":"Dystrudepts","kemiringan":"25-45% (Curam)","penggunaan_lahan":"Hutan","drainase_skor":0,"flood_hist":"tidak pernah banjir","slope":160.2039,"geology":"Gamping keras; Marmer (sangat curam; hindari pembangunan)","label":"sangat rendah","kelurahan":"Tidak Diketahui","warna":"#22c55e"}},{"type":"Feature","geometry":{"type":"Point","coordinates":[122.523313,-3.938309]},"properties":{"id":6,"curah_hujan":1991.5,"jenis_tanah":"Dystrudepts","kemiringan":"15-25% (Agak Curam)","penggunaan_lahan":"Hutan","drainase_skor":0,"flood_hist":"tidak pernah banjir","slope":156.54881,"geology":"Gamping keras; Marmer (sangat curam; hindari pembangunan)","label":"sangat rendah","kelurahan":"Tidak Diketahui","warna":"#22c55e"}},{"type":"Feature","geometry":{"type":"Point","coordinates":[122.523257,-3.938779]},"properties":{"id":7,"curah_hujan":1991.5,"jenis_tanah":"Dystrudepts","kemiringan":"25-45% (Curam)","penggunaan_lahan":"Hutan","drainase_skor":0,"flood_hist":"tidak pernah banjir","slope":152.34914,"geology":"Gamping keras; Marmer (sangat curam; hindari pembangunan)","label":"sangat rendah","kelurahan":"Tidak Diketahui","warna":"#22c55e"}},{"type":"Feature","geometry":{"type":"Point","coordinates":[122.523262,-3.939238]},"properties":{"id":8,"curah_hujan":1991.5,"jenis_tanah":"Dystrudepts","kemiringan":"25-45% (Curam)","penggunaan_lahan":"Hutan","drainase_skor":0,"flood_hist":"tidak pernah banjir","slope":156.78712,"geology":"Gamping keras; Marmer (sangat curam; hindari pembangunan)","label":"sangat rendah","kelurahan":"Kemaraya","warna":"#22c55e"}},{"type":"Feature","geometry":{"type":"Point","coordinates":[122.523337,-3.93997]},"properties":{"id":9,"curah_hujan":1991.5,"jenis_tanah":"Dystrudepts","kemiringan":"25-45% (Curam)","penggunaan_lahan":"Hutan","drainase_skor":0,"flood_hist":"tidak pernah banjir","slope":151.15784,"geology":"Gamping keras; Marmer (sangat curam; hindari pembangunan)","label":"sangat rendah","kelurahan":"Kemaraya","warna":"#22c55e"}},{"type":"Feature","geometry":{"type":"Point","coordinates":[122.523459,-3.940513]},"properties":{"id":10,"curah_hujan":1991.5,"jenis_tanah":"Dystrudepts","kemiringan":"25-45% (Curam)","penggunaan_lahan":"Hutan","drainase_skor":0,"flood_hist":"tidak pernah banjir","slope":123.85351,"geology":"Gamping keras; Marmer (sangat curam; hindari pembangunan)","label":"sangat rendah","kelurahan":"Kemaraya","warna":"#22c55e"}},{"type":"Feature","geometry":{"type":"Point","coordinates":[122.523693,-3.940865]},"properties":{"id":11,"curah_hujan":1991.5,"jenis_tanah":"Dystrudepts","kemiringan":">45% (Sangat Curam)","penggunaan_lahan":"Hutan","drainase_skor":0,"flood_hist":"tidak pernah banjir","slope":112.86012,"geology":"Gamping keras; Marmer (sangat curam; hindari pembangunan)","label":"sangat rendah","kelurahan":"Kemaraya","warna":"#22c55e"}},{"type":"Feature","geometry":{"type":"Point","coordinates":[122.524075,-3.94122]},"properties":{"id":12,"curah_hujan":1991.5,"jenis_tanah":"Dystrudepts","kemiringan":"0-8% (Datar)","penggunaan_lahan":"Hutan","drainase_skor":0,"flood_hist":"tidak pernah banjir","slope":103.41238,"geology":"Gamping keras; Marmer (sangat curam; hindari pembangunan)","label":"sangat rendah","kelurahan":"Tidak Diketahui","warna":"#22c55e"}},{"type":"Feature","geometry":{"type":"Point","coordinates":[122.524247,-3.941358]},"properties":{"id":13,"curah_hujan":1991.5,"jenis_tanah":"Dystrudepts","kemiringan":"8-15% (Landai)","penggunaan_lahan":"Hutan","drainase_skor":0,"flood_hist":"tidak pernah banjir","slope":104.57878,"geology":"Gamping keras; Marmer (sangat curam; hindari pembangunan)","label":"sangat rendah","kelurahan":"Tidak Diketahui","warna":"#22c55e"}},{"type":"Feature","geometry":{"type":"Point","coordinates":[122.524535,-3.941161]},"properties":{"id":14,"curah_hujan":1991.5,"jenis_tanah":"Dystrudepts","kemiringan":"15-25% (Agak Curam)","penggunaan_lahan":"Hutan","drainase_skor":0,"flood_hist":"tidak pernah banjir","slope":108.98774,"geology":"Gamping keras; Marmer (sangat curam; hindari pembangunan)","label":"sangat rendah","kelurahan":"Kemaraya","warna":"#22c55e"}},{"type":"Feature","geometry":{"type":"Point","coordinates":[122.524728,-3.94105]},"properties":{"id":15,"curah_hujan":1991.5,"jenis_tanah":"Dystrudepts","kemiringan":"8-15% (Landai)","penggunaan_lahan":"Hutan","drainase_skor":0,"flood_hist":"tidak pernah banjir","slope":106.907555,"geology":"Gamping keras; Marmer (sangat curam; hindari pembangunan)","label":"sangat rendah","kelurahan":"Tidak Diketahui","warna":"#22c55e"}},{"type":"Feature","geometry":{"type":"Point","coordinates":[122.52501,-3.940755]},"properties":{"id":16,"curah_hujan":1991.5,"jenis_tanah":"Dystrudepts","kemiringan":"8-15% (Landai)","penggunaan_lahan":"Hutan","drainase_skor":0,"flood_hist":"tidak pernah banjir","slope":111.04194,"geology":"Gamping keras; Marmer (sangat curam; hindari pembangunan)","label":"sangat rendah","kelurahan":"Tidak Diketahui","warna":"#22c55e"}},{"type":"Feature","geometry":{"type":"Point","coordinates":[122.525074,-3.940598]},"properties":{"id":17,"curah_hujan":1991.5,"jenis_tanah":"Dystrudepts","kemiringan":"15-25% (Agak Curam)","penggunaan_lahan":"Hutan","drainase_skor":0,"flood_hist":"tidak pernah banjir","slope":112.70034,"geology":"Gamping keras; Marmer (sangat curam; hindari pembangunan)","label":"sangat rendah","kelurahan":"Kemaraya","warna":"#22c55e"}},{"type":"Feature","geometry":{"type":"Point","coordinates":[122.525102,-3.940397]},"properties":{"id":18,"curah_hujan":1991.5,"jenis_tanah":"Dystrudepts","kemiringan":"15-25% (Agak Curam)","penggunaan_lahan":"Hutan","drainase_skor":0,"flood_hist":"tidak pernah banjir","slope":118.144455,"geology":"Gamping keras; Marmer (sangat curam; hindari pembangunan)","label":"sangat rendah","kelurahan":"Kemaraya","warna":"#22c55e"}},{"type":"Feature","geometry":{"type":"Point","coordinates":[122.525053,-3.939934]},"properties":{"id":19,"curah_hujan":1991.5,"jenis_tanah":"Dystrudepts","kemiringan":"8-15% (Landai)","penggunaan_lahan":"Hutan","drainase_skor":0,"flood_hist":"tidak pernah banjir","slope":120.34541,"geology":"Gamping keras; Marmer (sangat curam; hindari pembangunan)","label":"sangat rendah","kelurahan":"Kemaraya","warna":"#22c55e"}},{"type":"Feature","geometry":{"type":"Point","coordinates":[122.525526,-3.939483]},"properties":{"id":20,"curah_hujan":1991.5,"jenis_tanah":"Dystrudepts","kemiringan":"8-15% (Landai)","penggunaan_lahan":"Hutan","drainase_skor":0,"flood_hist":"tidak pernah banjir","slope":119.933716,"geology":"Gamping keras; Marmer (sangat curam; hindari pembangunan)","label":"sangat rendah","kelurahan":"Tidak Diketahui","warna":"#22c55e"}},{"type":"Feature","geometry":{"type":"Point","coordinates":[122.525722,-3.939286]},"properties":{"id":21,"curah_hujan":1991.5,"jenis_tanah":"Dystrudepts","kemiringan":"25-45% (Curam)","penggunaan_lahan":"Hutan","drainase_skor":0,"flood_hist":"tidak pernah banjir","slope":118.995865,"geology":"Gamping keras; Marmer (sangat curam; hindari pembangunan)","label":"sangat rendah","kelurahan":"Kemaraya","warna":"#22c55e"}},{"type":"Feature","geometry":{"type":"Point","coordinates":[122.526172,-3.938751]},"properties":{"id":22,"curah_hujan":1991.5,"jenis_tanah":"Dystrudepts","kemiringan":"25-45% (Curam)","penggunaan_lahan":"Hutan","drainase_skor":0,"flood_hist":"tidak pernah banjir","slope":138.57164,"geology":"Gamping keras; Marmer (sangat curam; hindari pembangunan)","label":"sangat rendah","kelurahan":"Tidak Diketahui","warna":"#22c55e"}},{"type":"Feature","geometry":{"type":"Point","coordinates":[122.526505,-3.938463]},"properties":{"id":23,"curah_hujan":1991.5,"jenis_tanah":"Dystrudepts","kemiringan":"25-45% (Curam)","penggunaan_lahan":"Hutan","drainase_skor":0,"flood_hist":"tidak pernah banjir","slope":150.95302,"geology":"Gamping keras; Marmer (sangat curam; hindari pembangunan)","label":"sangat rendah","kelurahan":"Tidak Diketahui","warna":"#22c55e"}},{"type":"Feature","geometry":{"type":"Point","coordinates":[122.526894,-3.938201]},"properties":{"id":24,"curah_hujan":1991.5,"jenis_tanah":"Dystrudepts","kemiringan":"25-45% (Curam)","penggunaan_lahan":"Hutan","drainase_skor":0,"flood_hist":"tidak pernah banjir","slope":169.71735,"geology":"Gamping keras; Marmer (sangat curam; hindari pembangunan)","label":"sangat rendah","kelurahan":"Kemaraya","warna":"#22c55e"}},{"type":"Feature","geometry":{"type":"Point","coordinates":[122.527265,-3.938015]},"properties":{"id":25,"curah_hujan":1991.5,"jenis_tanah":"Dystrudepts","kemiringan":">45% (Sangat Curam)","penggunaan_lahan":"Hutan","drainase_skor":0,"flood_hist":"tidak pernah banjir","slope":184.8933,"geology":"Gamping keras; Marmer (sangat curam; hindari pembangunan)","label":"sangat rendah","kelurahan":"Kemaraya","warna":"#22c55e"}},{"type":"Feature","geometry":{"type":"Point","coordinates":[122.527667,-3.937851]},"properties":{"id":26,"curah_hujan":1991.5,"jenis_tanah":"Dystrudepts","kemiringan":">45% (Sangat Curam)","penggunaan_lahan":"Hutan","drainase_skor":0,"flood_hist":"tidak pernah banjir","slope":201.29713,"geology":"Gamping keras; Marmer (sangat curam; hindari pembangunan)","label":"sangat rendah","kelurahan":"Kemaraya","warna":"#22c55e"}},{"type":"Feature","geometry":{"type":"Point","coordinates":[122.528049,-3.93773]},"properties":{"id":27,"curah_hujan":1991.5,"jenis_tanah":"Dystrudepts","kemiringan":"15-25% (Agak Curam)","penggunaan_lahan":"Hutan","drainase_skor":0,"flood_hist":"tidak pernah banjir","slope":219.03812,"geology":"Gamping keras; Marmer (sangat curam; hindari pembangunan)","label":"sangat rendah","kelurahan":"Tidak Diketahui","warna":"#22c55e"}},{"type":"Feature","geometry":{"type":"Point","coordinates":[122.528239,-3.937694]},"properties":{"id":28,"curah_hujan":1991.5,"jenis_tanah":"Dystrudepts","kemiringan":"15-25% (Agak Curam)","penggunaan_lahan":"Hutan","drainase_skor":0,"flood_hist":"tidak pernah banjir","slope":223.85197,"geology":"Gamping keras; Marmer (sangat curam; hindari pembangunan)","label":"sangat rendah","kelurahan":"Tidak Diketahui","warna":"#22c55e"}},{"type":"Feature","geometry":{"type":"Point","coordinates":[122.528461,-3.937678]},"properties":{"id":29,"curah_hujan":1991.5,"jenis_tanah":"Dystrudepts","kemiringan":"15-25% (Agak Curam)","penggunaan_lahan":"Hutan","drainase_skor":0,"flood_hist":"tidak pernah banjir","slope":227.79619,"geology":"Gamping keras; Marmer (sangat curam; hindari pembangunan)","label":"sangat rendah","kelurahan":"Kemaraya","warna":"#22c55e"}},{"type":"Feature","geometry":{"type":"Point","coordinates":[122.528727,-3.937828]},"properties":{"id":30,"curah_hujan":1991.5,"jenis_tanah":"Dystrudepts","kemiringan":"25-45% (Curam)","penggunaan_lahan":"Hutan","drainase_skor":0,"flood_hist":"tidak pernah banjir","slope":233.30827,"geology":"Gamping keras; Marmer (sangat curam; hindari pembangunan)","label":"sangat rendah","kelurahan":"Tidak Diketahui","warna":"#22c55e"}},{"type":"Feature","geometry":{"type":"Point","coordinates":[122.528758,-3.937971]},"properties":{"id":31,"curah_hujan":1991.5,"jenis_tanah":"Dystrudepts","kemiringan":"25-45% (Curam)","penggunaan_lahan":"Hutan","drainase_skor":0,"flood_hist":"tidak pernah banjir","slope":231.29054,"geology":"Gamping keras; Marmer (sangat curam; hindari pembangunan)","label":"sangat rendah","kelurahan":"Tidak Diketahui","warna":"#22c55e"}},{"type":"Feature","geometry":{"type":"Point","coordinates":[122.528969,-3.938028]},"properties":{"id":32,"curah_hujan":1991.5,"jenis_tanah":"Dystrudepts","kemiringan":"25-45% (Curam)","penggunaan_lahan":"Hutan","drainase_skor":0,"flood_hist":"tidak pernah banjir","slope":230.96747,"geology":"Gamping keras; Marmer (sangat curam; hindari pembangunan)","label":"sangat rendah","kelurahan":"Kemaraya","warna":"#22c55e"}},{"type":"Feature","geometry":{"type":"Point","coordinates":[122.529208,-3.938052]},"properties":{"id":33,"curah_hujan":1991.5,"jenis_tanah":"Dystrudepts","kemiringan":"25-45% (Curam)","penggunaan_lahan":"Hutan","drainase_skor":0,"flood_hist":"tidak pernah banjir","slope":228.25087,"geology":"Gamping keras; Marmer (sangat curam; hindari pembangunan)","label":"sangat rendah","kelurahan":"Kemaraya","warna":"#22c55e"}},{"type":"Feature","geometry":{"type":"Point","coordinates":[122.529829,-3.938152]},"properties":{"id":34,"curah_hujan":1991.5,"jenis_tanah":"Dystrudepts","kemiringan":"0-8% (Datar)","penggunaan_lahan":"Hutan","drainase_skor":0,"flood_hist":"tidak pernah banjir","slope":226.94606,"geology":"Gamping keras; Marmer (sangat curam; hindari pembangunan)","label":"sangat rendah","kelurahan":"Kemaraya","warna":"#22c55e"}},{"type":"Feature","geometry":{"type":"Point","coordinates":[122.530211,-3.938151]},"properties":{"id":35,"curah_hujan":1991.5,"jenis_tanah":"Dystrudepts","kemiringan":"0-8% (Datar)","penggunaan_lahan":"Hutan","drainase_skor":0,"flood_hist":"tidak pernah banjir","slope":229.0719,"geology":"Gamping keras; Marmer (sangat curam; hindari pembangunan)","label":"sangat rendah","kelurahan":"Kemaraya","warna":"#22c55e"}},{"type":"Feature","geometry":{"type":"Point","coordinates":[122.530708,-3.93814]},"properties":{"id":36,"curah_hujan":1991.5,"jenis_tanah":"Dystrudepts","kemiringan":"0-8% (Datar)","penggunaan_lahan":"Hutan","drainase_skor":0,"flood_hist":"tidak pernah banjir","slope":231.17755,"geology":"Gamping keras; Marmer (sangat curam; hindari pembangunan)","label":"sangat rendah","kelurahan":"Tidak Diketahui","warna":"#22c55e"}},{"type":"Feature","geometry":{"type":"Point","coordinates":[122.530979,-3.938126]},"properties":{"id":37,"curah_hujan":1991.5,"jenis_tanah":"Dystrudepts","kemiringan":"0-8% (Datar)","penggunaan_lahan":"Hutan","drainase_skor":0,"flood_hist":"tidak pernah banjir","slope":231.3745,"geology":"Gamping keras; Marmer (sangat curam; hindari pembangunan)","label":"sangat rendah","kelurahan":"Kemaraya","warna":"#22c55e"}},{"type":"Feature","geometry":{"type":"Point","coordinates":[122.531651,-3.938088]},"properties":{"id":38,"curah_hujan":1991.5,"jenis_tanah":"Dystrudepts","kemiringan":"8-15% (Landai)","penggunaan_lahan":"Hutan","drainase_skor":0,"flood_hist":"tidak pernah banjir","slope":241.01381,"geology":"Gamping keras; Marmer (sangat curam; hindari pembangunan)","label":"sangat rendah","kelurahan":"Kemaraya","warna":"#22c55e"}},{"type":"Feature","geometry":{"type":"Point","coordinates":[122.532097,-3.938]},"properties":{"id":39,"curah_hujan":1991.5,"jenis_tanah":"Dystrudepts","kemiringan":"15-25% (Agak Curam)","penggunaan_lahan":"Hutan","drainase_skor":0,"flood_hist":"tidak pernah banjir","slope":250.65451,"geology":"Gamping keras; Marmer (sangat curam; hindari pembangunan)","label":"sangat rendah","kelurahan":"Tidak Diketahui","warna":"#22c55e"}},{"type":"Feature","geometry":{"type":"Point","coordinates":[122.532354,-3.937947]},"properties":{"id":40,"curah_hujan":1991.5,"jenis_tanah":"Dystrudepts","kemiringan":"15-25% (Agak Curam)","penggunaan_lahan":"Hutan","drainase_skor":0,"flood_hist":"tidak pernah banjir","slope":254.15009,"geology":"Gamping keras; Marmer (sangat curam; hindari pembangunan)","label":"sangat rendah","kelurahan":"Kemaraya","warna":"#22c55e"}},{"type":"Feature","geometry":{"type":"Point","coordinates":[122.532492,-3.938031]},"properties":{"id":41,"curah_hujan":1991.5,"jenis_tanah":"Dystrudepts","kemiringan":"25-45% (Curam)","penggunaan_lahan":"Hutan","drainase_skor":0,"flood_hist":"tidak pernah banjir","slope":252.58757,"geology":"Gamping keras; Marmer (sangat curam; hindari pembangunan)","label":"sangat rendah","kelurahan":"Tidak Diketahui","warna":"#22c55e"}},{"type":"Feature","geometry":{"type":"Point","coordinates":[122.532673,-3.938248]},"properties":{"id":42,"curah_hujan":1991.5,"jenis_tanah":"Dystrudepts","kemiringan":"15-25% (Agak Curam)","penggunaan_lahan":"Hutan","drainase_skor":0,"flood_hist":"tidak pernah banjir","slope":248.52419,"geology":"Gamping keras; Marmer (sangat curam; hindari pembangunan)","label":"sangat rendah","kelurahan":"Kemaraya","warna":"#22c55e"}},{"type":"Feature","geometry":{"type":"Point","coordinates":[122.532859,-3.938412]},"properties":{"id":43,"curah_hujan":1991.5,"jenis_tanah":"Dystrudepts","kemiringan":"15-25% (Agak Curam)","penggunaan_lahan":"Hutan","drainase_skor":0,"flood_hist":"tidak pernah banjir","slope":249.3569,"geology":"Gamping keras; Marmer (sangat curam; hindari pembangunan)","label":"sangat rendah","kelurahan":"Kemaraya","warna":"#22c55e"}},{"type":"Feature","geometry":{"type":"Point","coordinates":[122.533144,-3.938582]},"properties":{"id":44,"curah_hujan":1991.5,"jenis_tanah":"Dystrudepts","kemiringan":"15-25% (Agak Curam)","penggunaan_lahan":"Hutan","drainase_skor":0,"flood_hist":"tidak pernah banjir","slope":252.67596,"geology":"Gamping keras; Marmer (sangat curam; hindari pembangunan)","label":"sangat rendah","kelurahan":"Tidak Diketahui","warna":"#22c55e"}},{"type":"Feature","geometry":{"type":"Point","coordinates":[122.533452,-3.938709]},"properties":{"id":45,"curah_hujan":1991.5,"jenis_tanah":"Dystrudepts","kemiringan":"0-8% (Datar)","penggunaan_lahan":"Hutan","drainase_skor":0,"flood_hist":"tidak pernah banjir","slope":254.95941,"geology":"Gamping keras; Marmer (sangat curam; hindari pembangunan)","label":"sangat rendah","kelurahan":"Tidak Diketahui","warna":"#22c55e"}},{"type":"Feature","geometry":{"type":"Point","coordinates":[122.533722,-3.938853]},"properties":{"id":46,"curah_hujan":1991.5,"jenis_tanah":"Dystrudepts","kemiringan":"15-25% (Agak Curam)","penggunaan_lahan":"Hutan","drainase_skor":0,"flood_hist":"tidak pernah banjir","slope":259.07355,"geology":"Gamping keras; Marmer (sangat curam; hindari pembangunan)","label":"sangat rendah","kelurahan":"Kemaraya","warna":"#22c55e"}},{"type":"Feature","geometry":{"type":"Point","coordinates":[122.534226,-3.938906]},"properties":{"id":47,"curah_hujan":1991.5,"jenis_tanah":"Dystrudepts","kemiringan":">45% (Sangat Curam)","penggunaan_lahan":"Hutan","drainase_skor":0,"flood_hist":"tidak pernah banjir","slope":261.58102,"geology":"Gamping keras; Marmer (sangat curam; hindari pembangunan)","label":"sangat rendah","kelurahan":"Kemaraya","warna":"#22c55e"}},{"type":"Feature","geometry":{"type":"Point","coordinates":[122.534478,-3.938795]},"properties":{"id":48,"curah_hujan":1991.5,"jenis_tanah":"Dystrudepts","kemiringan":">45% (Sangat Curam)","penggunaan_lahan":"Hutan","drainase_skor":0,"flood_hist":"tidak pernah banjir","slope":249.90967,"geology":"Gamping keras; Marmer (sangat curam; hindari pembangunan)","label":"sangat rendah","kelurahan":"Tidak Diketahui","warna":"#22c55e"}},{"type":"Feature","geometry":{"type":"Point","coordinates":[122.534877,-3.938783]},"properties":{"id":49,"curah_hujan":1991.5,"jenis_tanah":"Dystrudepts","kemiringan":">45% (Sangat Curam)","penggunaan_lahan":"Hutan","drainase_skor":0,"flood_hist":"tidak pernah banjir","slope":210.36528,"geology":"Gamping keras; Marmer (sangat curam; hindari pembangunan)","label":"sangat rendah","kelurahan":"Kemaraya","warna":"#22c55e"}},{"type":"Feature","geometry":{"type":"Point","coordinates":[122.535074,-3.938807]},"properties":{"id":50,"curah_hujan":1991.5,"jenis_tanah":"Dystrudepts","kemiringan":">45% (Sangat Curam)","penggunaan_lahan":"Hutan","drainase_skor":0,"flood_hist":"tidak pernah banjir","slope":203.85779,"geology":"Gamping keras; Marmer (sangat curam; hindari pembangunan)","label":"sangat rendah","kelurahan":"Tidak Diketahui","warna":"#22c55e"}},{"type":"Feature","geometry":{"type":"Point","coordinates":[122.535435,-3.938926]},"properties":{"id":51,"curah_hujan":1991.5,"jenis_tanah":"Dystrudepts","kemiringan":">45% (Sangat Curam)","penggunaan_lahan":"Hutan","drainase_skor":0,"flood_hist":"tidak pernah banjir","slope":182.08533,"geology":"Gamping keras; Marmer (sangat curam; hindari pembangunan)","label":"sangat rendah","kelurahan":"Tidak Diketahui","warna":"#22c55e"}},{"type":"Feature","geometry":{"type":"Point","coordinates":[122.535557,-3.938973]},"properties":{"id":52,"curah_hujan":1991.5,"jenis_tanah":"Dystrudepts","kemiringan":">45% (Sangat Curam)","penggunaan_lahan":"Hutan","drainase_skor":0,"flood_hist":"tidak pernah banjir","slope":172.74861,"geology":"Gamping keras; Marmer (sangat curam; hindari pembangunan)","label":"sangat rendah","kelurahan":"Kemaraya","warna":"#22c55e"}},{"type":"Feature","geometry":{"type":"Point","coordinates":[122.535826,-3.939168]},"properties":{"id":53,"curah_hujan":1991.5,"jenis_tanah":"Dystrudepts","kemiringan":">45% (Sangat Curam)","penggunaan_lahan":"Hutan","drainase_skor":0,"flood_hist":"tidak pernah banjir","slope":161.3781,"geology":"Gamping keras; Marmer (sangat curam; hindari pembangunan)","label":"sangat rendah","kelurahan":"Tidak Diketahui","warna":"#22c55e"}},{"type":"Feature","geometry":{"type":"Point","coordinates":[122.536006,-3.939299]},"properties":{"id":54,"curah_hujan":1991.5,"jenis_tanah":"Dystrudepts","kemiringan":"25-45% (Curam)","penggunaan_lahan":"Hutan","drainase_skor":0,"flood_hist":"tidak pernah banjir","slope":154.07983,"geology":"Gamping keras; Marmer (sangat curam; hindari pembangunan)","label":"sangat rendah","kelurahan":"Tidak Diketahui","warna":"#22c55e"}},{"type":"Feature","geometry":{"type":"Point","coordinates":[122.536124,-3.939741]},"properties":{"id":55,"curah_hujan":1991.5,"jenis_tanah":"Dystrudepts","kemiringan":"25-45% (Curam)","penggunaan_lahan":"Hutan","drainase_skor":0,"flood_hist":"tidak pernah banjir","slope":146.83269,"geology":"Gamping keras; Marmer (sangat curam; hindari pembangunan)","label":"sangat rendah","kelurahan":"Tidak Diketahui","warna":"#22c55e"}},{"type":"Feature","geometry":{"type":"Point","coordinates":[122.536213,-3.939939]},"properties":{"id":56,"curah_hujan":1991.5,"jenis_tanah":"Dystrudepts","kemiringan":"15-25% (Agak Curam)","penggunaan_lahan":"Hutan","drainase_skor":0,"flood_hist":"tidak pernah banjir","slope":145.3668,"geology":"Gamping keras; Marmer (sangat curam; hindari pembangunan)","label":"sangat rendah","kelurahan":"Tidak Diketahui","warna":"#22c55e"}},{"type":"Feature","geometry":{"type":"Point","coordinates":[122.536384,-3.940221]},"properties":{"id":57,"curah_hujan":1991.5,"jenis_tanah":"Dystrudepts","kemiringan":"15-25% (Agak Curam)","penggunaan_lahan":"Hutan","drainase_skor":0,"flood_hist":"tidak pernah banjir","slope":140.06819,"geology":"Gamping keras; Marmer (sangat curam; hindari pembangunan)","label":"sangat rendah","kelurahan":"Kemaraya","warna":"#22c55e"}},{"type":"Feature","geometry":{"type":"Point","coordinates":[122.536515,-3.940465]},"properties":{"id":58,"curah_hujan":1991.5,"jenis_tanah":"Dystrudepts","kemiringan":"8-15% (Landai)","penggunaan_lahan":"Hutan","drainase_skor":0,"flood_hist":"tidak pernah banjir","slope":138.49059,"geology":"Gamping keras; Marmer (sangat curam; hindari pembangunan)","label":"sangat rendah","kelurahan":"Kemaraya","warna":"#22c55e"}},{"type":"Feature","geometry":{"type":"Point","coordinates":[122.536991,-3.940762]},"properties":{"id":59,"curah_hujan":1991.5,"jenis_tanah":"Dystrudepts","kemiringan":">45% (Sangat Curam)","penggunaan_lahan":"Hutan","drainase_skor":0,"flood_hist":"tidak pernah banjir","slope":160.29214,"geology":"Gamping keras; Marmer (sangat curam; hindari pembangunan)","label":"sangat rendah","kelurahan":"Tidak Diketahui","warna":"#22c55e"}},{"type":"Feature","geometry":{"type":"Point","coordinates":[122.537797,-3.941402]},"properties":{"id":60,"curah_hujan":1991.5,"jenis_tanah":"Dystrudepts","kemiringan":"25-45% (Curam)","penggunaan_lahan":"Hutan","drainase_skor":0,"flood_hist":"tidak pernah banjir","slope":207.47255,"geology":"Gamping keras; Marmer (sangat curam; hindari pembangunan)","label":"sangat rendah","kelurahan":"Tidak Diketahui","warna":"#22c55e"}},{"type":"Feature","geometry":{"type":"Point","coordinates":[122.538517,-3.941802]},"properties":{"id":61,"curah_hujan":1991.5,"jenis_tanah":"Dystrudepts","kemiringan":"25-45% (Curam)","penggunaan_lahan":"Hutan","drainase_skor":0,"flood_hist":"tidak pernah banjir","slope":237.46764,"geology":"Gamping keras; Marmer (sangat curam; hindari pembangunan)","label":"sangat rendah","kelurahan":"Kemaraya","warna":"#22c55e"}},{"type":"Feature","geometry":{"type":"Point","coordinates":[122.53944,-3.941881]},"properties":{"id":62,"curah_hujan":1991.5,"jenis_tanah":"Dystrudepts","kemiringan":"25-45% (Curam)","penggunaan_lahan":"Hutan","drainase_skor":0,"flood_hist":"tidak pernah banjir","slope":245.768,"geology":"Gamping keras; Marmer (sangat curam; hindari pembangunan)","label":"sangat rendah","kelurahan":"Kemaraya","warna":"#22c55e"}},{"type":"Feature","geometry":{"type":"Point","coordinates":[122.539688,-3.941871]},"properties":{"id":63,"curah_hujan":1991.5,"jenis_tanah":"Dystrudepts","kemiringan":"15-25% (Agak Curam)","penggunaan_lahan":"Hutan","drainase_skor":0,"flood_hist":"tidak pernah banjir","slope":247.72375,"geology":"Gamping keras; Marmer (sangat curam; hindari pembangunan)","label":"sangat rendah","kelurahan":"Kemaraya","warna":"#22c55e"}},{"type":"Feature","geometry":{"type":"Point","coordinates":[122.540319,-3.941815]},"properties":{"id":64,"curah_hujan":1991.5,"jenis_tanah":"Dystrudepts","kemiringan":"0-8% (Datar)","penggunaan_lahan":"Hutan","drainase_skor":0,"flood_hist":"tidak pernah banjir","slope":254.86798,"geology":"Gamping keras; Marmer (sangat curam; hindari pembangunan)","label":"sangat rendah","kelurahan":"Tidak Diketahui","warna":"#22c55e"}},{"type":"Feature","geometry":{"type":"Point","coordinates":[122.540378,-3.941251]},"properties":{"id":65,"curah_hujan":1991.5,"jenis_tanah":"Dystrudepts","kemiringan":"0-8% (Datar)","penggunaan_lahan":"Hutan","drainase_skor":0,"flood_hist":"tidak pernah banjir","slope":249.82446,"geology":"Gamping keras; Marmer (sangat curam; hindari pembangunan)","label":"sangat rendah","kelurahan":"Watu-Watu","warna":"#22c55e"}},{"type":"Feature","geometry":{"type":"Point","coordinates":[122.540616,-3.940917]},"properties":{"id":66,"curah_hujan":1991.5,"jenis_tanah":"Dystrudepts","kemiringan":"25-45% (Curam)","penggunaan_lahan":"Hutan","drainase_skor":0,"flood_hist":"tidak pernah banjir","slope":248.048,"geology":"Gamping keras; Marmer (sangat curam; hindari pembangunan)","label":"sangat rendah","kelurahan":"Watu-Watu","warna":"#22c55e"}},{"type":"Feature","geometry":{"type":"Point","coordinates":[122.540825,-3.940769]},"properties":{"id":67,"curah_hujan":1991.5,"jenis_tanah":"Dystrudepts","kemiringan":"25-45% (Curam)","penggunaan_lahan":"Hutan","drainase_skor":0,"flood_hist":"tidak pernah banjir","slope":236.90115,"geology":"Gamping keras; Marmer (sangat curam; hindari pembangunan)","label":"sangat rendah","kelurahan":"Tidak Diketahui","warna":"#22c55e"}},{"type":"Feature","geometry":{"type":"Point","coordinates":[122.541347,-3.940683]},"properties":{"id":68,"curah_hujan":1991.5,"jenis_tanah":"Dystrudepts","kemiringan":"8-15% (Landai)","penggunaan_lahan":"Hutan","drainase_skor":0,"flood_hist":"tidak pernah banjir","slope":228.43982,"geology":"Gamping keras; Marmer (sangat curam; hindari pembangunan)","label":"sangat rendah","kelurahan":"Watu-Watu","warna":"#22c55e"}},{"type":"Feature","geometry":{"type":"Point","coordinates":[122.542524,-3.940964]},"properties":{"id":69,"curah_hujan":1991.5,"jenis_tanah":"Dystrudepts","kemiringan":"25-45% (Curam)","penggunaan_lahan":"Hutan","drainase_skor":0,"flood_hist":"tidak pernah banjir","slope":250.97765,"geology":"Gamping keras; Marmer (sangat curam; hindari pembangunan)","label":"sangat rendah","kelurahan":"Tidak Diketahui","warna":"#22c55e"}},{"type":"Feature","geometry":{"type":"Point","coordinates":[122.542819,-3.941147]},"properties":{"id":70,"curah_hujan":1991.5,"jenis_tanah":"Dystrudepts","kemiringan":"25-45% (Curam)","penggunaan_lahan":"Hutan","drainase_skor":0,"flood_hist":"tidak pernah banjir","slope":254.82066,"geology":"Gamping keras; Marmer (sangat curam; hindari pembangunan)","label":"sangat rendah","kelurahan":"Tidak Diketahui","warna":"#22c55e"}},{"type":"Feature","geometry":{"type":"Point","coordinates":[122.543724,-3.941976]},"properties":{"id":71,"curah_hujan":1991.5,"jenis_tanah":"Dystrudepts","kemiringan":"8-15% (Landai)","penggunaan_lahan":"Hutan","drainase_skor":0,"flood_hist":"tidak pernah banjir","slope":266.80728,"geology":"Gamping keras; Marmer (sangat curam; hindari pembangunan)","label":"sangat rendah","kelurahan":"Watu-Watu","warna":"#22c55e"}},{"type":"Feature","geometry":{"type":"Point","coordinates":[122.544222,-3.942462]},"properties":{"id":72,"curah_hujan":1991.5,"jenis_tanah":"Dystrudepts","kemiringan":"15-25% (Agak Curam)","penggunaan_lahan":"Hutan","drainase_skor":0,"flood_hist":"tidak pernah banjir","slope":273.79965,"geology":"Gamping keras; Marmer (sangat curam; hindari pembangunan)","label":"sangat rendah","kelurahan":"Tidak Diketahui","warna":"#22c55e"}},{"type":"Feature","geometry":{"type":"Point","coordinates":[122.544731,-3.942859]},"properties":{"id":73,"curah_hujan":1991.5,"jenis_tanah":"Dystrudepts","kemiringan":"15-25% (Agak Curam)","penggunaan_lahan":"Hutan","drainase_skor":0,"flood_hist":"tidak pernah banjir","slope":265.78888,"geology":"Gamping keras; Marmer (sangat curam; hindari pembangunan)","label":"sangat rendah","kelurahan":"Watu-Watu","warna":"#22c55e"}},{"type":"Feature","geometry":{"type":"Point","coordinates":[122.545605,-3.943429]},"properties":{"id":74,"curah_hujan":1991.5,"jenis_tanah":"Dystrudepts","kemiringan":"0-8% (Datar)","penggunaan_lahan":"Hutan","drainase_skor":0,"flood_hist":"tidak pernah banjir","slope":245.69684,"geology":"Gamping keras; Marmer (sangat curam; hindari pembangunan)","label":"sangat rendah","kelurahan":"Tidak Diketahui","warna":"#22c55e"}},{"type":"Feature","geometry":{"type":"Point","coordinates":[122.546231,-3.943512]},"properties":{"id":75,"curah_hujan":1991.5,"jenis_tanah":"Dystrudepts","kemiringan":"15-25% (Agak Curam)","penggunaan_lahan":"Hutan","drainase_skor":0,"flood_hist":"tidak pernah banjir","slope":254.3159,"geology":"Gamping keras; Marmer (sangat curam; hindari pembangunan)","label":"sangat rendah","kelurahan":"Tidak Diketahui","warna":"#22c55e"}},{"type":"Feature","geometry":{"type":"Point","coordinates":[122.546862,-3.943347]},"properties":{"id":76,"curah_hujan":1991.5,"jenis_tanah":"Dystrudepts","kemiringan":"25-45% (Curam)","penggunaan_lahan":"Hutan","drainase_skor":0,"flood_hist":"tidak pernah banjir","slope":266.47144,"geology":"Gamping keras; Marmer (sangat curam; hindari pembangunan)","label":"sangat rendah","kelurahan":"Tidak Diketahui","warna":"#22c55e"}},{"type":"Feature","geometry":{"type":"Point","coordinates":[122.547763,-3.943133]},"properties":{"id":77,"curah_hujan":1991.5,"jenis_tanah":"Dystrudepts","kemiringan":"15-25% (Agak Curam)","penggunaan_lahan":"Hutan","drainase_skor":0,"flood_hist":"tidak pernah banjir","slope":285.22253,"geology":"Gamping keras; Marmer (sangat curam; hindari pembangunan)","label":"sangat rendah","kelurahan":"Tidak Diketahui","warna":"#22c55e"}},{"type":"Feature","geometry":{"type":"Point","coordinates":[122.548023,-3.943064]},"properties":{"id":78,"curah_hujan":1991.5,"jenis_tanah":"Dystrudepts","kemiringan":"15-25% (Agak Curam)","penggunaan_lahan":"Hutan","drainase_skor":0,"flood_hist":"tidak pernah banjir","slope":287.65762,"geology":"Gamping keras; Marmer (sangat curam; hindari pembangunan)","label":"sangat rendah","kelurahan":"Tidak Diketahui","warna":"#22c55e"}},{"type":"Feature","geometry":{"type":"Point","coordinates":[122.548311,-3.943015]},"properties":{"id":79,"curah_hujan":1991.5,"jenis_tanah":"Dystrudepts","kemiringan":"15-25% (Agak Curam)","penggunaan_lahan":"Hutan","drainase_skor":0,"flood_hist":"tidak pernah banjir","slope":293.97968,"geology":"Gamping keras; Marmer (sangat curam; hindari pembangunan)","label":"sangat rendah","kelurahan":"Tidak Diketahui","warna":"#22c55e"}},{"type":"Feature","geometry":{"type":"Point","coordinates":[122.548559,-3.943012]},"properties":{"id":80,"curah_hujan":1991.5,"jenis_tanah":"Dystrudepts","kemiringan":"15-25% (Agak Curam)","penggunaan_lahan":"Hutan","drainase_skor":0,"flood_hist":"tidak pernah banjir","slope":296.6182,"geology":"Gamping keras; Marmer (sangat curam; hindari pembangunan)","label":"sangat rendah","kelurahan":"Tidak Diketahui","warna":"#22c55e"}},{"type":"Feature","geometry":{"type":"Point","coordinates":[122.548768,-3.943054]},"properties":{"id":81,"curah_hujan":1991.5,"jenis_tanah":"Dystrudepts","kemiringan":"8-15% (Landai)","penggunaan_lahan":"Hutan","drainase_skor":0,"flood_hist":"tidak pernah banjir","slope":296.8452,"geology":"Gamping keras; Marmer (sangat curam; hindari pembangunan)","label":"sangat rendah","kelurahan":"Watu-Watu","warna":"#22c55e"}},{"type":"Feature","geometry":{"type":"Point","coordinates":[122.549111,-3.943123]},"properties":{"id":82,"curah_hujan":1991.5,"jenis_tanah":"Dystrudepts","kemiringan":"15-25% (Agak Curam)","penggunaan_lahan":"Hutan","drainase_skor":0,"flood_hist":"tidak pernah banjir","slope":299.6876,"geology":"Gamping keras; Marmer (sangat curam; hindari pembangunan)","label":"sangat rendah","kelurahan":"Watu-Watu","warna":"#22c55e"}},{"type":"Feature","geometry":{"type":"Point","coordinates":[122.54939,-3.94305]},"properties":{"id":83,"curah_hujan":1991.5,"jenis_tanah":"Dystrudepts","kemiringan":"15-25% (Agak Curam)","penggunaan_lahan":"Hutan","drainase_skor":0,"flood_hist":"tidak pernah banjir","slope":296.04755,"geology":"Gamping keras; Marmer (sangat curam; hindari pembangunan)","label":"sangat rendah","kelurahan":"Tipulu","warna":"#22c55e"}},{"type":"Feature","geometry":{"type":"Point","coordinates":[122.549521,-3.942932]},"properties":{"id":84,"curah_hujan":1991.5,"jenis_tanah":"Dystrudepts","kemiringan":"25-45% (Curam)","penggunaan_lahan":"Hutan","drainase_skor":0,"flood_hist":"tidak pernah banjir","slope":292.66165,"geology":"Gamping keras; Marmer (sangat curam; hindari pembangunan)","label":"sangat rendah","kelurahan":"Tipulu","warna":"#22c55e"}},{"type":"Feature","geometry":{"type":"Point","coordinates":[122.549579,-3.942833]},"properties":{"id":85,"curah_hujan":1991.5,"jenis_tanah":"Dystrudepts","kemiringan":"15-25% (Agak Curam)","penggunaan_lahan":"Hutan","drainase_skor":0,"flood_hist":"tidak pernah banjir","slope":291.8779,"geology":"Gamping keras; Marmer (sangat curam; hindari pembangunan)","label":"sangat rendah","kelurahan":"Tidak Diketahui","warna":"#22c55e"}},{"type":"Feature","geometry":{"type":"Point","coordinates":[122.549624,-3.942756]},"properties":{"id":86,"curah_hujan":1991.5,"jenis_tanah":"Dystrudepts","kemiringan":"15-25% (Agak Curam)","penggunaan_lahan":"Hutan","drainase_skor":0,"flood_hist":"tidak pernah banjir","slope":291.52203,"geology":"Gamping keras; Marmer (sangat curam; hindari pembangunan)","label":"sangat rendah","kelurahan":"Tidak Diketahui","warna":"#22c55e"}},{"type":"Feature","geometry":{"type":"Point","coordinates":[122.549727,-3.942511]},"properties":{"id":87,"curah_hujan":1991.5,"jenis_tanah":"Dystrudepts","kemiringan":"8-15% (Landai)","penggunaan_lahan":"Hutan","drainase_skor":0,"flood_hist":"tidak pernah banjir","slope":292.22156,"geology":"Gamping keras; Marmer (sangat curam; hindari pembangunan)","label":"sangat rendah","kelurahan":"Tipulu","warna":"#22c55e"}},{"type":"Feature","geometry":{"type":"Point","coordinates":[122.549834,-3.94229]},"properties":{"id":88,"curah_hujan":1991.5,"jenis_tanah":"Dystrudepts","kemiringan":"15-25% (Agak Curam)","penggunaan_lahan":"Hutan","drainase_skor":0,"flood_hist":"tidak pernah banjir","slope":293.704,"geology":"Gamping keras; Marmer (sangat curam; hindari pembangunan)","label":"sangat rendah","kelurahan":"Tidak Diketahui","warna":"#22c55e"}},{"type":"Feature","geometry":{"type":"Point","coordinates":[122.550004,-3.942042]},"properties":{"id":89,"curah_hujan":1991.5,"jenis_tanah":"Dystrudepts","kemiringan":"15-25% (Agak Curam)","penggunaan_lahan":"Hutan","drainase_skor":0,"flood_hist":"tidak pernah banjir","slope":293.9609,"geology":"Gamping keras; Marmer (sangat curam; hindari pembangunan)","label":"sangat rendah","kelurahan":"Tidak Diketahui","warna":"#22c55e"}},{"type":"Feature","geometry":{"type":"Point","coordinates":[122.550139,-3.941951]},"properties":{"id":90,"curah_hujan":1991.5,"jenis_tanah":"Dystrudepts","kemiringan":"8-15% (Landai)","penggunaan_lahan":"Hutan","drainase_skor":0,"flood_hist":"tidak pernah banjir","slope":291.5874,"geology":"Gamping keras; Marmer (sangat curam; hindari pembangunan)","label":"sangat rendah","kelurahan":"Tipulu","warna":"#22c55e"}},{"type":"Feature","geometry":{"type":"Point","coordinates":[122.55046,-3.94188]},"properties":{"id":91,"curah_hujan":1991.5,"jenis_tanah":"Dystrudepts","kemiringan":"8-15% (Landai)","penggunaan_lahan":"Hutan","drainase_skor":0,"flood_hist":"tidak pernah banjir","slope":288.63687,"geology":"Gamping keras; Marmer (sangat curam; hindari pembangunan)","label":"sangat rendah","kelurahan":"Tipulu","warna":"#22c55e"}},{"type":"Feature","geometry":{"type":"Point","coordinates":[122.550805,-3.941892]},"properties":{"id":92,"curah_hujan":1991.5,"jenis_tanah":"Dystrudepts","kemiringan":"8-15% (Landai)","penggunaan_lahan":"Hutan","drainase_skor":0,"flood_hist":"tidak pernah banjir","slope":287.13028,"geology":"Gamping keras; Marmer (sangat curam; hindari pembangunan)","label":"sangat rendah","kelurahan":"Tipulu","warna":"#22c55e"}},{"type":"Feature","geometry":{"type":"Point","coordinates":[122.551194,-3.941908]},"properties":{"id":93,"curah_hujan":1991.5,"jenis_tanah":"Dystrudepts","kemiringan":"0-8% (Datar)","penggunaan_lahan":"Hutan","drainase_skor":0,"flood_hist":"tidak pernah banjir","slope":287.51825,"geology":"Gamping keras; Marmer (sangat curam; hindari pembangunan)","label":"sangat rendah","kelurahan":"Tidak Diketahui","warna":"#22c55e"}},{"type":"Feature","geometry":{"type":"Point","coordinates":[122.551505,-3.941896]},"properties":{"id":94,"curah_hujan":1991.5,"jenis_tanah":"Dystrudepts","kemiringan":"8-15% (Landai)","penggunaan_lahan":"Hutan","drainase_skor":0,"flood_hist":"tidak pernah banjir","slope":288.60013,"geology":"Gamping keras; Marmer (sangat curam; hindari pembangunan)","label":"sangat rendah","kelurahan":"Tidak Diketahui","warna":"#22c55e"}},{"type":"Feature","geometry":{"type":"Point","coordinates":[122.551871,-3.941854]},"properties":{"id":95,"curah_hujan":1991.5,"jenis_tanah":"Dystrudepts","kemiringan":"25-45% (Curam)","penggunaan_lahan":"Hutan","drainase_skor":0,"flood_hist":"tidak pernah banjir","slope":295.8345,"geology":"Gamping keras; Marmer (sangat curam; hindari pembangunan)","label":"sangat rendah","kelurahan":"Tidak Diketahui","warna":"#22c55e"}},{"type":"Feature","geometry":{"type":"Point","coordinates":[122.552229,-3.941729]},"properties":{"id":96,"curah_hujan":1991.5,"jenis_tanah":"Dystrudepts","kemiringan":"15-25% (Agak Curam)","penggunaan_lahan":"Hutan","drainase_skor":0,"flood_hist":"tidak pernah banjir","slope":304.57996,"geology":"Gamping keras; Marmer (sangat curam; hindari pembangunan)","label":"sangat rendah","kelurahan":"Tipulu","warna":"#22c55e"}},{"type":"Feature","geometry":{"type":"Point","coordinates":[122.552701,-3.941408]},"properties":{"id":97,"curah_hujan":1991.5,"jenis_tanah":"Dystrudepts","kemiringan":"8-15% (Landai)","penggunaan_lahan":"Hutan","drainase_skor":0,"flood_hist":"tidak pernah banjir","slope":318.07562,"geology":"Gamping keras; Marmer (sangat curam; hindari pembangunan)","label":"sangat rendah","kelurahan":"Tipulu","warna":"#22c55e"}},{"type":"Feature","geometry":{"type":"Point","coordinates":[122.55275,-3.94083]},"properties":{"id":98,"curah_hujan":1991.5,"jenis_tanah":"Dystrudepts","kemiringan":"8-15% (Landai)","penggunaan_lahan":"Hutan","drainase_skor":0,"flood_hist":"tidak pernah banjir","slope":314.54144,"geology":"Gamping keras; Marmer (sangat curam; hindari pembangunan)","label":"sangat rendah","kelurahan":"Tipulu","warna":"#22c55e"}},{"type":"Feature","geometry":{"type":"Point","coordinates":[122.552998,-3.939672]},"properties":{"id":99,"curah_hujan":1991.5,"jenis_tanah":"Dystrudepts","kemiringan":"15-25% (Agak Curam)","penggunaan_lahan":"Hutan","drainase_skor":0,"flood_hist":"tidak pernah banjir","slope":308.913,"geology":"Gamping keras; Marmer (sangat curam; hindari pembangunan)","label":"sangat rendah","kelurahan":"Tipulu","warna":"#22c55e"}},{"type":"Feature","geometry":{"type":"Point","coordinates":[122.553608,-3.938675]},"properties":{"id":100,"curah_hujan":1991.5,"jenis_tanah":"Dystrudepts","kemiringan":"8-15% (Landai)","penggunaan_lahan":"Hutan","drainase_skor":0,"flood_hist":"tidak pernah banjir","slope":312.30283,"geology":"Gamping keras; Marmer (sangat curam; hindari pembangunan)","label":"sangat rendah","kelurahan":"Tipulu","warna":"#22c55e"}},{"type":"Feature","geometry":{"type":"Point","coordinates":[122.554012,-3.938212]},"properties":{"id":101,"curah_hujan":1991.5,"jenis_tanah":"Dystrudepts","kemiringan":"0-8% (Datar)","penggunaan_lahan":"Hutan","drainase_skor":0,"flood_hist":"tidak pernah banjir","slope":313.00626,"geology":"Gamping keras; Marmer (sangat curam; hindari pembangunan)","label":"sangat rendah","kelurahan":"Tipulu","warna":"#22c55e"}},{"type":"Feature","geometry":{"type":"Point","coordinates":[122.554579,-3.937718]},"properties":{"id":102,"curah_hujan":1991.5,"jenis_tanah":"Dystrudepts","kemiringan":"0-8% (Datar)","penggunaan_lahan":"Hutan","drainase_skor":0,"flood_hist":"tidak pernah banjir","slope":311.26633,"geology":"Gamping keras; Marmer (sangat curam; hindari pembangunan)","label":"sangat rendah","kelurahan":"Tipulu","warna":"#22c55e"}},{"type":"Feature","geometry":{"type":"Point","coordinates":[122.55486,-3.937426]},"properties":{"id":103,"curah_hujan":1991.5,"jenis_tanah":"Dystrudepts","kemiringan":"8-15% (Landai)","penggunaan_lahan":"Hutan","drainase_skor":0,"flood_hist":"tidak pernah banjir","slope":310.6808,"geology":"Gamping keras; Marmer (sangat curam; hindari pembangunan)","label":"sangat rendah","kelurahan":"Tidak Diketahui","warna":"#22c55e"}},{"type":"Feature","geometry":{"type":"Point","coordinates":[122.555284,-3.936769]},"properties":{"id":104,"curah_hujan":1991.5,"jenis_tanah":"Dystrudepts","kemiringan":"25-45% (Curam)","penggunaan_lahan":"Hutan","drainase_skor":0,"flood_hist":"tidak pernah banjir","slope":324.45425,"geology":"Gamping keras; Marmer (sangat curam; hindari pembangunan)","label":"sangat rendah","kelurahan":"Tipulu","warna":"#22c55e"}},{"type":"Feature","geometry":{"type":"Point","coordinates":[122.557645,-3.937022]},"properties":{"id":105,"curah_hujan":1991.5,"jenis_tanah":"Dystrudepts","kemiringan":"25-45% (Curam)","penggunaan_lahan":"Hutan","drainase_skor":0,"flood_hist":"tidak pernah banjir","slope":274.58813,"geology":"Gamping keras; Marmer (sangat curam; hindari pembangunan)","label":"sangat rendah","kelurahan":"Tipulu","warna":"#22c55e"}},{"type":"Feature","geometry":{"type":"Point","coordinates":[122.559631,-3.937519]},"properties":{"id":106,"curah_hujan":1991.5,"jenis_tanah":"Dystrudepts","kemiringan":"25-45% (Curam)","penggunaan_lahan":"Hutan","drainase_skor":0,"flood_hist":"tidak pernah banjir","slope":279.38638,"geology":"Gamping keras; Marmer (sangat curam; hindari pembangunan)","label":"sangat rendah","kelurahan":"Punggaloba","warna":"#22c55e"}},{"type":"Feature","geometry":{"type":"Point","coordinates":[122.562609,-3.938913]},"properties":{"id":107,"curah_hujan":1991.5,"jenis_tanah":"Dystrudepts","kemiringan":"25-45% (Curam)","penggunaan_lahan":"Hutan","drainase_skor":0,"flood_hist":"tidak pernah banjir","slope":284.59183,"geology":"Gamping keras; Marmer (sangat curam; hindari pembangunan)","label":"sangat rendah","kelurahan":"Punggaloba","warna":"#22c55e"}},{"type":"Feature","geometry":{"type":"Point","coordinates":[122.564496,-3.939709]},"properties":{"id":108,"curah_hujan":1991.5,"jenis_tanah":"Dystrudepts","kemiringan":"25-45% (Curam)","penggunaan_lahan":"Hutan","drainase_skor":0,"flood_hist":"tidak pernah banjir","slope":248.05214,"geology":"Gamping keras; Marmer (sangat curam; hindari pembangunan)","label":"sangat rendah","kelurahan":"Punggaloba","warna":"#22c55e"}},{"type":"Feature","geometry":{"type":"Point","coordinates":[122.565574,-3.940055]},"properties":{"id":109,"curah_hujan":1991.5,"jenis_tanah":"Dystrudepts","kemiringan":"25-45% (Curam)","penggunaan_lahan":"Hutan","drainase_skor":0,"flood_hist":"tidak pernah banjir","slope":254.70064,"geology":"Gamping keras; Marmer (sangat curam; hindari pembangunan)","label":"sangat rendah","kelurahan":"Punggaloba","warna":"#22c55e"}},{"type":"Feature","geometry":{"type":"Point","coordinates":[122.56713,-3.939948]},"properties":{"id":110,"curah_hujan":1991.5,"jenis_tanah":"Dystrudepts","kemiringan":"15-25% (Agak Curam)","penggunaan_lahan":"Hutan","drainase_skor":0,"flood_hist":"tidak pernah banjir","slope":245.51706,"geology":"Gamping keras; Marmer (sangat curam; hindari pembangunan)","label":"sangat rendah","kelurahan":"Benu Benua","warna":"#22c55e"}},{"type":"Feature","geometry":{"type":"Point","coordinates":[122.567776,-3.939921]},"properties":{"id":111,"curah_hujan":1991.5,"jenis_tanah":"Dystrudepts","kemiringan":"15-25% (Agak Curam)","penggunaan_lahan":"Hutan","drainase_skor":0,"flood_hist":"tidak pernah banjir","slope":233.75395,"geology":"Gamping keras; Marmer (sangat curam; hindari pembangunan)","label":"sangat rendah","kelurahan":"Benu Benua","warna":"#22c55e"}},{"type":"Feature","geometry":{"type":"Point","coordinates":[122.57046,-3.939894]},"properties":{"id":112,"curah_hujan":1991.5,"jenis_tanah":"Dystrudepts","kemiringan":"15-25% (Agak Curam)","penggunaan_lahan":"Hutan","drainase_skor":0,"flood_hist":"tidak pernah banjir","slope":291.38297,"geology":"Gamping keras; Marmer (sangat curam; hindari pembangunan)","label":"sangat rendah","kelurahan":"Benu Benua","warna":"#22c55e"}},{"type":"Feature","geometry":{"type":"Point","coordinates":[122.570996,-3.93972]},"properties":{"id":113,"curah_hujan":1991.5,"jenis_tanah":"Dystrudepts","kemiringan":"25-45% (Curam)","penggunaan_lahan":"Hutan","drainase_skor":0,"flood_hist":"tidak pernah banjir","slope":305.69302,"geology":"Gamping keras; Marmer (sangat curam; hindari pembangunan)","label":"sangat rendah","kelurahan":"Benu Benua","warna":"#22c55e"}},{"type":"Feature","geometry":{"type":"Point","coordinates":[122.572634,-3.939729]},"properties":{"id":114,"curah_hujan":1991.5,"jenis_tanah":"Dystrudepts","kemiringan":"15-25% (Agak Curam)","penggunaan_lahan":"Hutan","drainase_skor":0,"flood_hist":"tidak pernah banjir","slope":380.036,"geology":"Gamping keras; Marmer (sangat curam; hindari pembangunan)","label":"sangat rendah","kelurahan":"Sodoha","warna":"#22c55e"}},{"type":"Feature","geometry":{"type":"Point","coordinates":[122.57303,-3.939614]},"properties":{"id":115,"curah_hujan":1991.5,"jenis_tanah":"Dystrudepts","kemiringan":"25-45% (Curam)","penggunaan_lahan":"Hutan","drainase_skor":0,"flood_hist":"tidak pernah banjir","slope":379.85052,"geology":"Gamping keras; Marmer (sangat curam; hindari pembangunan)","label":"sangat rendah","kelurahan":"Tidak Diketahui","warna":"#22c55e"}},{"type":"Feature","geometry":{"type":"Point","coordinates":[122.57359,-3.94031]},"properties":{"id":116,"curah_hujan":1991.5,"jenis_tanah":"Dystrudepts","kemiringan":"15-25% (Agak Curam)","penggunaan_lahan":"Hutan","drainase_skor":0,"flood_hist":"tidak pernah banjir","slope":360.1356,"geology":"Gamping keras; Marmer (sangat curam; hindari pembangunan)","label":"sangat rendah","kelurahan":"Sodoha","warna":"#22c55e"}},{"type":"Feature","geometry":{"type":"Point","coordinates":[122.573874,-3.940573]},"properties":{"id":117,"curah_hujan":1991.5,"jenis_tanah":"Dystrudepts","kemiringan":"25-45% (Curam)","penggunaan_lahan":"Hutan","drainase_skor":0,"flood_hist":"tidak pernah banjir","slope":367.79486,"geology":"Gamping keras; Marmer (sangat curam; hindari pembangunan)","label":"sangat rendah","kelurahan":"Tidak Diketahui","warna":"#22c55e"}},{"type":"Feature","geometry":{"type":"Point","coordinates":[122.574551,-3.940807]},"properties":{"id":118,"curah_hujan":1991.5,"jenis_tanah":"Dystrudepts","kemiringan":"8-15% (Landai)","penggunaan_lahan":"Hutan","drainase_skor":0,"flood_hist":"tidak pernah banjir","slope":370.3921,"geology":"Gamping keras; Marmer (sangat curam; hindari pembangunan)","label":"sangat rendah","kelurahan":"Tidak Diketahui","warna":"#22c55e"}},{"type":"Feature","geometry":{"type":"Point","coordinates":[122.575365,-3.94067]},"properties":{"id":119,"curah_hujan":1991.5,"jenis_tanah":"Dystrudepts","kemiringan":"15-25% (Agak Curam)","penggunaan_lahan":"Hutan","drainase_skor":0,"flood_hist":"tidak pernah banjir","slope":361.6572,"geology":"Gamping keras; Marmer (sangat curam; hindari pembangunan)","label":"sangat rendah","kelurahan":"Tidak Diketahui","warna":"#22c55e"}},{"type":"Feature","geometry":{"type":"Point","coordinates":[122.576125,-3.94033]},"properties":{"id":120,"curah_hujan":1991.5,"jenis_tanah":"Dystrudepts","kemiringan":"15-25% (Agak Curam)","penggunaan_lahan":"Hutan","drainase_skor":0,"flood_hist":"tidak pernah banjir","slope":351.38797,"geology":"Gamping keras; Marmer (sangat curam; hindari pembangunan)","label":"sangat rendah","kelurahan":"Tidak Diketahui","warna":"#22c55e"}},{"type":"Feature","geometry":{"type":"Point","coordinates":[122.57647,-3.940078]},"properties":{"id":121,"curah_hujan":1991.5,"jenis_tanah":"Dystrudepts","kemiringan":"15-25% (Agak Curam)","penggunaan_lahan":"Hutan","drainase_skor":0,"flood_hist":"tidak pernah banjir","slope":346.64474,"geology":"Gamping keras; Marmer (sangat curam; hindari pembangunan)","label":"sangat rendah","kelurahan":"Tidak Diketahui","warna":"#22c55e"}},{"type":"Feature","geometry":{"type":"Point","coordinates":[122.576886,-3.939822]},"properties":{"id":122,"curah_hujan":1991.5,"jenis_tanah":"Dystrudepts","kemiringan":"15-25% (Agak Curam)","penggunaan_lahan":"Hutan","drainase_skor":0,"flood_hist":"tidak pernah banjir","slope":347.94238,"geology":"Gamping keras; Marmer (sangat curam; hindari pembangunan)","label":"sangat rendah","kelurahan":"Sanua","warna":"#22c55e"}},{"type":"Feature","geometry":{"type":"Point","coordinates":[122.57765,-3.939572]},"properties":{"id":123,"curah_hujan":1991.5,"jenis_tanah":"Dystrudepts","kemiringan":"15-25% (Agak Curam)","penggunaan_lahan":"Hutan","drainase_skor":0,"flood_hist":"tidak pernah banjir","slope":335.99533,"geology":"Gamping keras; Marmer (sangat curam; hindari pembangunan)","label":"sangat rendah","kelurahan":"Tidak Diketahui","warna":"#22c55e"}},{"type":"Feature","geometry":{"type":"Point","coordinates":[122.578459,-3.939413]},"properties":{"id":124,"curah_hujan":1991.5,"jenis_tanah":"Dystrudepts","kemiringan":"8-15% (Landai)","penggunaan_lahan":"Hutan","drainase_skor":0,"flood_hist":"tidak pernah banjir","slope":330.163,"geology":"Gamping keras; Marmer (sangat curam; hindari pembangunan)","label":"sangat rendah","kelurahan":"Dapu Dapura","warna":"#22c55e"}},{"type":"Feature","geometry":{"type":"Point","coordinates":[122.578727,-3.939317]},"properties":{"id":125,"curah_hujan":1991.5,"jenis_tanah":"Dystrudepts","kemiringan":"15-25% (Agak Curam)","penggunaan_lahan":"Hutan","drainase_skor":0,"flood_hist":"tidak pernah banjir","slope":330.48853,"geology":"Gamping keras; Marmer (sangat curam; hindari pembangunan)","label":"sangat rendah","kelurahan":"Tidak Diketahui","warna":"#22c55e"}},{"type":"Feature","geometry":{"type":"Point","coordinates":[122.578901,-3.939231]},"properties":{"id":126,"curah_hujan":1991.5,"jenis_tanah":"Dystrudepts","kemiringan":"15-25% (Agak Curam)","penggunaan_lahan":"Hutan","drainase_skor":0,"flood_hist":"tidak pernah banjir","slope":333.75757,"geology":"Gamping keras; Marmer (sangat curam; hindari pembangunan)","label":"sangat rendah","kelurahan":"Tidak Diketahui","warna":"#22c55e"}},{"type":"Feature","geometry":{"type":"Point","coordinates":[122.580033,-3.93922]},"properties":{"id":127,"curah_hujan":1991.5,"jenis_tanah":"Dystrudepts","kemiringan":">45% (Sangat Curam)","penggunaan_lahan":"Hutan","drainase_skor":0,"flood_hist":"tidak pernah banjir","slope":358.8753,"geology":"Gamping keras; Marmer (sangat curam; hindari pembangunan)","label":"sangat rendah","kelurahan":"Dapu Dapura","warna":"#22c55e"}},{"type":"Feature","geometry":{"type":"Point","coordinates":[122.581653,-3.939238]},"properties":{"id":128,"curah_hujan":1991.5,"jenis_tanah":"Dystrudepts","kemiringan":"25-45% (Curam)","penggunaan_lahan":"Hutan","drainase_skor":0,"flood_hist":"tidak pernah banjir","slope":344.5252,"geology":"Gamping keras; Marmer (sangat curam; hindari pembangunan)","label":"sangat rendah","kelurahan":"Dapu Dapura","warna":"#22c55e"}},{"type":"Feature","geometry":{"type":"Point","coordinates":[122.581885,-3.939575]},"properties":{"id":129,"curah_hujan":1991.5,"jenis_tanah":"Dystrudepts","kemiringan":"15-25% (Agak Curam)","penggunaan_lahan":"Hutan","drainase_skor":0,"flood_hist":"tidak pernah banjir","slope":327.806,"geology":"Gamping keras; Marmer (sangat curam; hindari pembangunan)","label":"sangat rendah","kelurahan":"Tidak Diketahui","warna":"#22c55e"}},{"type":"Feature","geometry":{"type":"Point","coordinates":[122.582005,-3.93984]},"properties":{"id":130,"curah_hujan":1991.5,"jenis_tanah":"Dystrudepts","kemiringan":">45% (Sangat Curam)","penggunaan_lahan":"Hutan","drainase_skor":0,"flood_hist":"tidak pernah banjir","slope":319.90793,"geology":"Gamping keras; Marmer (sangat curam; hindari pembangunan)","label":"sangat rendah","kelurahan":"Tidak Diketahui","warna":"#22c55e"}},{"type":"Feature","geometry":{"type":"Point","coordinates":[122.582127,-3.94027]},"properties":{"id":131,"curah_hujan":1991.5,"jenis_tanah":"Dystrudepts","kemiringan":">45% (Sangat Curam)","penggunaan_lahan":"Hutan","drainase_skor":0,"flood_hist":"tidak pernah banjir","slope":307.7105,"geology":"Gamping keras; Marmer (sangat curam; hindari pembangunan)","label":"sangat rendah","kelurahan":"Tidak Diketahui","warna":"#22c55e"}},{"type":"Feature","geometry":{"type":"Point","coordinates":[122.582335,-3.941157]},"properties":{"id":132,"curah_hujan":1991.5,"jenis_tanah":"Dystrudepts","kemiringan":">45% (Sangat Curam)","penggunaan_lahan":"Hutan","drainase_skor":0,"flood_hist":"tidak pernah banjir","slope":275.96817,"geology":"Gamping keras; Marmer (sangat curam; hindari pembangunan)","label":"sangat rendah","kelurahan":"Tidak Diketahui","warna":"#22c55e"}},{"type":"Feature","geometry":{"type":"Point","coordinates":[122.58254,-3.941542]},"properties":{"id":133,"curah_hujan":1991.5,"jenis_tanah":"Dystrudepts","kemiringan":">45% (Sangat Curam)","penggunaan_lahan":"Hutan","drainase_skor":0,"flood_hist":"tidak pernah banjir","slope":265.2146,"geology":"Gamping keras; Marmer (sangat curam; hindari pembangunan)","label":"sangat rendah","kelurahan":"Dapu Dapura","warna":"#22c55e"}},{"type":"Feature","geometry":{"type":"Point","coordinates":[122.582795,-3.941983]},"properties":{"id":134,"curah_hujan":1991.5,"jenis_tanah":"Dystrudepts","kemiringan":"25-45% (Curam)","penggunaan_lahan":"Hutan","drainase_skor":0,"flood_hist":"tidak pernah banjir","slope":248.7653,"geology":"Gamping keras; Marmer (sangat curam; hindari pembangunan)","label":"sangat rendah","kelurahan":"Tidak Diketahui","warna":"#22c55e"}},{"type":"Feature","geometry":{"type":"Point","coordinates":[122.583073,-3.942727]},"properties":{"id":135,"curah_hujan":1991.5,"jenis_tanah":"Dystrudepts","kemiringan":"25-45% (Curam)","penggunaan_lahan":"Hutan","drainase_skor":0,"flood_hist":"tidak pernah banjir","slope":233.34682,"geology":"Gamping keras; Marmer (sangat curam; hindari pembangunan)","label":"sangat rendah","kelurahan":"Dapu Dapura","warna":"#22c55e"}},{"type":"Feature","geometry":{"type":"Point","coordinates":[122.58318,-3.943358]},"properties":{"id":136,"curah_hujan":1991.5,"jenis_tanah":"Dystrudepts","kemiringan":"25-45% (Curam)","penggunaan_lahan":"Hutan","drainase_skor":0,"flood_hist":"tidak pernah banjir","slope":229.33604,"geology":"Gamping keras; Marmer (sangat curam; hindari pembangunan)","label":"sangat rendah","kelurahan":"Tidak Diketahui","warna":"#22c55e"}},{"type":"Feature","geometry":{"type":"Point","coordinates":[122.583222,-3.944374]},"properties":{"id":137,"curah_hujan":1991.5,"jenis_tanah":"Dystrudepts","kemiringan":">45% (Sangat Curam)","penggunaan_lahan":"Hutan","drainase_skor":0,"flood_hist":"tidak pernah banjir","slope":224.31808,"geology":"Gamping keras; Marmer (sangat curam; hindari pembangunan)","label":"sangat rendah","kelurahan":"Tidak Diketahui","warna":"#22c55e"}},{"type":"Feature","geometry":{"type":"Point","coordinates":[122.583018,-3.944833]},"properties":{"id":138,"curah_hujan":1991.5,"jenis_tanah":"Dystrudepts","kemiringan":"25-45% (Curam)","penggunaan_lahan":"Hutan","drainase_skor":0,"flood_hist":"tidak pernah banjir","slope":222.66464,"geology":"Gamping keras; Marmer (sangat curam; hindari pembangunan)","label":"sangat rendah","kelurahan":"Dapu Dapura","warna":"#22c55e"}},{"type":"Feature","geometry":{"type":"Point","coordinates":[122.582861,-3.945162]},"properties":{"id":139,"curah_hujan":1991.5,"jenis_tanah":"Dystrudepts","kemiringan":"25-45% (Curam)","penggunaan_lahan":"Hutan","drainase_skor":0,"flood_hist":"tidak pernah banjir","slope":223.5209,"geology":"Gamping keras; Marmer (sangat curam; hindari pembangunan)","label":"sangat rendah","kelurahan":"Tidak Diketahui","warna":"#22c55e"}},{"type":"Feature","geometry":{"type":"Point","coordinates":[122.582927,-3.945483]},"properties":{"id":140,"curah_hujan":1991.5,"jenis_tanah":"Dystrudepts","kemiringan":">45% (Sangat Curam)","penggunaan_lahan":"Hutan","drainase_skor":0,"flood_hist":"tidak pernah banjir","slope":222.57892,"geology":"Gamping keras; Marmer (sangat curam; hindari pembangunan)","label":"sangat rendah","kelurahan":"Dapu Dapura","warna":"#22c55e"}},{"type":"Feature","geometry":{"type":"Point","coordinates":[122.583103,-3.945858]},"properties":{"id":141,"curah_hujan":1991.5,"jenis_tanah":"Dystrudepts","kemiringan":"25-45% (Curam)","penggunaan_lahan":"Hutan","drainase_skor":0,"flood_hist":"tidak pernah banjir","slope":212.24841,"geology":"Gamping keras; Marmer (sangat curam; hindari pembangunan)","label":"sangat rendah","kelurahan":"Dapu Dapura","warna":"#22c55e"}},{"type":"Feature","geometry":{"type":"Point","coordinates":[122.583213,-3.946343]},"properties":{"id":142,"curah_hujan":1991.5,"jenis_tanah":"Dystrudepts","kemiringan":"25-45% (Curam)","penggunaan_lahan":"Hutan","drainase_skor":0,"flood_hist":"tidak pernah banjir","slope":203.93889,"geology":"Gamping keras; Marmer (sangat curam; hindari pembangunan)","label":"sangat rendah","kelurahan":"Tidak Diketahui","warna":"#22c55e"}},{"type":"Feature","geometry":{"type":"Point","coordinates":[122.583168,-3.946878]},"properties":{"id":143,"curah_hujan":1991.5,"jenis_tanah":"Dystrudepts","kemiringan":"25-45% (Curam)","penggunaan_lahan":"Hutan","drainase_skor":0,"flood_hist":"tidak pernah banjir","slope":202.31197,"geology":"Gamping keras; Marmer (sangat curam; hindari pembangunan)","label":"sangat rendah","kelurahan":"Dapu Dapura","warna":"#22c55e"}},{"type":"Feature","geometry":{"type":"Point","coordinates":[122.582995,-3.947253]},"properties":{"id":144,"curah_hujan":1991.5,"jenis_tanah":"Dystrudepts","kemiringan":"25-45% (Curam)","penggunaan_lahan":"Hutan","drainase_skor":0,"flood_hist":"tidak pernah banjir","slope":201.81479,"geology":"Gamping keras; Marmer (sangat curam; hindari pembangunan)","label":"sangat rendah","kelurahan":"Dapu Dapura","warna":"#22c55e"}},{"type":"Feature","geometry":{"type":"Point","coordinates":[122.582947,-3.947661]},"properties":{"id":145,"curah_hujan":1991.5,"jenis_tanah":"Dystrudepts","kemiringan":">45% (Sangat Curam)","penggunaan_lahan":"Hutan","drainase_skor":0,"flood_hist":"tidak pernah banjir","slope":197.36568,"geology":"Gamping keras; Marmer (sangat curam; hindari pembangunan)","label":"sangat rendah","kelurahan":"Tidak Diketahui","warna":"#22c55e"}},{"type":"Feature","geometry":{"type":"Point","coordinates":[122.583036,-3.948105]},"properties":{"id":146,"curah_hujan":1991.5,"jenis_tanah":"Dystrudepts","kemiringan":">45% (Sangat Curam)","penggunaan_lahan":"Hutan","drainase_skor":0,"flood_hist":"tidak pernah banjir","slope":199.60529,"geology":"Gamping keras; Marmer (sangat curam; hindari pembangunan)","label":"sangat rendah","kelurahan":"Dapu Dapura","warna":"#22c55e"}},{"type":"Feature","geometry":{"type":"Point","coordinates":[122.582999,-3.948589]},"properties":{"id":147,"curah_hujan":1991.5,"jenis_tanah":"Dystrudepts","kemiringan":">45% (Sangat Curam)","penggunaan_lahan":"Hutan","drainase_skor":0,"flood_hist":"tidak pernah banjir","slope":193.6658,"geology":"Gamping keras; Marmer (sangat curam; hindari pembangunan)","label":"sangat rendah","kelurahan":"Dapu Dapura","warna":"#22c55e"}},{"type":"Feature","geometry":{"type":"Point","coordinates":[122.582779,-3.949024]},"properties":{"id":148,"curah_hujan":1991.5,"jenis_tanah":"Dystrudepts","kemiringan":"25-45% (Curam)","penggunaan_lahan":"Hutan","drainase_skor":0,"flood_hist":"tidak pernah banjir","slope":188.5955,"geology":"Gamping keras; Marmer (sangat curam; hindari pembangunan)","label":"sangat rendah","kelurahan":"Tidak Diketahui","warna":"#22c55e"}},{"type":"Feature","geometry":{"type":"Point","coordinates":[122.582628,-3.949188]},"properties":{"id":149,"curah_hujan":1991.5,"jenis_tanah":"Dystrudepts","kemiringan":"15-25% (Agak Curam)","penggunaan_lahan":"Hutan","drainase_skor":0,"flood_hist":"tidak pernah banjir","slope":185.8172,"geology":"Gamping keras; Marmer (sangat curam; hindari pembangunan)","label":"sangat rendah","kelurahan":"Tidak Diketahui","warna":"#22c55e"}},{"type":"Feature","geometry":{"type":"Point","coordinates":[122.582509,-3.949368]},"properties":{"id":150,"curah_hujan":1991.5,"jenis_tanah":"Dystrudepts","kemiringan":"15-25% (Agak Curam)","penggunaan_lahan":"Hutan","drainase_skor":0,"flood_hist":"tidak pernah banjir","slope":182.59991,"geology":"Gamping keras; Marmer (sangat curam; hindari pembangunan)","label":"sangat rendah","kelurahan":"Tidak Diketahui","warna":"#22c55e"}},{"type":"Feature","geometry":{"type":"Point","coordinates":[122.582427,-3.949581]},"properties":{"id":151,"curah_hujan":1991.5,"jenis_tanah":"Dystrudepts","kemiringan":"25-45% (Curam)","penggunaan_lahan":"Hutan","drainase_skor":0,"flood_hist":"tidak pernah banjir","slope":180.07913,"geology":"Gamping keras; Marmer (sangat curam; hindari pembangunan)","label":"sangat rendah","kelurahan":"Dapu Dapura","warna":"#22c55e"}},{"type":"Feature","geometry":{"type":"Point","coordinates":[122.582278,-3.950065]},"properties":{"id":152,"curah_hujan":1991.5,"jenis_tanah":"Dystrudepts","kemiringan":"15-25% (Agak Curam)","penggunaan_lahan":"Hutan","drainase_skor":0,"flood_hist":"tidak pernah banjir","slope":178.62782,"geology":"Gamping keras; Marmer (sangat curam; hindari pembangunan)","label":"sangat rendah","kelurahan":"Dapu Dapura","warna":"#22c55e"}},{"type":"Feature","geometry":{"type":"Point","coordinates":[122.582064,-3.950329]},"properties":{"id":153,"curah_hujan":1991.5,"jenis_tanah":"Dystrudepts","kemiringan":"25-45% (Curam)","penggunaan_lahan":"Hutan","drainase_skor":0,"flood_hist":"tidak pernah banjir","slope":174.8564,"geology":"Gamping keras; Marmer (sangat curam; hindari pembangunan)","label":"sangat rendah","kelurahan":"Tidak Diketahui","warna":"#22c55e"}},{"type":"Feature","geometry":{"type":"Point","coordinates":[122.581817,-3.950599]},"properties":{"id":154,"curah_hujan":1991.5,"jenis_tanah":"Dystrudepts","kemiringan":"15-25% (Agak Curam)","penggunaan_lahan":"Hutan","drainase_skor":0,"flood_hist":"tidak pernah banjir","slope":170.77173,"geology":"Gamping keras; Marmer (sangat curam; hindari pembangunan)","label":"sangat rendah","kelurahan":"Dapu Dapura","warna":"#22c55e"}},{"type":"Feature","geometry":{"type":"Point","coordinates":[122.581734,-3.950758]},"properties":{"id":155,"curah_hujan":1991.5,"jenis_tanah":"Dystrudepts","kemiringan":"15-25% (Agak Curam)","penggunaan_lahan":"Hutan","drainase_skor":0,"flood_hist":"tidak pernah banjir","slope":168.90533,"geology":"Gamping keras; Marmer (sangat curam; hindari pembangunan)","label":"sangat rendah","kelurahan":"Tidak Diketahui","warna":"#22c55e"}},{"type":"Feature","geometry":{"type":"Point","coordinates":[122.581706,-3.950834]},"properties":{"id":156,"curah_hujan":1991.5,"jenis_tanah":"Dystrudepts","kemiringan":"15-25% (Agak Curam)","penggunaan_lahan":"Hutan","drainase_skor":0,"flood_hist":"tidak pernah banjir","slope":167.99522,"geology":"Gamping keras; Marmer (sangat curam; hindari pembangunan)","label":"sangat rendah","kelurahan":"Tidak Diketahui","warna":"#22c55e"}},{"type":"Feature","geometry":{"type":"Point","coordinates":[122.581686,-3.950955]},"properties":{"id":157,"curah_hujan":1991.5,"jenis_tanah":"Dystrudepts","kemiringan":"25-45% (Curam)","penggunaan_lahan":"Hutan","drainase_skor":0,"flood_hist":"tidak pernah banjir","slope":167.35547,"geology":"Gamping keras; Marmer (sangat curam; hindari pembangunan)","label":"sangat rendah","kelurahan":"Tidak Diketahui","warna":"#22c55e"}},{"type":"Feature","geometry":{"type":"Point","coordinates":[122.581682,-3.951168]},"properties":{"id":158,"curah_hujan":1991.5,"jenis_tanah":"Dystrudepts","kemiringan":"25-45% (Curam)","penggunaan_lahan":"Hutan","drainase_skor":0,"flood_hist":"tidak pernah banjir","slope":169.30698,"geology":"Gamping keras; Marmer (sangat curam; hindari pembangunan)","label":"sangat rendah","kelurahan":"Dapu Dapura","warna":"#22c55e"}},{"type":"Feature","geometry":{"type":"Point","coordinates":[122.581722,-3.95136]},"properties":{"id":159,"curah_hujan":1991.5,"jenis_tanah":"Dystrudepts","kemiringan":">45% (Sangat Curam)","penggunaan_lahan":"Hutan","drainase_skor":0,"flood_hist":"tidak pernah banjir","slope":169.28271,"geology":"Gamping keras; Marmer (sangat curam; hindari pembangunan)","label":"sangat rendah","kelurahan":"Dapu Dapura","warna":"#22c55e"}},{"type":"Feature","geometry":{"type":"Point","coordinates":[122.581804,-3.951512]},"properties":{"id":160,"curah_hujan":1991.5,"jenis_tanah":"Dystrudepts","kemiringan":"25-45% (Curam)","penggunaan_lahan":"Hutan","drainase_skor":0,"flood_hist":"tidak pernah banjir","slope":164.44337,"geology":"Gamping keras; Marmer (sangat curam; hindari pembangunan)","label":"sangat rendah","kelurahan":"Dapu Dapura","warna":"#22c55e"}},{"type":"Feature","geometry":{"type":"Point","coordinates":[122.581952,-3.951622]},"properties":{"id":161,"curah_hujan":1991.5,"jenis_tanah":"Dystrudepts","kemiringan":"25-45% (Curam)","penggunaan_lahan":"Hutan","drainase_skor":0,"flood_hist":"tidak pernah banjir","slope":160.24815,"geology":"Gamping keras; Marmer (sangat curam; hindari pembangunan)","label":"sangat rendah","kelurahan":"Tidak Diketahui","warna":"#22c55e"}},{"type":"Feature","geometry":{"type":"Point","coordinates":[122.582022,-3.951642]},"properties":{"id":162,"curah_hujan":1991.5,"jenis_tanah":"Dystrudepts","kemiringan":"8-15% (Landai)","penggunaan_lahan":"Hutan","drainase_skor":0,"flood_hist":"tidak pernah banjir","slope":158.35109,"geology":"Gamping keras; Marmer (sangat curam; hindari pembangunan)","label":"sangat rendah","kelurahan":"Tidak Diketahui","warna":"#22c55e"}},{"type":"Feature","geometry":{"type":"Point","coordinates":[122.582189,-3.951668]},"properties":{"id":163,"curah_hujan":1991.5,"jenis_tanah":"Dystrudepts","kemiringan":"8-15% (Landai)","penggunaan_lahan":"Hutan","drainase_skor":0,"flood_hist":"tidak pernah banjir","slope":157.2739,"geology":"Gamping keras; Marmer (sangat curam; hindari pembangunan)","label":"sangat rendah","kelurahan":"Tidak Diketahui","warna":"#22c55e"}},{"type":"Feature","geometry":{"type":"Point","coordinates":[122.582366,-3.951681]},"properties":{"id":164,"curah_hujan":1991.5,"jenis_tanah":"Dystrudepts","kemiringan":"15-25% (Agak Curam)","penggunaan_lahan":"Hutan","drainase_skor":0,"flood_hist":"tidak pernah banjir","slope":155.73817,"geology":"Gamping keras; Marmer (sangat curam; hindari pembangunan)","label":"sangat rendah","kelurahan":"Tidak Diketahui","warna":"#22c55e"}},{"type":"Feature","geometry":{"type":"Point","coordinates":[122.582528,-3.951715]},"properties":{"id":165,"curah_hujan":1991.5,"jenis_tanah":"Dystrudepts","kemiringan":"15-25% (Agak Curam)","penggunaan_lahan":"Hutan","drainase_skor":0,"flood_hist":"tidak pernah banjir","slope":155.76549,"geology":"Gamping keras; Marmer (sangat curam; hindari pembangunan)","label":"sangat rendah","kelurahan":"Tidak Diketahui","warna":"#22c55e"}},{"type":"Feature","geometry":{"type":"Point","coordinates":[122.582671,-3.951767]},"properties":{"id":166,"curah_hujan":1991.5,"jenis_tanah":"Dystrudepts","kemiringan":"15-25% (Agak Curam)","penggunaan_lahan":"Hutan","drainase_skor":0,"flood_hist":"tidak pernah banjir","slope":154.90932,"geology":"Gamping keras; Marmer (sangat curam; hindari pembangunan)","label":"sangat rendah","kelurahan":"Dapu Dapura","warna":"#22c55e"}},{"type":"Feature","geometry":{"type":"Point","coordinates":[122.582801,-3.951863]},"properties":{"id":167,"curah_hujan":1991.5,"jenis_tanah":"Dystrudepts","kemiringan":"25-45% (Curam)","penggunaan_lahan":"Hutan","drainase_skor":0,"flood_hist":"tidak pernah banjir","slope":151.95685,"geology":"Gamping keras; Marmer (sangat curam; hindari pembangunan)","label":"sangat rendah","kelurahan":"Dapu Dapura","warna":"#22c55e"}},{"type":"Feature","geometry":{"type":"Point","coordinates":[122.582872,-3.951934]},"properties":{"id":168,"curah_hujan":1991.5,"jenis_tanah":"Dystrudepts","kemiringan":"25-45% (Curam)","penggunaan_lahan":"Hutan","drainase_skor":0,"flood_hist":"tidak pernah banjir","slope":150.80788,"geology":"Gamping keras; Marmer (sangat curam; hindari pembangunan)","label":"sangat rendah","kelurahan":"Tidak Diketahui","warna":"#22c55e"}},{"type":"Feature","geometry":{"type":"Point","coordinates":[122.583015,-3.952107]},"properties":{"id":169,"curah_hujan":1991.5,"jenis_tanah":"Dystrudepts","kemiringan":"25-45% (Curam)","penggunaan_lahan":"Hutan","drainase_skor":0,"flood_hist":"tidak pernah banjir","slope":152.08604,"geology":"Gamping keras; Marmer (sangat curam; hindari pembangunan)","label":"sangat rendah","kelurahan":"Tidak Diketahui","warna":"#22c55e"}},{"type":"Feature","geometry":{"type":"Point","coordinates":[122.583123,-3.952188]},"properties":{"id":170,"curah_hujan":1991.5,"jenis_tanah":"Dystrudepts","kemiringan":"25-45% (Curam)","penggunaan_lahan":"Hutan","drainase_skor":0,"flood_hist":"tidak pernah banjir","slope":151.312,"geology":"Gamping keras; Marmer (sangat curam; hindari pembangunan)","label":"sangat rendah","kelurahan":"Dapu Dapura","warna":"#22c55e"}},{"type":"Feature","geometry":{"type":"Point","coordinates":[122.583244,-3.952268]},"properties":{"id":171,"curah_hujan":1991.5,"jenis_tanah":"Dystrudepts","kemiringan":"25-45% (Curam)","penggunaan_lahan":"Hutan","drainase_skor":0,"flood_hist":"tidak pernah banjir","slope":149.68057,"geology":"Gamping keras; Marmer (sangat curam; hindari pembangunan)","label":"sangat rendah","kelurahan":"Tidak Diketahui","warna":"#22c55e"}},{"type":"Feature","geometry":{"type":"Point","coordinates":[122.583383,-3.952344]},"properties":{"id":172,"curah_hujan":1991.5,"jenis_tanah":"Dystrudepts","kemiringan":"25-45% (Curam)","penggunaan_lahan":"Hutan","drainase_skor":0,"flood_hist":"tidak pernah banjir","slope":150.3776,"geology":"Gamping keras; Marmer (sangat curam; hindari pembangunan)","label":"sangat rendah","kelurahan":"Tidak Diketahui","warna":"#22c55e"}},{"type":"Feature","geometry":{"type":"Point","coordinates":[122.583529,-3.952451]},"properties":{"id":173,"curah_hujan":1991.5,"jenis_tanah":"Dystrudepts","kemiringan":"25-45% (Curam)","penggunaan_lahan":"Hutan","drainase_skor":0,"flood_hist":"tidak pernah banjir","slope":151.99498,"geology":"Gamping keras; Marmer (sangat curam; hindari pembangunan)","label":"sangat rendah","kelurahan":"Tidak Diketahui","warna":"#22c55e"}},{"type":"Feature","geometry":{"type":"Point","coordinates":[122.583587,-3.952516]},"properties":{"id":174,"curah_hujan":1991.5,"jenis_tanah":"Dystrudepts","kemiringan":"15-25% (Agak Curam)","penggunaan_lahan":"Hutan","drainase_skor":0,"flood_hist":"tidak pernah banjir","slope":152.64124,"geology":"Gamping keras; Marmer (sangat curam; hindari pembangunan)","label":"sangat rendah","kelurahan":"Dapu Dapura","warna":"#22c55e"}},{"type":"Feature","geometry":{"type":"Point","coordinates":[122.58367,-3.952652]},"properties":{"id":175,"curah_hujan":1991.5,"jenis_tanah":"Dystrudepts","kemiringan":"15-25% (Agak Curam)","penggunaan_lahan":"Hutan","drainase_skor":0,"flood_hist":"tidak pernah banjir","slope":152.0081,"geology":"Gamping keras; Marmer (sangat curam; hindari pembangunan)","label":"sangat rendah","kelurahan":"Dapu Dapura","warna":"#22c55e"}},{"type":"Feature","geometry":{"type":"Point","coordinates":[122.583739,-3.952852]},"properties":{"id":176,"curah_hujan":1991.5,"jenis_tanah":"Dystrudepts","kemiringan":"25-45% (Curam)","penggunaan_lahan":"Hutan","drainase_skor":0,"flood_hist":"tidak pernah banjir","slope":149.27684,"geology":"Gamping keras; Marmer (sangat curam; hindari pembangunan)","label":"sangat rendah","kelurahan":"Dapu Dapura","warna":"#22c55e"}},{"type":"Feature","geometry":{"type":"Point","coordinates":[122.583777,-3.953203]},"properties":{"id":177,"curah_hujan":1991.5,"jenis_tanah":"Dystrudepts","kemiringan":">45% (Sangat Curam)","penggunaan_lahan":"Hutan","drainase_skor":0,"flood_hist":"tidak pernah banjir","slope":143.78865,"geology":"Gamping keras; Marmer (sangat curam; hindari pembangunan)","label":"sangat rendah","kelurahan":"Dapu Dapura","warna":"#22c55e"}},{"type":"Feature","geometry":{"type":"Point","coordinates":[122.583786,-3.953389]},"properties":{"id":178,"curah_hujan":1991.5,"jenis_tanah":"Dystrudepts","kemiringan":">45% (Sangat Curam)","penggunaan_lahan":"Hutan","drainase_skor":0,"flood_hist":"tidak pernah banjir","slope":141.42857,"geology":"Gamping keras; Marmer (sangat curam; hindari pembangunan)","label":"sangat rendah","kelurahan":"Tidak Diketahui","warna":"#22c55e"}},{"type":"Feature","geometry":{"type":"Point","coordinates":[122.58376,-3.95369]},"properties":{"id":179,"curah_hujan":1991.5,"jenis_tanah":"Dystrudepts","kemiringan":">45% (Sangat Curam)","penggunaan_lahan":"Hutan","drainase_skor":0,"flood_hist":"tidak pernah banjir","slope":140.95137,"geology":"Gamping keras; Marmer (sangat curam; hindari pembangunan)","label":"sangat rendah","kelurahan":"Dapu Dapura","warna":"#22c55e"}},{"type":"Feature","geometry":{"type":"Point","coordinates":[122.583711,-3.953837]},"properties":{"id":180,"curah_hujan":1991.5,"jenis_tanah":"Dystrudepts","kemiringan":"25-45% (Curam)","penggunaan_lahan":"Hutan","drainase_skor":0,"flood_hist":"tidak pernah banjir","slope":140.71632,"geology":"Gamping keras; Marmer (sangat curam; hindari pembangunan)","label":"sangat rendah","kelurahan":"Tidak Diketahui","warna":"#22c55e"}},{"type":"Feature","geometry":{"type":"Point","coordinates":[122.583565,-3.954766]},"properties":{"id":181,"curah_hujan":1991.5,"jenis_tanah":"Dystrudepts","kemiringan":"15-25% (Agak Curam)","penggunaan_lahan":"Hutan","drainase_skor":0,"flood_hist":"tidak pernah banjir","slope":140.96562,"geology":"Gamping keras; Marmer (sangat curam; hindari pembangunan)","label":"sangat rendah","kelurahan":"Tidak Diketahui","warna":"#22c55e"}},{"type":"Feature","geometry":{"type":"Point","coordinates":[122.583088,-3.957024]},"properties":{"id":182,"curah_hujan":1991.5,"jenis_tanah":"Dystrudepts","kemiringan":">45% (Sangat Curam)","penggunaan_lahan":"Hutan","drainase_skor":0,"flood_hist":"tidak pernah banjir","slope":146.00919,"geology":"Gamping keras; Marmer (sangat curam; hindari pembangunan)","label":"sangat rendah","kelurahan":"Tidak Diketahui","warna":"#22c55e"}},{"type":"Feature","geometry":{"type":"Point","coordinates":[122.583088,-3.957146]},"properties":{"id":183,"curah_hujan":1991.5,"jenis_tanah":"Dystrudepts","kemiringan":">45% (Sangat Curam)","penggunaan_lahan":"Hutan","drainase_skor":0,"flood_hist":"tidak pernah banjir","slope":146.71585,"geology":"Gamping keras; Marmer (sangat curam; hindari pembangunan)","label":"sangat rendah","kelurahan":"Tidak Diketahui","warna":"#22c55e"}},{"type":"Feature","geometry":{"type":"Point","coordinates":[122.58279,-3.958226]},"properties":{"id":184,"curah_hujan":1991.5,"jenis_tanah":"Dystrudepts","kemiringan":"25-45% (Curam)","penggunaan_lahan":"Hutan","drainase_skor":0,"flood_hist":"tidak pernah banjir","slope":150.88943,"geology":"Gamping keras; Marmer (sangat curam; hindari pembangunan)","label":"sangat rendah","kelurahan":"Tidak Diketahui","warna":"#22c55e"}},{"type":"Feature","geometry":{"type":"Point","coordinates":[122.582716,-3.958652]},"properties":{"id":185,"curah_hujan":1991.5,"jenis_tanah":"Dystrudepts","kemiringan":"25-45% (Curam)","penggunaan_lahan":"Hutan","drainase_skor":0,"flood_hist":"tidak pernah banjir","slope":145.35037,"geology":"Gamping keras; Marmer (sangat curam; hindari pembangunan)","label":"sangat rendah","kelurahan":"Tidak Diketahui","warna":"#22c55e"}},{"type":"Feature","geometry":{"type":"Point","coordinates":[122.582887,-3.959326]},"properties":{"id":186,"curah_hujan":1991.5,"jenis_tanah":"Dystrudepts","kemiringan":"15-25% (Agak Curam)","penggunaan_lahan":"Hutan","drainase_skor":0,"flood_hist":"tidak pernah banjir","slope":129.90451,"geology":"Gamping keras; Marmer (sangat curam; hindari pembangunan)","label":"sangat rendah","kelurahan":"Dapu Dapura","warna":"#22c55e"}},{"type":"Feature","geometry":{"type":"Point","coordinates":[122.582974,-3.959501]},"properties":{"id":187,"curah_hujan":1991.5,"jenis_tanah":"Dystrudepts","kemiringan":"15-25% (Agak Curam)","penggunaan_lahan":"Hutan","drainase_skor":0,"flood_hist":"tidak pernah banjir","slope":126.113,"geology":"Gamping keras; Marmer (sangat curam; hindari pembangunan)","label":"sangat rendah","kelurahan":"Dapu Dapura","warna":"#22c55e"}},{"type":"Feature","geometry":{"type":"Point","coordinates":[122.583132,-3.959945]},"properties":{"id":188,"curah_hujan":1991.5,"jenis_tanah":"Dystrudepts","kemiringan":"25-45% (Curam)","penggunaan_lahan":"Hutan","drainase_skor":0,"flood_hist":"tidak pernah banjir","slope":114.4099,"geology":"Gamping keras; Marmer (sangat curam; hindari pembangunan)","label":"sangat rendah","kelurahan":"Dapu Dapura","warna":"#22c55e"}},{"type":"Feature","geometry":{"type":"Point","coordinates":[122.583074,-3.960844]},"properties":{"id":189,"curah_hujan":1991.5,"jenis_tanah":"Dystrudepts","kemiringan":"8-15% (Landai)","penggunaan_lahan":"Hutan","drainase_skor":0,"flood_hist":"tidak pernah banjir","slope":133.6284,"geology":"Gamping keras; Marmer (sangat curam; hindari pembangunan)","label":"sangat rendah","kelurahan":"Tidak Diketahui","warna":"#22c55e"}},{"type":"Feature","geometry":{"type":"Point","coordinates":[122.583542,-3.961873]},"properties":{"id":190,"curah_hujan":1991.5,"jenis_tanah":"Dystrudepts","kemiringan":"25-45% (Curam)","penggunaan_lahan":"Hutan","drainase_skor":0,"flood_hist":"tidak pernah banjir","slope":118.874084,"geology":"Gamping keras; Marmer (sangat curam; hindari pembangunan)","label":"sangat rendah","kelurahan":"Dapu Dapura","warna":"#22c55e"}},{"type":"Feature","geometry":{"type":"Point","coordinates":[122.583596,-3.962189]},"properties":{"id":191,"curah_hujan":1991.5,"jenis_tanah":"Dystrudepts","kemiringan":"15-25% (Agak Curam)","penggunaan_lahan":"Hutan","drainase_skor":0,"flood_hist":"tidak pernah banjir","slope":116.023834,"geology":"Gamping keras; Marmer (sangat curam; hindari pembangunan)","label":"sangat rendah","kelurahan":"Tidak Diketahui","warna":"#22c55e"}},{"type":"Feature","geometry":{"type":"Point","coordinates":[122.583681,-3.962597]},"properties":{"id":192,"curah_hujan":1991.5,"jenis_tanah":"Dystrudepts","kemiringan":"25-45% (Curam)","penggunaan_lahan":"Hutan","drainase_skor":0,"flood_hist":"tidak pernah banjir","slope":107.59142,"geology":"Gamping keras; Marmer (sangat curam; hindari pembangunan)","label":"sangat rendah","kelurahan":"Dapu Dapura","warna":"#22c55e"}},{"type":"Feature","geometry":{"type":"Point","coordinates":[122.583652,-3.962771]},"properties":{"id":193,"curah_hujan":1991.5,"jenis_tanah":"Dystrudepts","kemiringan":"25-45% (Curam)","penggunaan_lahan":"Hutan","drainase_skor":0,"flood_hist":"tidak pernah banjir","slope":103.49318,"geology":"Gamping keras; Marmer (sangat curam; hindari pembangunan)","label":"sangat rendah","kelurahan":"Tidak Diketahui","warna":"#22c55e"}},{"type":"Feature","geometry":{"type":"Point","coordinates":[122.583656,-3.962978]},"properties":{"id":194,"curah_hujan":1991.5,"jenis_tanah":"Dystrudepts","kemiringan":"25-45% (Curam)","penggunaan_lahan":"Hutan","drainase_skor":0,"flood_hist":"tidak pernah banjir","slope":101.2232,"geology":"Gamping keras; Marmer (sangat curam; hindari pembangunan)","label":"sangat rendah","kelurahan":"Tidak Diketahui","warna":"#22c55e"}},{"type":"Feature","geometry":{"type":"Point","coordinates":[122.583689,-3.963202]},"properties":{"id":195,"curah_hujan":1991.5,"jenis_tanah":"Dystrudepts","kemiringan":"25-45% (Curam)","penggunaan_lahan":"Hutan","drainase_skor":0,"flood_hist":"tidak pernah banjir","slope":100.0745,"geology":"Gamping keras; Marmer (sangat curam; hindari pembangunan)","label":"sangat rendah","kelurahan":"Dapu Dapura","warna":"#22c55e"}},{"type":"Feature","geometry":{"type":"Point","coordinates":[122.583751,-3.963704]},"properties":{"id":196,"curah_hujan":1991.5,"jenis_tanah":"Dystrudepts","kemiringan":"25-45% (Curam)","penggunaan_lahan":"Hutan","drainase_skor":0,"flood_hist":"tidak pernah banjir","slope":94.54345,"geology":"Gamping keras; Marmer (sangat curam; hindari pembangunan)","label":"sangat rendah","kelurahan":"Dapu Dapura","warna":"#22c55e"}},{"type":"Feature","geometry":{"type":"Point","coordinates":[122.583722,-3.964105]},"properties":{"id":197,"curah_hujan":1991.5,"jenis_tanah":"Dystrudepts","kemiringan":"15-25% (Agak Curam)","penggunaan_lahan":"Hutan","drainase_skor":0,"flood_hist":"tidak pernah banjir","slope":84.90512,"geology":"Gamping keras; Marmer (sangat curam; hindari pembangunan)","label":"sangat rendah","kelurahan":"Tidak Diketahui","warna":"#22c55e"}},{"type":"Feature","geometry":{"type":"Point","coordinates":[122.583584,-3.964365]},"properties":{"id":198,"curah_hujan":1991.5,"jenis_tanah":"Dystrudepts","kemiringan":"25-45% (Curam)","penggunaan_lahan":"Hutan","drainase_skor":0,"flood_hist":"tidak pernah banjir","slope":80.498116,"geology":"Gamping keras; Marmer (sangat curam; hindari pembangunan)","label":"sangat rendah","kelurahan":"Tidak Diketahui","warna":"#22c55e"}},{"type":"Feature","geometry":{"type":"Point","coordinates":[122.583437,-3.964545]},"properties":{"id":199,"curah_hujan":1991.5,"jenis_tanah":"Dystrudepts","kemiringan":"0-8% (Datar)","penggunaan_lahan":"Hutan","drainase_skor":0,"flood_hist":"tidak pernah banjir","slope":79.48155,"geology":"Gamping keras; Marmer (sangat curam; hindari pembangunan)","label":"sangat rendah","kelurahan":"Tidak Diketahui","warna":"#22c55e"}},{"type":"Feature","geometry":{"type":"Point","coordinates":[122.583236,-3.964764]},"properties":{"id":200,"curah_hujan":1991.5,"jenis_tanah":"Dystrudepts","kemiringan":"15-25% (Agak Curam)","penggunaan_lahan":"Hutan","drainase_skor":0,"flood_hist":"tidak pernah banjir","slope":76.48118,"geology":"Gamping keras; Marmer (sangat curam; hindari pembangunan)","label":"sangat rendah","kelurahan":"Dapu Dapura","warna":"#22c55e"}},{"type":"Feature","geometry":{"type":"Point","coordinates":[122.583167,-3.964922]},"properties":{"id":201,"curah_hujan":1991.5,"jenis_tanah":"Dystrudepts","kemiringan":"15-25% (Agak Curam)","penggunaan_lahan":"Hutan","drainase_skor":0,"flood_hist":"tidak pernah banjir","slope":76.03592,"geology":"Gamping keras; Marmer (sangat curam; hindari pembangunan)","label":"sangat rendah","kelurahan":"Dapu Dapura","warna":"#22c55e"}},{"type":"Feature","geometry":{"type":"Point","coordinates":[122.583151,-3.965283]},"properties":{"id":202,"curah_hujan":1991.5,"jenis_tanah":"Dystrudepts","kemiringan":"15-25% (Agak Curam)","penggunaan_lahan":"Hutan","drainase_skor":0,"flood_hist":"tidak pernah banjir","slope":75.50916,"geology":"Gamping keras; Marmer (sangat curam; hindari pembangunan)","label":"sangat rendah","kelurahan":"Tidak Diketahui","warna":"#22c55e"}},{"type":"Feature","geometry":{"type":"Point","coordinates":[122.583103,-3.965399]},"properties":{"id":203,"curah_hujan":1991.5,"jenis_tanah":"Dystrudepts","kemiringan":"15-25% (Agak Curam)","penggunaan_lahan":"Hutan","drainase_skor":0,"flood_hist":"tidak pernah banjir","slope":74.52766,"geology":"Gamping keras; Marmer (sangat curam; hindari pembangunan)","label":"sangat rendah","kelurahan":"Dapu Dapura","warna":"#22c55e"}},{"type":"Feature","geometry":{"type":"Point","coordinates":[122.582968,-3.965495]},"properties":{"id":204,"curah_hujan":1991.5,"jenis_tanah":"Dystrudepts","kemiringan":"25-45% (Curam)","penggunaan_lahan":"Hutan","drainase_skor":0,"flood_hist":"tidak pernah banjir","slope":72.65572,"geology":"Gamping keras; Marmer (sangat curam; hindari pembangunan)","label":"sangat rendah","kelurahan":"Tidak Diketahui","warna":"#22c55e"}},{"type":"Feature","geometry":{"type":"Point","coordinates":[122.582888,-3.96551]},"properties":{"id":205,"curah_hujan":1991.5,"jenis_tanah":"Dystrudepts","kemiringan":"25-45% (Curam)","penggunaan_lahan":"Hutan","drainase_skor":0,"flood_hist":"tidak pernah banjir","slope":71.43074,"geology":"Gamping keras; Marmer (sangat curam; hindari pembangunan)","label":"sangat rendah","kelurahan":"Tidak Diketahui","warna":"#22c55e"}},{"type":"Feature","geometry":{"type":"Point","coordinates":[122.582719,-3.96554]},"properties":{"id":206,"curah_hujan":1991.5,"jenis_tanah":"Dystrudepts","kemiringan":">45% (Sangat Curam)","penggunaan_lahan":"Hutan","drainase_skor":0,"flood_hist":"tidak pernah banjir","slope":70.55659,"geology":"Gamping keras; Marmer (sangat curam; hindari pembangunan)","label":"sangat rendah","kelurahan":"Dapu Dapura","warna":"#22c55e"}},{"type":"Feature","geometry":{"type":"Point","coordinates":[122.582417,-3.96551]},"properties":{"id":207,"curah_hujan":1991.5,"jenis_tanah":"Dystrudepts","kemiringan":"25-45% (Curam)","penggunaan_lahan":"Hutan","drainase_skor":0,"flood_hist":"tidak pernah banjir","slope":73.78039,"geology":"Gamping keras; Marmer (sangat curam; hindari pembangunan)","label":"sangat rendah","kelurahan":"Tidak Diketahui","warna":"#22c55e"}},{"type":"Feature","geometry":{"type":"Point","coordinates":[122.582005,-3.965469]},"properties":{"id":208,"curah_hujan":1991.5,"jenis_tanah":"Dystrudepts","kemiringan":"15-25% (Agak Curam)","penggunaan_lahan":"Hutan","drainase_skor":0,"flood_hist":"tidak pernah banjir","slope":66.77102,"geology":"Gamping keras; Marmer (sangat curam; hindari pembangunan)","label":"sangat rendah","kelurahan":"Dapu Dapura","warna":"#22c55e"}},{"type":"Feature","geometry":{"type":"Point","coordinates":[122.581764,-3.965493]},"properties":{"id":209,"curah_hujan":1991.5,"jenis_tanah":"Dystrudepts","kemiringan":"25-45% (Curam)","penggunaan_lahan":"Hutan","drainase_skor":0,"flood_hist":"tidak pernah banjir","slope":65.91621,"geology":"Gamping keras; Marmer (sangat curam; hindari pembangunan)","label":"sangat rendah","kelurahan":"Tidak Diketahui","warna":"#22c55e"}},{"type":"Feature","geometry":{"type":"Point","coordinates":[122.581461,-3.965611]},"properties":{"id":210,"curah_hujan":1991.5,"jenis_tanah":"Dystrudepts","kemiringan":"15-25% (Agak Curam)","penggunaan_lahan":"Hutan","drainase_skor":0,"flood_hist":"tidak pernah banjir","slope":69.91549,"geology":"Gamping keras; Marmer (sangat curam; hindari pembangunan)","label":"sangat rendah","kelurahan":"Tidak Diketahui","warna":"#22c55e"}},{"type":"Feature","geometry":{"type":"Point","coordinates":[122.581281,-3.965677]},"properties":{"id":211,"curah_hujan":1991.5,"jenis_tanah":"Dystrudepts","kemiringan":"15-25% (Agak Curam)","penggunaan_lahan":"Hutan","drainase_skor":0,"flood_hist":"tidak pernah banjir","slope":67.5515,"geology":"Gamping keras; Marmer (sangat curam; hindari pembangunan)","label":"sangat rendah","kelurahan":"Dapu Dapura","warna":"#22c55e"}},{"type":"Feature","geometry":{"type":"Point","coordinates":[122.581061,-3.965696]},"properties":{"id":212,"curah_hujan":1991.5,"jenis_tanah":"Dystrudepts","kemiringan":"15-25% (Agak Curam)","penggunaan_lahan":"Hutan","drainase_skor":0,"flood_hist":"tidak pernah banjir","slope":64.89795,"geology":"Gamping keras; Marmer (sangat curam; hindari pembangunan)","label":"sangat rendah","kelurahan":"Dapu Dapura","warna":"#22c55e"}},{"type":"Feature","geometry":{"type":"Point","coordinates":[122.580993,-3.96568]},"properties":{"id":213,"curah_hujan":1991.5,"jenis_tanah":"Dystrudepts","kemiringan":"8-15% (Landai)","penggunaan_lahan":"Hutan","drainase_skor":0,"flood_hist":"tidak pernah banjir","slope":63.374752,"geology":"Gamping keras; Marmer (sangat curam; hindari pembangunan)","label":"sangat rendah","kelurahan":"Tidak Diketahui","warna":"#22c55e"}},{"type":"Feature","geometry":{"type":"Point","coordinates":[122.580865,-3.965649]},"properties":{"id":214,"curah_hujan":1991.5,"jenis_tanah":"Dystrudepts","kemiringan":"8-15% (Landai)","penggunaan_lahan":"Hutan","drainase_skor":0,"flood_hist":"tidak pernah banjir","slope":58.80021,"geology":"Gamping keras; Marmer (sangat curam; hindari pembangunan)","label":"sangat rendah","kelurahan":"Tidak Diketahui","warna":"#22c55e"}},{"type":"Feature","geometry":{"type":"Point","coordinates":[122.580617,-3.965717]},"properties":{"id":215,"curah_hujan":1991.5,"jenis_tanah":"Dystrudepts","kemiringan":"0-8% (Datar)","penggunaan_lahan":"Hutan","drainase_skor":0,"flood_hist":"tidak pernah banjir","slope":60.195766,"geology":"Gamping keras; Marmer (sangat curam; hindari pembangunan)","label":"sangat rendah","kelurahan":"Dapu Dapura","warna":"#22c55e"}},{"type":"Feature","geometry":{"type":"Point","coordinates":[122.5805,-3.965908]},"properties":{"id":216,"curah_hujan":1991.5,"jenis_tanah":"Dystrudepts","kemiringan":">45% (Sangat Curam)","penggunaan_lahan":"Hutan","drainase_skor":0,"flood_hist":"tidak pernah banjir","slope":69.26212,"geology":"Gamping keras; Marmer (sangat curam; hindari pembangunan)","label":"sangat rendah","kelurahan":"Dapu Dapura","warna":"#22c55e"}},{"type":"Feature","geometry":{"type":"Point","coordinates":[122.580534,-3.966093]},"properties":{"id":217,"curah_hujan":1991.5,"jenis_tanah":"Dystrudepts","kemiringan":"25-45% (Curam)","penggunaan_lahan":"Hutan","drainase_skor":0,"flood_hist":"tidak pernah banjir","slope":79.154465,"geology":"Gamping keras; Marmer (sangat curam; hindari pembangunan)","label":"sangat rendah","kelurahan":"Dapu Dapura","warna":"#22c55e"}},{"type":"Feature","geometry":{"type":"Point","coordinates":[122.580495,-3.966483]},"properties":{"id":218,"curah_hujan":1991.5,"jenis_tanah":"Dystrudepts","kemiringan":"0-8% (Datar)","penggunaan_lahan":"Hutan","drainase_skor":0,"flood_hist":"tidak pernah banjir","slope":82.40664,"geology":"Gamping keras; Marmer (sangat curam; hindari pembangunan)","label":"sangat rendah","kelurahan":"Dapu Dapura","warna":"#22c55e"}},{"type":"Feature","geometry":{"type":"Point","coordinates":[122.580461,-3.966886]},"properties":{"id":219,"curah_hujan":1991.5,"jenis_tanah":"Dystrudepts","kemiringan":"15-25% (Agak Curam)","penggunaan_lahan":"Hutan","drainase_skor":0,"flood_hist":"tidak pernah banjir","slope":72.07705,"geology":"Gamping keras; Marmer (sangat curam; hindari pembangunan)","label":"sangat rendah","kelurahan":"Tidak Diketahui","warna":"#22c55e"}},{"type":"Feature","geometry":{"type":"Point","coordinates":[122.580338,-3.967141]},"properties":{"id":220,"curah_hujan":1991.5,"jenis_tanah":"Dystrudepts","kemiringan":"15-25% (Agak Curam)","penggunaan_lahan":"Hutan","drainase_skor":0,"flood_hist":"tidak pernah banjir","slope":61.889954,"geology":"Gamping keras; Marmer (sangat curam; hindari pembangunan)","label":"sangat rendah","kelurahan":"Tidak Diketahui","warna":"#22c55e"}},{"type":"Feature","geometry":{"type":"Point","coordinates":[122.580248,-3.967172]},"properties":{"id":221,"curah_hujan":1991.5,"jenis_tanah":"Dystrudepts","kemiringan":"15-25% (Agak Curam)","penggunaan_lahan":"Hutan","drainase_skor":0,"flood_hist":"tidak pernah banjir","slope":60.004562,"geology":"Gamping keras; Marmer (sangat curam; hindari pembangunan)","label":"sangat rendah","kelurahan":"Dapu Dapura","warna":"#22c55e"}},{"type":"Feature","geometry":{"type":"Point","coordinates":[122.580165,-3.967207]},"properties":{"id":222,"curah_hujan":1991.5,"jenis_tanah":"Dystrudepts","kemiringan":"15-25% (Agak Curam)","penggunaan_lahan":"Hutan","drainase_skor":0,"flood_hist":"tidak pernah banjir","slope":59.241077,"geology":"Gamping keras; Marmer (sangat curam; hindari pembangunan)","label":"sangat rendah","kelurahan":"Dapu Dapura","warna":"#22c55e"}},{"type":"Feature","geometry":{"type":"Point","coordinates":[122.580104,-3.96724]},"properties":{"id":223,"curah_hujan":1991.5,"jenis_tanah":"Dystrudepts","kemiringan":"15-25% (Agak Curam)","penggunaan_lahan":"Hutan","drainase_skor":0,"flood_hist":"tidak pernah banjir","slope":56.493454,"geology":"Gamping keras; Marmer (sangat curam; hindari pembangunan)","label":"sangat rendah","kelurahan":"Dapu Dapura","warna":"#22c55e"}},{"type":"Feature","geometry":{"type":"Point","coordinates":[122.580008,-3.967317]},"properties":{"id":224,"curah_hujan":1991.5,"jenis_tanah":"Dystrudepts","kemiringan":">45% (Sangat Curam)","penggunaan_lahan":"Hutan","drainase_skor":0,"flood_hist":"tidak pernah banjir","slope":54.427864,"geology":"Gamping keras; Marmer (sangat curam; hindari pembangunan)","label":"sangat rendah","kelurahan":"Tidak Diketahui","warna":"#22c55e"}},{"type":"Feature","geometry":{"type":"Point","coordinates":[122.579968,-3.967354]},"properties":{"id":225,"curah_hujan":1991.5,"jenis_tanah":"Dystrudepts","kemiringan":">45% (Sangat Curam)","penggunaan_lahan":"Hutan","drainase_skor":0,"flood_hist":"tidak pernah banjir","slope":54.427864,"geology":"Gamping keras; Marmer (sangat curam; hindari pembangunan)","label":"sangat rendah","kelurahan":"Dapu Dapura","warna":"#22c55e"}},{"type":"Feature","geometry":{"type":"Point","coordinates":[122.579948,-3.967385]},"properties":{"id":226,"curah_hujan":1991.5,"jenis_tanah":"Dystrudepts","kemiringan":">45% (Sangat Curam)","penggunaan_lahan":"Hutan","drainase_skor":0,"flood_hist":"tidak pernah banjir","slope":52.70562,"geology":"Gamping keras; Marmer (sangat curam; hindari pembangunan)","label":"sangat rendah","kelurahan":"Tidak Diketahui","warna":"#22c55e"}},{"type":"Feature","geometry":{"type":"Point","coordinates":[122.579909,-3.967443]},"properties":{"id":227,"curah_hujan":1991.5,"jenis_tanah":"Dystrudepts","kemiringan":"25-45% (Curam)","penggunaan_lahan":"Hutan","drainase_skor":0,"flood_hist":"tidak pernah banjir","slope":51.36602,"geology":"Gamping keras; Marmer (sangat curam; hindari pembangunan)","label":"sangat rendah","kelurahan":"Dapu Dapura","warna":"#22c55e"}},{"type":"Feature","geometry":{"type":"Point","coordinates":[122.579877,-3.967551]},"properties":{"id":228,"curah_hujan":1991.5,"jenis_tanah":"Dystrudepts","kemiringan":"15-25% (Agak Curam)","penggunaan_lahan":"Hutan","drainase_skor":0,"flood_hist":"tidak pernah banjir","slope":48.981537,"geology":"Gamping keras; Marmer (sangat curam; hindari pembangunan)","label":"sangat rendah","kelurahan":"Tidak Diketahui","warna":"#22c55e"}},{"type":"Feature","geometry":{"type":"Point","coordinates":[122.579846,-3.967656]},"properties":{"id":229,"curah_hujan":1991.5,"jenis_tanah":"Dystrudepts","kemiringan":"15-25% (Agak Curam)","penggunaan_lahan":"Hutan","drainase_skor":0,"flood_hist":"tidak pernah banjir","slope":45.899677,"geology":"Gamping keras; Marmer (sangat curam; hindari pembangunan)","label":"sangat rendah","kelurahan":"Dapu Dapura","warna":"#22c55e"}},{"type":"Feature","geometry":{"type":"Point","coordinates":[122.579909,-3.967718]},"properties":{"id":230,"curah_hujan":1991.5,"jenis_tanah":"Dystrudepts","kemiringan":"25-45% (Curam)","penggunaan_lahan":"Hutan","drainase_skor":0,"flood_hist":"tidak pernah banjir","slope":45.211166,"geology":"Gamping keras; Marmer (sangat curam; hindari pembangunan)","label":"sangat rendah","kelurahan":"Dapu Dapura","warna":"#22c55e"}},{"type":"Feature","geometry":{"type":"Point","coordinates":[122.579987,-3.967784]},"properties":{"id":231,"curah_hujan":1991.5,"jenis_tanah":"Dystrudepts","kemiringan":"15-25% (Agak Curam)","penggunaan_lahan":"Hutan","drainase_skor":0,"flood_hist":"tidak pernah banjir","slope":42.829926,"geology":"Sabak; Napal (rawan longsor; perlu konservasi)","label":"rendah","kelurahan":"Tidak Diketahui","warna":"#eab308"}},{"type":"Feature","geometry":{"type":"Point","coordinates":[122.580143,-3.967918]},"properties":{"id":232,"curah_hujan":1991.5,"jenis_tanah":"Dystrudepts","kemiringan":"15-25% (Agak Curam)","penggunaan_lahan":"Hutan","drainase_skor":0,"flood_hist":"tidak pernah banjir","slope":40.083202,"geology":"Sabak; Napal (rawan longsor; perlu konservasi)","label":"rendah","kelurahan":"Dapu Dapura","warna":"#eab308"}},{"type":"Feature","geometry":{"type":"Point","coordinates":[122.580241,-3.967979]},"properties":{"id":233,"curah_hujan":1991.5,"jenis_tanah":"Dystrudepts","kemiringan":"25-45% (Curam)","penggunaan_lahan":"Hutan","drainase_skor":0,"flood_hist":"tidak pernah banjir","slope":41.972683,"geology":"Sabak; Napal (rawan longsor; perlu konservasi)","label":"rendah","kelurahan":"Tidak Diketahui","warna":"#eab308"}},{"type":"Feature","geometry":{"type":"Point","coordinates":[122.580391,-3.968082]},"properties":{"id":234,"curah_hujan":1991.5,"jenis_tanah":"Dystrudepts","kemiringan":"25-45% (Curam)","penggunaan_lahan":"Hutan","drainase_skor":0,"flood_hist":"tidak pernah banjir","slope":39.055145,"geology":"Sabak; Napal (rawan longsor; perlu konservasi)","label":"rendah","kelurahan":"Tidak Diketahui","warna":"#eab308"}},{"type":"Feature","geometry":{"type":"Point","coordinates":[122.580508,-3.96816]},"properties":{"id":235,"curah_hujan":1991.5,"jenis_tanah":"Dystrudepts","kemiringan":"25-45% (Curam)","penggunaan_lahan":"Hutan","drainase_skor":0,"flood_hist":"tidak pernah banjir","slope":37.89597,"geology":"Sabak; Napal (rawan longsor; perlu konservasi)","label":"rendah","kelurahan":"Dapu Dapura","warna":"#eab308"}},{"type":"Feature","geometry":{"type":"Point","coordinates":[122.580563,-3.96818]},"properties":{"id":236,"curah_hujan":1991.5,"jenis_tanah":"Dystrudepts","kemiringan":"25-45% (Curam)","penggunaan_lahan":"Hutan","drainase_skor":0,"flood_hist":"tidak pernah banjir","slope":39.222977,"geology":"Sabak; Napal (rawan longsor; perlu konservasi)","label":"rendah","kelurahan":"Tidak Diketahui","warna":"#eab308"}},{"type":"Feature","geometry":{"type":"Point","coordinates":[122.580603,-3.96819]},"properties":{"id":237,"curah_hujan":1991.5,"jenis_tanah":"Dystrudepts","kemiringan":"25-45% (Curam)","penggunaan_lahan":"Hutan","drainase_skor":0,"flood_hist":"tidak pernah banjir","slope":39.222977,"geology":"Sabak; Napal (rawan longsor; perlu konservasi)","label":"rendah","kelurahan":"Dapu Dapura","warna":"#eab308"}},{"type":"Feature","geometry":{"type":"Point","coordinates":[122.580663,-3.968199]},"properties":{"id":238,"curah_hujan":1991.5,"jenis_tanah":"Dystrudepts","kemiringan":"25-45% (Curam)","penggunaan_lahan":"Hutan","drainase_skor":0,"flood_hist":"tidak pernah banjir","slope":39.637474,"geology":"Sabak; Napal (rawan longsor; perlu konservasi)","label":"rendah","kelurahan":"Tidak Diketahui","warna":"#eab308"}},{"type":"Feature","geometry":{"type":"Point","coordinates":[122.580806,-3.968235]},"properties":{"id":239,"curah_hujan":1991.5,"jenis_tanah":"Dystrudepts","kemiringan":"15-25% (Agak Curam)","penggunaan_lahan":"Hutan","drainase_skor":0,"flood_hist":"tidak pernah banjir","slope":38.07419,"geology":"Sabak; Napal (rawan longsor; perlu konservasi)","label":"rendah","kelurahan":"Tidak Diketahui","warna":"#eab308"}},{"type":"Feature","geometry":{"type":"Point","coordinates":[122.580936,-3.968258]},"properties":{"id":240,"curah_hujan":1991.5,"jenis_tanah":"Dystrudepts","kemiringan":"25-45% (Curam)","penggunaan_lahan":"Hutan","drainase_skor":0,"flood_hist":"tidak pernah banjir","slope":41.04049,"geology":"Sabak; Napal (rawan longsor; perlu konservasi)","label":"rendah","kelurahan":"Dapu Dapura","warna":"#eab308"}},{"type":"Feature","geometry":{"type":"Point","coordinates":[122.581071,-3.968283]},"properties":{"id":241,"curah_hujan":1991.5,"jenis_tanah":"Dystrudepts","kemiringan":"15-25% (Agak Curam)","penggunaan_lahan":"Hutan","drainase_skor":0,"flood_hist":"tidak pernah banjir","slope":41.979595,"geology":"Sabak; Napal (rawan longsor; perlu konservasi)","label":"rendah","kelurahan":"Dapu Dapura","warna":"#eab308"}},{"type":"Feature","geometry":{"type":"Point","coordinates":[122.581198,-3.96832]},"properties":{"id":242,"curah_hujan":1991.5,"jenis_tanah":"Dystrudepts","kemiringan":"15-25% (Agak Curam)","penggunaan_lahan":"Hutan","drainase_skor":0,"flood_hist":"tidak pernah banjir","slope":42.254837,"geology":"Sabak; Napal (rawan longsor; perlu konservasi)","label":"rendah","kelurahan":"Dapu Dapura","warna":"#eab308"}},{"type":"Feature","geometry":{"type":"Point","coordinates":[122.581247,-3.968344]},"properties":{"id":243,"curah_hujan":1991.5,"jenis_tanah":"Dystrudepts","kemiringan":"15-25% (Agak Curam)","penggunaan_lahan":"Hutan","drainase_skor":0,"flood_hist":"tidak pernah banjir","slope":41.46314,"geology":"Sabak; Napal (rawan longsor; perlu konservasi)","label":"rendah","kelurahan":"Dapu Dapura","warna":"#eab308"}},{"type":"Feature","geometry":{"type":"Point","coordinates":[122.581275,-3.968358]},"properties":{"id":244,"curah_hujan":1991.5,"jenis_tanah":"Dystrudepts","kemiringan":"15-25% (Agak Curam)","penggunaan_lahan":"Hutan","drainase_skor":0,"flood_hist":"tidak pernah banjir","slope":40.75142,"geology":"Sabak; Napal (rawan longsor; perlu konservasi)","label":"rendah","kelurahan":"Dapu Dapura","warna":"#eab308"}},{"type":"Feature","geometry":{"type":"Point","coordinates":[122.581295,-3.968367]},"properties":{"id":245,"curah_hujan":1991.5,"jenis_tanah":"Dystrudepts","kemiringan":"15-25% (Agak Curam)","penggunaan_lahan":"Hutan","drainase_skor":0,"flood_hist":"tidak pernah banjir","slope":39.62901,"geology":"Sabak; Napal (rawan longsor; perlu konservasi)","label":"rendah","kelurahan":"Tidak Diketahui","warna":"#eab308"}},{"type":"Feature","geometry":{"type":"Point","coordinates":[122.581312,-3.968376]},"properties":{"id":246,"curah_hujan":1991.5,"jenis_tanah":"Dystrudepts","kemiringan":"15-25% (Agak Curam)","penggunaan_lahan":"Hutan","drainase_skor":0,"flood_hist":"tidak pernah banjir","slope":39.62901,"geology":"Sabak; Napal (rawan longsor; perlu konservasi)","label":"rendah","kelurahan":"Tidak Diketahui","warna":"#eab308"}},{"type":"Feature","geometry":{"type":"Point","coordinates":[122.581242,-3.968606]},"properties":{"id":247,"curah_hujan":1991.5,"jenis_tanah":"Dystrudepts","kemiringan":"25-45% (Curam)","penggunaan_lahan":"Hutan","drainase_skor":0,"flood_hist":"tidak pernah banjir","slope":39.897266,"geology":"Sabak; Napal (rawan longsor; perlu konservasi)","label":"rendah","kelurahan":"Tidak Diketahui","warna":"#eab308"}},{"type":"Feature","geometry":{"type":"Point","coordinates":[122.581233,-3.968686]},"properties":{"id":248,"curah_hujan":1991.5,"jenis_tanah":"Dystrudepts","kemiringan":">45% (Sangat Curam)","penggunaan_lahan":"Hutan","drainase_skor":0,"flood_hist":"tidak pernah banjir","slope":36.850765,"geology":"Sabak; Napal (rawan longsor; perlu konservasi)","label":"rendah","kelurahan":"Tidak Diketahui","warna":"#eab308"}},{"type":"Feature","geometry":{"type":"Point","coordinates":[122.581228,-3.968893]},"properties":{"id":249,"curah_hujan":1991.5,"jenis_tanah":"Dystrudepts","kemiringan":"15-25% (Agak Curam)","penggunaan_lahan":"Hutan","drainase_skor":0,"flood_hist":"tidak pernah banjir","slope":25.662098,"geology":"Sabak; Napal (rawan longsor; perlu konservasi)","label":"rendah","kelurahan":"Dapu Dapura","warna":"#eab308"}},{"type":"Feature","geometry":{"type":"Point","coordinates":[122.581236,-3.969054]},"properties":{"id":250,"curah_hujan":1991.5,"jenis_tanah":"Dystrudepts","kemiringan":"15-25% (Agak Curam)","penggunaan_lahan":"Hutan","drainase_skor":0,"flood_hist":"pernah banjir","slope":22.270105,"geology":"Serpih; Kuarsit (waspada erosi; vegetasi penting)","label":"rendah","kelurahan":"Dapu Dapura","warna":"#eab308"}},{"type":"Feature","geometry":{"type":"Point","coordinates":[122.581187,-3.969364]},"properties":{"id":251,"curah_hujan":1991.5,"jenis_tanah":"Dystrudepts","kemiringan":"15-25% (Agak Curam)","penggunaan_lahan":"Hutan","drainase_skor":0,"flood_hist":"pernah banjir","slope":15.060768,"geology":"Serpih; Kuarsit (waspada erosi; vegetasi penting)","label":"rendah","kelurahan":"Tidak Diketahui","warna":"#eab308"}},{"type":"Feature","geometry":{"type":"Point","coordinates":[122.581123,-3.969463]},"properties":{"id":252,"curah_hujan":1991.5,"jenis_tanah":"Dystrudepts","kemiringan":"15-25% (Agak Curam)","penggunaan_lahan":"Hutan","drainase_skor":0,"flood_hist":"pernah banjir","slope":13.354067,"geology":"Lanau; Gamping; Pasir (stabil; cocok untuk permukiman)","label":"sedang","kelurahan":"Tidak Diketahui","warna":"#f97316"}},{"type":"Feature","geometry":{"type":"Point","coordinates":[122.580933,-3.9698]},"properties":{"id":253,"curah_hujan":1991.5,"jenis_tanah":"Dystrudepts","kemiringan":"8-15% (Landai)","penggunaan_lahan":"Hutan","drainase_skor":0,"flood_hist":"pernah banjir","slope":7.973001,"geology":"Lanau; Gamping; Pasir (stabil; cocok untuk permukiman)","label":"sedang","kelurahan":"Dapu Dapura","warna":"#f97316"}},{"type":"Feature","geometry":{"type":"Point","coordinates":[122.580777,-3.970094]},"properties":{"id":254,"curah_hujan":1991.5,"jenis_tanah":"Dystrudepts","kemiringan":"8-15% (Landai)","penggunaan_lahan":"Hutan","drainase_skor":0,"flood_hist":"pernah banjir","slope":4.250014,"geology":"Lanau; Gamping; Pasir (stabil; cocok untuk permukiman)","label":"tinggi","kelurahan":"Dapu Dapura","warna":"#ef4444"}},{"type":"Feature","geometry":{"type":"Point","coordinates":[122.580725,-3.97019]},"properties":{"id":255,"curah_hujan":1991.5,"jenis_tanah":"Dystrudepts","kemiringan":"0-8% (Datar)","penggunaan_lahan":"Hutan","drainase_skor":0,"flood_hist":"pernah banjir","slope":2.680131,"geology":"Lanau; Gamping; Pasir (stabil; cocok untuk permukiman)","label":"tinggi","kelurahan":"Tidak Diketahui","warna":"#ef4444"}},{"type":"Feature","geometry":{"type":"Point","coordinates":[122.580704,-3.970244]},"properties":{"id":256,"curah_hujan":1991.5,"jenis_tanah":"Dystrudepts","kemiringan":"0-8% (Datar)","penggunaan_lahan":"Hutan","drainase_skor":0,"flood_hist":"pernah banjir","slope":2.040182,"geology":"Lanau; Gamping; Pasir (stabil; cocok untuk permukiman)","label":"tinggi","kelurahan":"Dapu Dapura","warna":"#ef4444"}},{"type":"Feature","geometry":{"type":"Point","coordinates":[122.580697,-3.970302]},"properties":{"id":257,"curah_hujan":1991.5,"jenis_tanah":"Dystrudepts","kemiringan":"15-25% (Agak Curam)","penggunaan_lahan":"Hutan","drainase_skor":0,"flood_hist":"pernah banjir","slope":2.040182,"geology":"Lanau; Gamping; Pasir (stabil; cocok untuk permukiman)","label":"tinggi","kelurahan":"Tidak Diketahui","warna":"#ef4444"}},{"type":"Feature","geometry":{"type":"Point","coordinates":[122.580703,-3.970378]},"properties":{"id":258,"curah_hujan":1991.5,"jenis_tanah":"Dystrudepts","kemiringan":"15-25% (Agak Curam)","penggunaan_lahan":"Hutan","drainase_skor":0,"flood_hist":"pernah banjir","slope":1.936321,"geology":"Eluvium; Lumpur (datar; berpotensi genangan)","label":"tinggi","kelurahan":"Tidak Diketahui","warna":"#ef4444"}},{"type":"Feature","geometry":{"type":"Point","coordinates":[122.580718,-3.970417]},"properties":{"id":259,"curah_hujan":1991.5,"jenis_tanah":"Dystrudepts","kemiringan":"15-25% (Agak Curam)","penggunaan_lahan":"Hutan","drainase_skor":0,"flood_hist":"pernah banjir","slope":2.915148,"geology":"Lanau; Gamping; Pasir (stabil; cocok untuk permukiman)","label":"tinggi","kelurahan":"Tidak Diketahui","warna":"#ef4444"}},{"type":"Feature","geometry":{"type":"Point","coordinates":[122.580766,-3.970502]},"properties":{"id":260,"curah_hujan":1991.5,"jenis_tanah":"Dystrudepts","kemiringan":"8-15% (Landai)","penggunaan_lahan":"Hutan","drainase_skor":0,"flood_hist":"pernah banjir","slope":3.935121,"geology":"Lanau; Gamping; Pasir (stabil; cocok untuk permukiman)","label":"tinggi","kelurahan":"Tidak Diketahui","warna":"#ef4444"}},{"type":"Feature","geometry":{"type":"Point","coordinates":[122.58084,-3.970595]},"properties":{"id":261,"curah_hujan":1991.5,"jenis_tanah":"Dystrudepts","kemiringan":"0-8% (Datar)","penggunaan_lahan":"Hutan","drainase_skor":0,"flood_hist":"pernah banjir","slope":4.867312,"geology":"Lanau; Gamping; Pasir (stabil; cocok untuk permukiman)","label":"tinggi","kelurahan":"Dapu Dapura","warna":"#ef4444"}},{"type":"Feature","geometry":{"type":"Point","coordinates":[122.58093,-3.970707]},"properties":{"id":262,"curah_hujan":1991.5,"jenis_tanah":"Dystrudepts","kemiringan":"0-8% (Datar)","penggunaan_lahan":"Hutan","drainase_skor":0,"flood_hist":"pernah banjir","slope":6.593089,"geology":"Lanau; Gamping; Pasir (stabil; cocok untuk permukiman)","label":"sedang","kelurahan":"Tidak Diketahui","warna":"#f97316"}},{"type":"Feature","geometry":{"type":"Point","coordinates":[122.58095,-3.970732]},"properties":{"id":263,"curah_hujan":1991.5,"jenis_tanah":"Dystrudepts","kemiringan":"0-8% (Datar)","penggunaan_lahan":"Hutan","drainase_skor":0,"flood_hist":"pernah banjir","slope":6.593089,"geology":"Lanau; Gamping; Pasir (stabil; cocok untuk permukiman)","label":"sedang","kelurahan":"Tidak Diketahui","warna":"#f97316"}},{"type":"Feature","geometry":{"type":"Point","coordinates":[122.580979,-3.970769]},"properties":{"id":264,"curah_hujan":1991.5,"jenis_tanah":"Dystrudepts","kemiringan":"0-8% (Datar)","penggunaan_lahan":"Hutan","drainase_skor":0,"flood_hist":"pernah banjir","slope":7.032495,"geology":"Lanau; Gamping; Pasir (stabil; cocok untuk permukiman)","label":"sedang","kelurahan":"Dapu Dapura","warna":"#f97316"}},{"type":"Feature","geometry":{"type":"Point","coordinates":[122.581017,-3.970816]},"properties":{"id":265,"curah_hujan":1991.5,"jenis_tanah":"Dystrudepts","kemiringan":"0-8% (Datar)","penggunaan_lahan":"Hutan","drainase_skor":0,"flood_hist":"pernah banjir","slope":7.107925,"geology":"Lanau; Gamping; Pasir (stabil; cocok untuk permukiman)","label":"sedang","kelurahan":"Tidak Diketahui","warna":"#f97316"}},{"type":"Feature","geometry":{"type":"Point","coordinates":[122.58105,-3.970857]},"properties":{"id":266,"curah_hujan":1991.5,"jenis_tanah":"Dystrudepts","kemiringan":"0-8% (Datar)","penggunaan_lahan":"Hutan","drainase_skor":0,"flood_hist":"pernah banjir","slope":7.784816,"geology":"Lanau; Gamping; Pasir (stabil; cocok untuk permukiman)","label":"sedang","kelurahan":"Tidak Diketahui","warna":"#f97316"}},{"type":"Feature","geometry":{"type":"Point","coordinates":[122.581054,-3.970862]},"properties":{"id":267,"curah_hujan":1991.5,"jenis_tanah":"Dystrudepts","kemiringan":"0-8% (Datar)","penggunaan_lahan":"Hutan","drainase_skor":0,"flood_hist":"pernah banjir","slope":7.784816,"geology":"Lanau; Gamping; Pasir (stabil; cocok untuk permukiman)","label":"sedang","kelurahan":"Tidak Diketahui","warna":"#f97316"}},{"type":"Feature","geometry":{"type":"Point","coordinates":[122.581062,-3.970873]},"properties":{"id":268,"curah_hujan":1991.5,"jenis_tanah":"Dystrudepts","kemiringan":"0-8% (Datar)","penggunaan_lahan":"Hutan","drainase_skor":0,"flood_hist":"pernah banjir","slope":7.42714,"geology":"Lanau; Gamping; Pasir (stabil; cocok untuk permukiman)","label":"sedang","kelurahan":"Dapu Dapura","warna":"#f97316"}},{"type":"Feature","geometry":{"type":"Point","coordinates":[122.58107,-3.970883]},"properties":{"id":269,"curah_hujan":1991.5,"jenis_tanah":"Dystrudepts","kemiringan":"8-15% (Landai)","penggunaan_lahan":"Hutan","drainase_skor":0,"flood_hist":"pernah banjir","slope":7.42714,"geology":"Lanau; Gamping; Pasir (stabil; cocok untuk permukiman)","label":"sedang","kelurahan":"Dapu Dapura","warna":"#f97316"}},{"type":"Feature","geometry":{"type":"Point","coordinates":[122.581093,-3.970912]},"properties":{"id":270,"curah_hujan":1991.5,"jenis_tanah":"Dystrudepts","kemiringan":"8-15% (Landai)","penggunaan_lahan":"Hutan","drainase_skor":0,"flood_hist":"pernah banjir","slope":8.693552,"geology":"Lanau; Gamping; Pasir (stabil; cocok untuk permukiman)","label":"sedang","kelurahan":"Dapu Dapura","warna":"#f97316"}},{"type":"Feature","geometry":{"type":"Point","coordinates":[122.581125,-3.970951]},"properties":{"id":271,"curah_hujan":1991.5,"jenis_tanah":"Dystrudepts","kemiringan":"8-15% (Landai)","penggunaan_lahan":"Hutan","drainase_skor":0,"flood_hist":"pernah banjir","slope":8.693552,"geology":"Lanau; Gamping; Pasir (stabil; cocok untuk permukiman)","label":"sedang","kelurahan":"Tidak Diketahui","warna":"#f97316"}},{"type":"Feature","geometry":{"type":"Point","coordinates":[122.581196,-3.971046]},"properties":{"id":272,"curah_hujan":1991.5,"jenis_tanah":"Dystrudepts","kemiringan":"8-15% (Landai)","penggunaan_lahan":"Hutan","drainase_skor":0,"flood_hist":"pernah banjir","slope":9.44198,"geology":"Lanau; Gamping; Pasir (stabil; cocok untuk permukiman)","label":"sedang","kelurahan":"Tidak Diketahui","warna":"#f97316"}},{"type":"Feature","geometry":{"type":"Point","coordinates":[122.581241,-3.97111]},"properties":{"id":273,"curah_hujan":1991.5,"jenis_tanah":"Dystrudepts","kemiringan":"15-25% (Agak Curam)","penggunaan_lahan":"Hutan","drainase_skor":0,"flood_hist":"pernah banjir","slope":9.611698,"geology":"Lanau; Gamping; Pasir (stabil; cocok untuk permukiman)","label":"sedang","kelurahan":"Tidak Diketahui","warna":"#f97316"}},{"type":"Feature","geometry":{"type":"Point","coordinates":[122.581305,-3.971203]},"properties":{"id":274,"curah_hujan":1991.5,"jenis_tanah":"Dystrudepts","kemiringan":">45% (Sangat Curam)","penggunaan_lahan":"Hutan","drainase_skor":0,"flood_hist":"pernah banjir","slope":8.73875,"geology":"Lanau; Gamping; Pasir (stabil; cocok untuk permukiman)","label":"sedang","kelurahan":"Dapu Dapura","warna":"#f97316"}},{"type":"Feature","geometry":{"type":"Point","coordinates":[122.581373,-3.971342]},"properties":{"id":275,"curah_hujan":1991.5,"jenis_tanah":"Dystrudepts","kemiringan":">45% (Sangat Curam)","penggunaan_lahan":"Hutan","drainase_skor":0,"flood_hist":"pernah banjir","slope":5.442444,"geology":"Lanau; Gamping; Pasir (stabil; cocok untuk permukiman)","label":"sedang","kelurahan":"Dapu Dapura","warna":"#f97316"}},{"type":"Feature","geometry":{"type":"Point","coordinates":[122.581434,-3.971473]},"properties":{"id":276,"curah_hujan":1991.5,"jenis_tanah":"Dystrudepts","kemiringan":">45% (Sangat Curam)","penggunaan_lahan":"Hutan","drainase_skor":0,"flood_hist":"pernah banjir","slope":1.899013,"geology":"Eluvium; Lumpur (datar; berpotensi genangan)","label":"tinggi","kelurahan":"Tidak Diketahui","warna":"#ef4444"}},{"type":"Feature","geometry":{"type":"Point","coordinates":[122.581528,-3.971683]},"properties":{"id":277,"curah_hujan":1991.5,"jenis_tanah":"Dystrudepts","kemiringan":">45% (Sangat Curam)","penggunaan_lahan":"Hutan","drainase_skor":0,"flood_hist":"pernah banjir","slope":0.422339,"geology":"Eluvium; Lumpur (datar; berpotensi genangan)","label":"tinggi","kelurahan":"Tidak Diketahui","warna":"#ef4444"}},{"type":"Feature","geometry":{"type":"Point","coordinates":[122.581476,-3.97173]},"properties":{"id":278,"curah_hujan":1991.5,"jenis_tanah":"Dystrudepts","kemiringan":">45% (Sangat Curam)","penggunaan_lahan":"Hutan","drainase_skor":0,"flood_hist":"pernah banjir","slope":0.117423,"geology":"Eluvium; Lumpur (datar; berpotensi genangan)","label":"tinggi","kelurahan":"Tidak Diketahui","warna":"#ef4444"}},{"type":"Feature","geometry":{"type":"Point","coordinates":[122.581452,-3.971712]},"properties":{"id":279,"curah_hujan":1991.5,"jenis_tanah":"Dystrudepts","kemiringan":">45% (Sangat Curam)","penggunaan_lahan":"Hutan","drainase_skor":0,"flood_hist":"pernah banjir","slope":0.117423,"geology":"Eluvium; Lumpur (datar; berpotensi genangan)","label":"tinggi","kelurahan":"Tidak Diketahui","warna":"#ef4444"}},{"type":"Feature","geometry":{"type":"Point","coordinates":[122.581281,-3.971613]},"properties":{"id":280,"curah_hujan":1991.5,"jenis_tanah":"Dystrudepts","kemiringan":">45% (Sangat Curam)","penggunaan_lahan":"Hutan","drainase_skor":0,"flood_hist":"pernah banjir","slope":0.604139,"geology":"Eluvium; Lumpur (datar; berpotensi genangan)","label":"tinggi","kelurahan":"Tidak Diketahui","warna":"#ef4444"}},{"type":"Feature","geometry":{"type":"Point","coordinates":[122.581157,-3.971662]},"properties":{"id":281,"curah_hujan":1991.5,"jenis_tanah":"Dystrudepts","kemiringan":">45% (Sangat Curam)","penggunaan_lahan":"Hutan","drainase_skor":0,"flood_hist":"pernah banjir","slope":0.173758,"geology":"Eluvium; Lumpur (datar; berpotensi genangan)","label":"tinggi","kelurahan":"Tidak Diketahui","warna":"#ef4444"}},{"type":"Feature","geometry":{"type":"Point","coordinates":[122.581029,-3.971727]},"properties":{"id":282,"curah_hujan":1991.5,"jenis_tanah":"Dystrudepts","kemiringan":"8-15% (Landai)","penggunaan_lahan":"Hutan","drainase_skor":0,"flood_hist":"pernah banjir","slope":0.636569,"geology":"Eluvium; Lumpur (datar; berpotensi genangan)","label":"tinggi","kelurahan":"Tidak Diketahui","warna":"#ef4444"}},{"type":"Feature","geometry":{"type":"Point","coordinates":[122.580917,-3.97173]},"properties":{"id":283,"curah_hujan":1991.5,"jenis_tanah":"Dystrudepts","kemiringan":"8-15% (Landai)","penggunaan_lahan":"Hutan","drainase_skor":0,"flood_hist":"pernah banjir","slope":0.713734,"geology":"Eluvium; Lumpur (datar; berpotensi genangan)","label":"tinggi","kelurahan":"Tidak Diketahui","warna":"#ef4444"}},{"type":"Feature","geometry":{"type":"Point","coordinates":[122.580744,-3.971738]},"properties":{"id":284,"curah_hujan":1991.5,"jenis_tanah":"Dystrudepts","kemiringan":"8-15% (Landai)","penggunaan_lahan":"Hutan","drainase_skor":0,"flood_hist":"pernah banjir","slope":-0.578486,"geology":"Eluvium; Lumpur (datar; berpotensi genangan)","label":"tinggi","kelurahan":"Tidak Diketahui","warna":"#ef4444"}},{"type":"Feature","geometry":{"type":"Point","coordinates":[122.580731,-3.971737]},"properties":{"id":285,"curah_hujan":1991.5,"jenis_tanah":"Dystrudepts","kemiringan":"8-15% (Landai)","penggunaan_lahan":"Hutan","drainase_skor":0,"flood_hist":"pernah banjir","slope":-0.578486,"geology":"Eluvium; Lumpur (datar; berpotensi genangan)","label":"tinggi","kelurahan":"Dapu Dapura","warna":"#ef4444"}},{"type":"Feature","geometry":{"type":"Point","coordinates":[122.580714,-3.971731]},"properties":{"id":286,"curah_hujan":1991.5,"jenis_tanah":"Dystrudepts","kemiringan":"8-15% (Landai)","penggunaan_lahan":"Hutan","drainase_skor":0,"flood_hist":"pernah banjir","slope":-0.578486,"geology":"Eluvium; Lumpur (datar; berpotensi genangan)","label":"tinggi","kelurahan":"Dapu Dapura","warna":"#ef4444"}},{"type":"Feature","geometry":{"type":"Point","coordinates":[122.580652,-3.971709]},"properties":{"id":287,"curah_hujan":1991.5,"jenis_tanah":"Dystrudepts","kemiringan":"0-8% (Datar)","penggunaan_lahan":"Hutan","drainase_skor":0,"flood_hist":"pernah banjir","slope":-0.082952,"geology":"Eluvium; Lumpur (datar; berpotensi genangan)","label":"tinggi","kelurahan":"Dapu Dapura","warna":"#ef4444"}},{"type":"Feature","geometry":{"type":"Point","coordinates":[122.580529,-3.971668]},"properties":{"id":288,"curah_hujan":1991.5,"jenis_tanah":"Dystrudepts","kemiringan":"0-8% (Datar)","penggunaan_lahan":"Hutan","drainase_skor":0,"flood_hist":"pernah banjir","slope":-0.534215,"geology":"Eluvium; Lumpur (datar; berpotensi genangan)","label":"tinggi","kelurahan":"Dapu Dapura","warna":"#ef4444"}},{"type":"Feature","geometry":{"type":"Point","coordinates":[122.580358,-3.971629]},"properties":{"id":289,"curah_hujan":1991.5,"jenis_tanah":"Dystrudepts","kemiringan":"0-8% (Datar)","penggunaan_lahan":"Hutan","drainase_skor":0,"flood_hist":"pernah banjir","slope":-0.011046,"geology":"Eluvium; Lumpur (datar; berpotensi genangan)","label":"tinggi","kelurahan":"Dapu Dapura","warna":"#ef4444"}},{"type":"Feature","geometry":{"type":"Point","coordinates":[122.580169,-3.971609]},"properties":{"id":290,"curah_hujan":1991.5,"jenis_tanah":"Dystrudepts","kemiringan":"8-15% (Landai)","penggunaan_lahan":"Hutan","drainase_skor":0,"flood_hist":"pernah banjir","slope":0.072821,"geology":"Eluvium; Lumpur (datar; berpotensi genangan)","label":"tinggi","kelurahan":"Dapu Dapura","warna":"#ef4444"}},{"type":"Feature","geometry":{"type":"Point","coordinates":[122.579935,-3.971614]},"properties":{"id":291,"curah_hujan":1991.5,"jenis_tanah":"Dystrudepts","kemiringan":"8-15% (Landai)","penggunaan_lahan":"Hutan","drainase_skor":0,"flood_hist":"pernah banjir","slope":0.406251,"geology":"Eluvium; Lumpur (datar; berpotensi genangan)","label":"tinggi","kelurahan":"Dapu Dapura","warna":"#ef4444"}},{"type":"Feature","geometry":{"type":"Point","coordinates":[122.579872,-3.97162]},"properties":{"id":292,"curah_hujan":1991.5,"jenis_tanah":"Dystrudepts","kemiringan":"8-15% (Landai)","penggunaan_lahan":"Hutan","drainase_skor":0,"flood_hist":"pernah banjir","slope":0.21901,"geology":"Eluvium; Lumpur (datar; berpotensi genangan)","label":"tinggi","kelurahan":"Dapu Dapura","warna":"#ef4444"}},{"type":"Feature","geometry":{"type":"Point","coordinates":[122.579774,-3.971588]},"properties":{"id":293,"curah_hujan":1991.5,"jenis_tanah":"Dystrudepts","kemiringan":"8-15% (Landai)","penggunaan_lahan":"Hutan","drainase_skor":0,"flood_hist":"pernah banjir","slope":0.120836,"geology":"Eluvium; Lumpur (datar; berpotensi genangan)","label":"tinggi","kelurahan":"Dapu Dapura","warna":"#ef4444"}},{"type":"Feature","geometry":{"type":"Point","coordinates":[122.579602,-3.971612]},"properties":{"id":294,"curah_hujan":1991.5,"jenis_tanah":"Dystrudepts","kemiringan":"0-8% (Datar)","penggunaan_lahan":"Hutan","drainase_skor":0,"flood_hist":"pernah banjir","slope":0.720951,"geology":"Eluvium; Lumpur (datar; berpotensi genangan)","label":"tinggi","kelurahan":"Dapu Dapura","warna":"#ef4444"}},{"type":"Feature","geometry":{"type":"Point","coordinates":[122.579369,-3.97176]},"properties":{"id":295,"curah_hujan":1991.5,"jenis_tanah":"Dystrudepts","kemiringan":"0-8% (Datar)","penggunaan_lahan":"Hutan","drainase_skor":0,"flood_hist":"pernah banjir","slope":1.509184,"geology":"Eluvium; Lumpur (datar; berpotensi genangan)","label":"tinggi","kelurahan":"Dapu Dapura","warna":"#ef4444"}},{"type":"Feature","geometry":{"type":"Point","coordinates":[122.579197,-3.971884]},"properties":{"id":296,"curah_hujan":1991.5,"jenis_tanah":"Dystrudepts","kemiringan":"0-8% (Datar)","penggunaan_lahan":"Hutan","drainase_skor":0,"flood_hist":"pernah banjir","slope":0.50951,"geology":"Eluvium; Lumpur (datar; berpotensi genangan)","label":"tinggi","kelurahan":"Dapu Dapura","warna":"#ef4444"}},{"type":"Feature","geometry":{"type":"Point","coordinates":[122.57911,-3.972019]},"properties":{"id":297,"curah_hujan":1991.5,"jenis_tanah":"Dystrudepts","kemiringan":"0-8% (Datar)","penggunaan_lahan":"Hutan","drainase_skor":0,"flood_hist":"pernah banjir","slope":0.674455,"geology":"Eluvium; Lumpur (datar; berpotensi genangan)","label":"tinggi","kelurahan":"Dapu Dapura","warna":"#ef4444"}},{"type":"Feature","geometry":{"type":"Point","coordinates":[122.579049,-3.972167]},"properties":{"id":298,"curah_hujan":1991.5,"jenis_tanah":"Dystrudepts","kemiringan":"0-8% (Datar)","penggunaan_lahan":"Hutan","drainase_skor":0,"flood_hist":"pernah banjir","slope":0.434809,"geology":"Eluvium; Lumpur (datar; berpotensi genangan)","label":"tinggi","kelurahan":"Dapu Dapura","warna":"#ef4444"}},{"type":"Feature","geometry":{"type":"Point","coordinates":[122.579086,-3.972365]},"properties":{"id":299,"curah_hujan":1991.5,"jenis_tanah":"Dystrudepts","kemiringan":"0-8% (Datar)","penggunaan_lahan":"Hutan","drainase_skor":0,"flood_hist":"pernah banjir","slope":0.367898,"geology":"Eluvium; Lumpur (datar; berpotensi genangan)","label":"tinggi","kelurahan":"Dapu Dapura","warna":"#ef4444"}},{"type":"Feature","geometry":{"type":"Point","coordinates":[122.579098,-3.97255]},"properties":{"id":300,"curah_hujan":1991.5,"jenis_tanah":"Dystrudepts","kemiringan":"0-8% (Datar)","penggunaan_lahan":"Hutan","drainase_skor":0,"flood_hist":"pernah banjir","slope":-0.388515,"geology":"Eluvium; Lumpur (datar; berpotensi genangan)","label":"tinggi","kelurahan":"Tidak Diketahui","warna":"#ef4444"}},{"type":"Feature","geometry":{"type":"Point","coordinates":[122.57911,-3.972698]},"properties":{"id":301,"curah_hujan":1991.5,"jenis_tanah":"Dystrudepts","kemiringan":"0-8% (Datar)","penggunaan_lahan":"Hutan","drainase_skor":0,"flood_hist":"pernah banjir","slope":-0.988012,"geology":"Eluvium; Lumpur (datar; berpotensi genangan)","label":"tinggi","kelurahan":"Dapu Dapura","warna":"#ef4444"}},{"type":"Feature","geometry":{"type":"Point","coordinates":[122.579049,-3.972718]},"properties":{"id":302,"curah_hujan":1991.5,"jenis_tanah":"Dystrudepts","kemiringan":"0-8% (Datar)","penggunaan_lahan":"Hutan","drainase_skor":0,"flood_hist":"pernah banjir","slope":-1.504307,"geology":"Eluvium; Lumpur (datar; berpotensi genangan)","label":"tinggi","kelurahan":"Tidak Diketahui","warna":"#ef4444"}},{"type":"Feature","geometry":{"type":"Point","coordinates":[122.578912,-3.972711]},"properties":{"id":303,"curah_hujan":1991.5,"jenis_tanah":"Dystrudepts","kemiringan":"0-8% (Datar)","penggunaan_lahan":"Hutan","drainase_skor":0,"flood_hist":"pernah banjir","slope":-1.696377,"geology":"Eluvium; Lumpur (datar; berpotensi genangan)","label":"tinggi","kelurahan":"Tidak Diketahui","warna":"#ef4444"}},{"type":"Feature","geometry":{"type":"Point","coordinates":[122.578903,-3.972706]},"properties":{"id":304,"curah_hujan":1991.5,"jenis_tanah":"Dystrudepts","kemiringan":"0-8% (Datar)","penggunaan_lahan":"Hutan","drainase_skor":0,"flood_hist":"pernah banjir","slope":-1.696377,"geology":"Eluvium; Lumpur (datar; berpotensi genangan)","label":"tinggi","kelurahan":"Tidak Diketahui","warna":"#ef4444"}},{"type":"Feature","geometry":{"type":"Point","coordinates":[122.578831,-3.972652]},"properties":{"id":305,"curah_hujan":1991.5,"jenis_tanah":"Dystrudepts","kemiringan":"0-8% (Datar)","penggunaan_lahan":"Hutan","drainase_skor":0,"flood_hist":"pernah banjir","slope":-1.417671,"geology":"Eluvium; Lumpur (datar; berpotensi genangan)","label":"tinggi","kelurahan":"Tidak Diketahui","warna":"#ef4444"}},{"type":"Feature","geometry":{"type":"Point","coordinates":[122.578808,-3.972633]},"properties":{"id":306,"curah_hujan":1991.5,"jenis_tanah":"Dystrudepts","kemiringan":"0-8% (Datar)","penggunaan_lahan":"Hutan","drainase_skor":0,"flood_hist":"pernah banjir","slope":-1.505812,"geology":"Eluvium; Lumpur (datar; berpotensi genangan)","label":"tinggi","kelurahan":"Tidak Diketahui","warna":"#ef4444"}},{"type":"Feature","geometry":{"type":"Point","coordinates":[122.57878,-3.972589]},"properties":{"id":307,"curah_hujan":1991.5,"jenis_tanah":"Dystrudepts","kemiringan":"0-8% (Datar)","penggunaan_lahan":"Hutan","drainase_skor":0,"flood_hist":"pernah banjir","slope":-0.868623,"geology":"Eluvium; Lumpur (datar; berpotensi genangan)","label":"tinggi","kelurahan":"Tidak Diketahui","warna":"#ef4444"}},{"type":"Feature","geometry":{"type":"Point","coordinates":[122.578735,-3.972527]},"properties":{"id":308,"curah_hujan":1991.5,"jenis_tanah":"Dystrudepts","kemiringan":"0-8% (Datar)","penggunaan_lahan":"Hutan","drainase_skor":0,"flood_hist":"pernah banjir","slope":0.010812,"geology":"Eluvium; Lumpur (datar; berpotensi genangan)","label":"tinggi","kelurahan":"Tidak Diketahui","warna":"#ef4444"}},{"type":"Feature","geometry":{"type":"Point","coordinates":[122.578718,-3.972522]},"properties":{"id":309,"curah_hujan":1991.5,"jenis_tanah":"Dystrudepts","kemiringan":"0-8% (Datar)","penggunaan_lahan":"Hutan","drainase_skor":0,"flood_hist":"pernah banjir","slope":-0.081887,"geology":"Eluvium; Lumpur (datar; berpotensi genangan)","label":"tinggi","kelurahan":"Tidak Diketahui","warna":"#ef4444"}},{"type":"Feature","geometry":{"type":"Point","coordinates":[122.578643,-3.972514]},"properties":{"id":310,"curah_hujan":1991.5,"jenis_tanah":"Dystrudepts","kemiringan":"0-8% (Datar)","penggunaan_lahan":"Hutan","drainase_skor":0,"flood_hist":"pernah banjir","slope":-0.113203,"geology":"Eluvium; Lumpur (datar; berpotensi genangan)","label":"tinggi","kelurahan":"Tidak Diketahui","warna":"#ef4444"}},{"type":"Feature","geometry":{"type":"Point","coordinates":[122.578528,-3.972508]},"properties":{"id":311,"curah_hujan":1991.5,"jenis_tanah":"Dystrudepts","kemiringan":"0-8% (Datar)","penggunaan_lahan":"Hutan","drainase_skor":0,"flood_hist":"pernah banjir","slope":-0.177154,"geology":"Eluvium; Lumpur (datar; berpotensi genangan)","label":"tinggi","kelurahan":"Tidak Diketahui","warna":"#ef4444"}},{"type":"Feature","geometry":{"type":"Point","coordinates":[122.5783,-3.972518]},"properties":{"id":312,"curah_hujan":1991.5,"jenis_tanah":"Dystrudepts","kemiringan":"0-8% (Datar)","penggunaan_lahan":"Hutan","drainase_skor":0,"flood_hist":"pernah banjir","slope":-0.640018,"geology":"Eluvium; Lumpur (datar; berpotensi genangan)","label":"tinggi","kelurahan":"Tidak Diketahui","warna":"#ef4444"}},{"type":"Feature","geometry":{"type":"Point","coordinates":[122.578064,-3.972513]},"properties":{"id":313,"curah_hujan":1991.5,"jenis_tanah":"Dystrudepts","kemiringan":"0-8% (Datar)","penggunaan_lahan":"Hutan","drainase_skor":0,"flood_hist":"pernah banjir","slope":-0.720955,"geology":"Eluvium; Lumpur (datar; berpotensi genangan)","label":"tinggi","kelurahan":"Tidak Diketahui","warna":"#ef4444"}},{"type":"Feature","geometry":{"type":"Point","coordinates":[122.578047,-3.972515]},"properties":{"id":314,"curah_hujan":1991.5,"jenis_tanah":"Dystrudepts","kemiringan":"0-8% (Datar)","penggunaan_lahan":"Hutan","drainase_skor":0,"flood_hist":"pernah banjir","slope":-0.044523,"geology":"Eluvium; Lumpur (datar; berpotensi genangan)","label":"tinggi","kelurahan":"Tidak Diketahui","warna":"#ef4444"}},{"type":"Feature","geometry":{"type":"Point","coordinates":[122.578013,-3.972535]},"properties":{"id":315,"curah_hujan":1991.5,"jenis_tanah":"Dystrudepts","kemiringan":"0-8% (Datar)","penggunaan_lahan":"Hutan","drainase_skor":0,"flood_hist":"pernah banjir","slope":-0.044523,"geology":"Eluvium; Lumpur (datar; berpotensi genangan)","label":"tinggi","kelurahan":"Tidak Diketahui","warna":"#ef4444"}},{"type":"Feature","geometry":{"type":"Point","coordinates":[122.577973,-3.972564]},"properties":{"id":316,"curah_hujan":1991.5,"jenis_tanah":"Dystrudepts","kemiringan":"0-8% (Datar)","penggunaan_lahan":"Hutan","drainase_skor":0,"flood_hist":"pernah banjir","slope":-0.103636,"geology":"Eluvium; Lumpur (datar; berpotensi genangan)","label":"tinggi","kelurahan":"Tidak Diketahui","warna":"#ef4444"}},{"type":"Feature","geometry":{"type":"Point","coordinates":[122.577967,-3.972581]},"properties":{"id":317,"curah_hujan":1991.5,"jenis_tanah":"Dystrudepts","kemiringan":"0-8% (Datar)","penggunaan_lahan":"Hutan","drainase_skor":0,"flood_hist":"pernah banjir","slope":-0.103636,"geology":"Eluvium; Lumpur (datar; berpotensi genangan)","label":"tinggi","kelurahan":"Tidak Diketahui","warna":"#ef4444"}},{"type":"Feature","geometry":{"type":"Point","coordinates":[122.577964,-3.972591]},"properties":{"id":318,"curah_hujan":1991.5,"jenis_tanah":"Dystrudepts","kemiringan":"0-8% (Datar)","penggunaan_lahan":"Hutan","drainase_skor":0,"flood_hist":"pernah banjir","slope":-0.103636,"geology":"Eluvium; Lumpur (datar; berpotensi genangan)","label":"tinggi","kelurahan":"Tidak Diketahui","warna":"#ef4444"}},{"type":"Feature","geometry":{"type":"Point","coordinates":[122.57744,-3.97261]},"properties":{"id":319,"curah_hujan":1991.5,"jenis_tanah":"Dystrudepts","kemiringan":"0-8% (Datar)","penggunaan_lahan":"Hutan","drainase_skor":0,"flood_hist":"pernah banjir","slope":0.51367,"geology":"Eluvium; Lumpur (datar; berpotensi genangan)","label":"tinggi","kelurahan":"Sanua","warna":"#ef4444"}},{"type":"Feature","geometry":{"type":"Point","coordinates":[122.577255,-3.972635]},"properties":{"id":320,"curah_hujan":1991.5,"jenis_tanah":"Dystrudepts","kemiringan":"8-15% (Landai)","penggunaan_lahan":"Hutan","drainase_skor":0,"flood_hist":"pernah banjir","slope":-0.454568,"geology":"Eluvium; Lumpur (datar; berpotensi genangan)","label":"tinggi","kelurahan":"Sanua","warna":"#ef4444"}},{"type":"Feature","geometry":{"type":"Point","coordinates":[122.577182,-3.972573]},"properties":{"id":321,"curah_hujan":1991.5,"jenis_tanah":"Dystrudepts","kemiringan":"8-15% (Landai)","penggunaan_lahan":"Hutan","drainase_skor":0,"flood_hist":"pernah banjir","slope":0.193432,"geology":"Eluvium; Lumpur (datar; berpotensi genangan)","label":"tinggi","kelurahan":"Sanua","warna":"#ef4444"}},{"type":"Feature","geometry":{"type":"Point","coordinates":[122.577096,-3.972265]},"properties":{"id":322,"curah_hujan":1991.5,"jenis_tanah":"Dystrudepts","kemiringan":"0-8% (Datar)","penggunaan_lahan":"Hutan","drainase_skor":0,"flood_hist":"pernah banjir","slope":2.435456,"geology":"Lanau; Gamping; Pasir (stabil; cocok untuk permukiman)","label":"tinggi","kelurahan":"Sanua","warna":"#ef4444"}},{"type":"Feature","geometry":{"type":"Point","coordinates":[122.576764,-3.972154]},"properties":{"id":323,"curah_hujan":1991.5,"jenis_tanah":"Dystrudepts","kemiringan":"8-15% (Landai)","penggunaan_lahan":"Hutan","drainase_skor":0,"flood_hist":"pernah banjir","slope":3.044948,"geology":"Lanau; Gamping; Pasir (stabil; cocok untuk permukiman)","label":"tinggi","kelurahan":"Sanua","warna":"#ef4444"}},{"type":"Feature","geometry":{"type":"Point","coordinates":[122.576605,-3.972154]},"properties":{"id":324,"curah_hujan":1991.5,"jenis_tanah":"Dystrudepts","kemiringan":"0-8% (Datar)","penggunaan_lahan":"Hutan","drainase_skor":0,"flood_hist":"pernah banjir","slope":2.977764,"geology":"Lanau; Gamping; Pasir (stabil; cocok untuk permukiman)","label":"tinggi","kelurahan":"Sanua","warna":"#ef4444"}},{"type":"Feature","geometry":{"type":"Point","coordinates":[122.576457,-3.972203]},"properties":{"id":325,"curah_hujan":1991.5,"jenis_tanah":"Dystrudepts","kemiringan":"0-8% (Datar)","penggunaan_lahan":"Hutan","drainase_skor":0,"flood_hist":"pernah banjir","slope":2.843791,"geology":"Lanau; Gamping; Pasir (stabil; cocok untuk permukiman)","label":"tinggi","kelurahan":"Sanua","warna":"#ef4444"}},{"type":"Feature","geometry":{"type":"Point","coordinates":[122.576334,-3.972203]},"properties":{"id":326,"curah_hujan":1991.5,"jenis_tanah":"Dystrudepts","kemiringan":"0-8% (Datar)","penggunaan_lahan":"Hutan","drainase_skor":0,"flood_hist":"pernah banjir","slope":2.956346,"geology":"Lanau; Gamping; Pasir (stabil; cocok untuk permukiman)","label":"tinggi","kelurahan":"Sanua","warna":"#ef4444"}},{"type":"Feature","geometry":{"type":"Point","coordinates":[122.576199,-3.972203]},"properties":{"id":327,"curah_hujan":1991.5,"jenis_tanah":"Dystrudepts","kemiringan":"0-8% (Datar)","penggunaan_lahan":"Hutan","drainase_skor":0,"flood_hist":"pernah banjir","slope":2.53505,"geology":"Lanau; Gamping; Pasir (stabil; cocok untuk permukiman)","label":"tinggi","kelurahan":"Sanua","warna":"#ef4444"}},{"type":"Feature","geometry":{"type":"Point","coordinates":[122.576125,-3.972203]},"properties":{"id":328,"curah_hujan":1991.5,"jenis_tanah":"Dystrudepts","kemiringan":"0-8% (Datar)","penggunaan_lahan":"Hutan","drainase_skor":0,"flood_hist":"pernah banjir","slope":1.808197,"geology":"Eluvium; Lumpur (datar; berpotensi genangan)","label":"tinggi","kelurahan":"Sanua","warna":"#ef4444"}},{"type":"Feature","geometry":{"type":"Point","coordinates":[122.576088,-3.972351]},"properties":{"id":329,"curah_hujan":1991.5,"jenis_tanah":"Dystrudepts","kemiringan":"0-8% (Datar)","penggunaan_lahan":"Hutan","drainase_skor":0,"flood_hist":"pernah banjir","slope":1.290306,"geology":"Eluvium; Lumpur (datar; berpotensi genangan)","label":"tinggi","kelurahan":"Sanua","warna":"#ef4444"}},{"type":"Feature","geometry":{"type":"Point","coordinates":[122.576113,-3.972474]},"properties":{"id":330,"curah_hujan":1991.5,"jenis_tanah":"Dystrudepts","kemiringan":"0-8% (Datar)","penggunaan_lahan":"Hutan","drainase_skor":0,"flood_hist":"pernah banjir","slope":1.3936,"geology":"Eluvium; Lumpur (datar; berpotensi genangan)","label":"tinggi","kelurahan":"Sanua","warna":"#ef4444"}},{"type":"Feature","geometry":{"type":"Point","coordinates":[122.576297,-3.972561]},"properties":{"id":331,"curah_hujan":1991.5,"jenis_tanah":"Dystrudepts","kemiringan":"8-15% (Landai)","penggunaan_lahan":"Hutan","drainase_skor":0,"flood_hist":"pernah banjir","slope":0.373549,"geology":"Eluvium; Lumpur (datar; berpotensi genangan)","label":"tinggi","kelurahan":"Sanua","warna":"#ef4444"}},{"type":"Feature","geometry":{"type":"Point","coordinates":[122.576297,-3.972821]},"properties":{"id":332,"curah_hujan":1991.5,"jenis_tanah":"Dystrudepts","kemiringan":"0-8% (Datar)","penggunaan_lahan":"Hutan","drainase_skor":0,"flood_hist":"pernah banjir","slope":-0.355429,"geology":"Eluvium; Lumpur (datar; berpotensi genangan)","label":"tinggi","kelurahan":"Sanua","warna":"#ef4444"}},{"type":"Feature","geometry":{"type":"Point","coordinates":[122.576238,-3.972809]},"properties":{"id":333,"curah_hujan":1991.5,"jenis_tanah":"Dystrudepts","kemiringan":"0-8% (Datar)","penggunaan_lahan":"Hutan","drainase_skor":0,"flood_hist":"pernah banjir","slope":-0.299614,"geology":"Eluvium; Lumpur (datar; berpotensi genangan)","label":"tinggi","kelurahan":"Sanua","warna":"#ef4444"}},{"type":"Feature","geometry":{"type":"Point","coordinates":[122.57587,-3.972739]},"properties":{"id":334,"curah_hujan":1991.5,"jenis_tanah":"Dystrudepts","kemiringan":"0-8% (Datar)","penggunaan_lahan":"Hutan","drainase_skor":0,"flood_hist":"pernah banjir","slope":-0.841973,"geology":"Eluvium; Lumpur (datar; berpotensi genangan)","label":"tinggi","kelurahan":"Tidak Diketahui","warna":"#ef4444"}},{"type":"Feature","geometry":{"type":"Point","coordinates":[122.575755,-3.972719]},"properties":{"id":335,"curah_hujan":1991.5,"jenis_tanah":"Dystrudepts","kemiringan":"0-8% (Datar)","penggunaan_lahan":"Hutan","drainase_skor":0,"flood_hist":"pernah banjir","slope":-0.883199,"geology":"Eluvium; Lumpur (datar; berpotensi genangan)","label":"tinggi","kelurahan":"Tidak Diketahui","warna":"#ef4444"}},{"type":"Feature","geometry":{"type":"Point","coordinates":[122.575751,-3.972718]},"properties":{"id":336,"curah_hujan":1991.5,"jenis_tanah":"Dystrudepts","kemiringan":"0-8% (Datar)","penggunaan_lahan":"Hutan","drainase_skor":0,"flood_hist":"pernah banjir","slope":-0.883199,"geology":"Eluvium; Lumpur (datar; berpotensi genangan)","label":"tinggi","kelurahan":"Tidak Diketahui","warna":"#ef4444"}},{"type":"Feature","geometry":{"type":"Point","coordinates":[122.57567,-3.972523]},"properties":{"id":337,"curah_hujan":1991.5,"jenis_tanah":"Dystrudepts","kemiringan":"0-8% (Datar)","penggunaan_lahan":"Hutan","drainase_skor":0,"flood_hist":"pernah banjir","slope":-0.596941,"geology":"Eluvium; Lumpur (datar; berpotensi genangan)","label":"tinggi","kelurahan":"Tidak Diketahui","warna":"#ef4444"}},{"type":"Feature","geometry":{"type":"Point","coordinates":[122.575771,-3.972448]},"properties":{"id":338,"curah_hujan":1991.5,"jenis_tanah":"Dystrudepts","kemiringan":"0-8% (Datar)","penggunaan_lahan":"Hutan","drainase_skor":0,"flood_hist":"pernah banjir","slope":-0.176256,"geology":"Eluvium; Lumpur (datar; berpotensi genangan)","label":"tinggi","kelurahan":"Tidak Diketahui","warna":"#ef4444"}},{"type":"Feature","geometry":{"type":"Point","coordinates":[122.575796,-3.972196]},"properties":{"id":339,"curah_hujan":1991.5,"jenis_tanah":"Dystrudepts","kemiringan":"0-8% (Datar)","penggunaan_lahan":"Hutan","drainase_skor":0,"flood_hist":"pernah banjir","slope":0.044045,"geology":"Eluvium; Lumpur (datar; berpotensi genangan)","label":"tinggi","kelurahan":"Sanua","warna":"#ef4444"}},{"type":"Feature","geometry":{"type":"Point","coordinates":[122.575746,-3.972046]},"properties":{"id":340,"curah_hujan":1991.5,"jenis_tanah":"Dystrudepts","kemiringan":"0-8% (Datar)","penggunaan_lahan":"Hutan","drainase_skor":0,"flood_hist":"pernah banjir","slope":0.465887,"geology":"Eluvium; Lumpur (datar; berpotensi genangan)","label":"tinggi","kelurahan":"Sanua","warna":"#ef4444"}},{"type":"Feature","geometry":{"type":"Point","coordinates":[122.575721,-3.97197]},"properties":{"id":341,"curah_hujan":1991.5,"jenis_tanah":"Dystrudepts","kemiringan":"0-8% (Datar)","penggunaan_lahan":"Hutan","drainase_skor":0,"flood_hist":"pernah banjir","slope":0.672962,"geology":"Eluvium; Lumpur (datar; berpotensi genangan)","label":"tinggi","kelurahan":"Sanua","warna":"#ef4444"}},{"type":"Feature","geometry":{"type":"Point","coordinates":[122.575596,-3.971694]},"properties":{"id":342,"curah_hujan":1991.5,"jenis_tanah":"Dystrudepts","kemiringan":"8-15% (Landai)","penggunaan_lahan":"Hutan","drainase_skor":0,"flood_hist":"pernah banjir","slope":1.552359,"geology":"Eluvium; Lumpur (datar; berpotensi genangan)","label":"tinggi","kelurahan":"Sanua","warna":"#ef4444"}},{"type":"Feature","geometry":{"type":"Point","coordinates":[122.575421,-3.971493]},"properties":{"id":343,"curah_hujan":1991.5,"jenis_tanah":"Dystrudepts","kemiringan":"0-8% (Datar)","penggunaan_lahan":"Hutan","drainase_skor":0,"flood_hist":"pernah banjir","slope":1.296981,"geology":"Eluvium; Lumpur (datar; berpotensi genangan)","label":"tinggi","kelurahan":"Sanua","warna":"#ef4444"}},{"type":"Feature","geometry":{"type":"Point","coordinates":[122.575346,-3.971292]},"properties":{"id":344,"curah_hujan":1991.5,"jenis_tanah":"Dystrudepts","kemiringan":"8-15% (Landai)","penggunaan_lahan":"Hutan","drainase_skor":0,"flood_hist":"pernah banjir","slope":2.190486,"geology":"Lanau; Gamping; Pasir (stabil; cocok untuk permukiman)","label":"tinggi","kelurahan":"Sanua","warna":"#ef4444"}},{"type":"Feature","geometry":{"type":"Point","coordinates":[122.574495,-3.971015]},"properties":{"id":345,"curah_hujan":1991.5,"jenis_tanah":"Dystrudepts","kemiringan":"8-15% (Landai)","penggunaan_lahan":"Hutan","drainase_skor":0,"flood_hist":"pernah banjir","slope":1.747185,"geology":"Eluvium; Lumpur (datar; berpotensi genangan)","label":"tinggi","kelurahan":"Sanua","warna":"#ef4444"}},{"type":"Feature","geometry":{"type":"Point","coordinates":[122.574171,-3.97109]},"properties":{"id":346,"curah_hujan":1991.5,"jenis_tanah":"Dystrudepts","kemiringan":"0-8% (Datar)","penggunaan_lahan":"Hutan","drainase_skor":0,"flood_hist":"pernah banjir","slope":1.073676,"geology":"Eluvium; Lumpur (datar; berpotensi genangan)","label":"tinggi","kelurahan":"Sanua","warna":"#ef4444"}},{"type":"Feature","geometry":{"type":"Point","coordinates":[122.57402,-3.971266]},"properties":{"id":347,"curah_hujan":1991.5,"jenis_tanah":"Dystrudepts","kemiringan":"0-8% (Datar)","penggunaan_lahan":"Hutan","drainase_skor":0,"flood_hist":"pernah banjir","slope":-0.009825,"geology":"Eluvium; Lumpur (datar; berpotensi genangan)","label":"tinggi","kelurahan":"Tidak Diketahui","warna":"#ef4444"}},{"type":"Feature","geometry":{"type":"Point","coordinates":[122.57372,-3.971291]},"properties":{"id":348,"curah_hujan":1991.5,"jenis_tanah":"Dystrudepts","kemiringan":"0-8% (Datar)","penggunaan_lahan":"Hutan","drainase_skor":0,"flood_hist":"pernah banjir","slope":0.20805,"geology":"Eluvium; Lumpur (datar; berpotensi genangan)","label":"tinggi","kelurahan":"Tidak Diketahui","warna":"#ef4444"}},{"type":"Feature","geometry":{"type":"Point","coordinates":[122.573495,-3.97114]},"properties":{"id":349,"curah_hujan":1991.5,"jenis_tanah":"Dystrudepts","kemiringan":"0-8% (Datar)","penggunaan_lahan":"Hutan","drainase_skor":0,"flood_hist":"pernah banjir","slope":1.007535,"geology":"Eluvium; Lumpur (datar; berpotensi genangan)","label":"tinggi","kelurahan":"Sodoha","warna":"#ef4444"}},{"type":"Feature","geometry":{"type":"Point","coordinates":[122.573495,-3.970989]},"properties":{"id":350,"curah_hujan":1991.5,"jenis_tanah":"Dystrudepts","kemiringan":"0-8% (Datar)","penggunaan_lahan":"Hutan","drainase_skor":0,"flood_hist":"pernah banjir","slope":0.453234,"geology":"Eluvium; Lumpur (datar; berpotensi genangan)","label":"tinggi","kelurahan":"Sodoha","warna":"#ef4444"}},{"type":"Feature","geometry":{"type":"Point","coordinates":[122.573245,-3.970889]},"properties":{"id":351,"curah_hujan":1991.5,"jenis_tanah":"Dystrudepts","kemiringan":"0-8% (Datar)","penggunaan_lahan":"Hutan","drainase_skor":0,"flood_hist":"pernah banjir","slope":0.680831,"geology":"Eluvium; Lumpur (datar; berpotensi genangan)","label":"tinggi","kelurahan":"Sodoha","warna":"#ef4444"}},{"type":"Feature","geometry":{"type":"Point","coordinates":[122.573069,-3.970939]},"properties":{"id":352,"curah_hujan":1991.5,"jenis_tanah":"Dystrudepts","kemiringan":"0-8% (Datar)","penggunaan_lahan":"Hutan","drainase_skor":0,"flood_hist":"pernah banjir","slope":0.056331,"geology":"Eluvium; Lumpur (datar; berpotensi genangan)","label":"tinggi","kelurahan":"Sodoha","warna":"#ef4444"}},{"type":"Feature","geometry":{"type":"Point","coordinates":[122.572869,-3.97109]},"properties":{"id":353,"curah_hujan":1991.5,"jenis_tanah":"Dystrudepts","kemiringan":"0-8% (Datar)","penggunaan_lahan":"Hutan","drainase_skor":0,"flood_hist":"pernah banjir","slope":1.02666,"geology":"Eluvium; Lumpur (datar; berpotensi genangan)","label":"tinggi","kelurahan":"Sodoha","warna":"#ef4444"}},{"type":"Feature","geometry":{"type":"Point","coordinates":[122.572694,-3.971316]},"properties":{"id":354,"curah_hujan":1991.5,"jenis_tanah":"Dystrudepts","kemiringan":"0-8% (Datar)","penggunaan_lahan":"Hutan","drainase_skor":0,"flood_hist":"pernah banjir","slope":0.142737,"geology":"Eluvium; Lumpur (datar; berpotensi genangan)","label":"tinggi","kelurahan":"Sodoha","warna":"#ef4444"}},{"type":"Feature","geometry":{"type":"Point","coordinates":[122.572531,-3.971363]},"properties":{"id":355,"curah_hujan":1991.5,"jenis_tanah":"Dystrudepts","kemiringan":"0-8% (Datar)","penggunaan_lahan":"Hutan","drainase_skor":0,"flood_hist":"pernah banjir","slope":-0.722761,"geology":"Eluvium; Lumpur (datar; berpotensi genangan)","label":"tinggi","kelurahan":"Tidak Diketahui","warna":"#ef4444"}},{"type":"Feature","geometry":{"type":"Point","coordinates":[122.572423,-3.971358]},"properties":{"id":356,"curah_hujan":1991.5,"jenis_tanah":"Dystrudepts","kemiringan":"0-8% (Datar)","penggunaan_lahan":"Hutan","drainase_skor":0,"flood_hist":"pernah banjir","slope":-0.755393,"geology":"Eluvium; Lumpur (datar; berpotensi genangan)","label":"tinggi","kelurahan":"Sodoha","warna":"#ef4444"}},{"type":"Feature","geometry":{"type":"Point","coordinates":[122.572219,-3.97134]},"properties":{"id":357,"curah_hujan":1991.5,"jenis_tanah":"Dystrudepts","kemiringan":"0-8% (Datar)","penggunaan_lahan":"Hutan","drainase_skor":0,"flood_hist":"pernah banjir","slope":-0.250723,"geology":"Eluvium; Lumpur (datar; berpotensi genangan)","label":"tinggi","kelurahan":"Tidak Diketahui","warna":"#ef4444"}},{"type":"Feature","geometry":{"type":"Point","coordinates":[122.571944,-3.971215]},"properties":{"id":358,"curah_hujan":1991.5,"jenis_tanah":"Dystrudepts","kemiringan":"0-8% (Datar)","penggunaan_lahan":"Hutan","drainase_skor":0,"flood_hist":"pernah banjir","slope":0.276114,"geology":"Eluvium; Lumpur (datar; berpotensi genangan)","label":"tinggi","kelurahan":"Sodoha","warna":"#ef4444"}},{"type":"Feature","geometry":{"type":"Point","coordinates":[122.571844,-3.970938]},"properties":{"id":359,"curah_hujan":1991.5,"jenis_tanah":"Dystrudepts","kemiringan":"0-8% (Datar)","penggunaan_lahan":"Hutan","drainase_skor":0,"flood_hist":"pernah banjir","slope":-0.236685,"geology":"Eluvium; Lumpur (datar; berpotensi genangan)","label":"tinggi","kelurahan":"Sodoha","warna":"#ef4444"}},{"type":"Feature","geometry":{"type":"Point","coordinates":[122.571694,-3.970662]},"properties":{"id":360,"curah_hujan":1991.5,"jenis_tanah":"Dystrudepts","kemiringan":"0-8% (Datar)","penggunaan_lahan":"Hutan","drainase_skor":0,"flood_hist":"pernah banjir","slope":0.58762,"geology":"Eluvium; Lumpur (datar; berpotensi genangan)","label":"tinggi","kelurahan":"Sodoha","warna":"#ef4444"}},{"type":"Feature","geometry":{"type":"Point","coordinates":[122.571219,-3.970586]},"properties":{"id":361,"curah_hujan":1991.5,"jenis_tanah":"Dystrudepts","kemiringan":"8-15% (Landai)","penggunaan_lahan":"Hutan","drainase_skor":0,"flood_hist":"pernah banjir","slope":-0.243039,"geology":"Eluvium; Lumpur (datar; berpotensi genangan)","label":"tinggi","kelurahan":"Sodoha","warna":"#ef4444"}},{"type":"Feature","geometry":{"type":"Point","coordinates":[122.570418,-3.970485]},"properties":{"id":362,"curah_hujan":1991.5,"jenis_tanah":"Dystrudepts","kemiringan":"0-8% (Datar)","penggunaan_lahan":"Hutan","drainase_skor":0,"flood_hist":"pernah banjir","slope":0.043794,"geology":"Eluvium; Lumpur (datar; berpotensi genangan)","label":"tinggi","kelurahan":"Benu Benua","warna":"#ef4444"}},{"type":"Feature","geometry":{"type":"Point","coordinates":[122.568603,-3.970156]},"properties":{"id":363,"curah_hujan":1991.5,"jenis_tanah":"Dystrudepts","kemiringan":"0-8% (Datar)","penggunaan_lahan":"Hutan","drainase_skor":0,"flood_hist":"pernah banjir","slope":0.072816,"geology":"Eluvium; Lumpur (datar; berpotensi genangan)","label":"tinggi","kelurahan":"Benu Benua","warna":"#ef4444"}},{"type":"Feature","geometry":{"type":"Point","coordinates":[122.568353,-3.970005]},"properties":{"id":364,"curah_hujan":1991.5,"jenis_tanah":"Dystrudepts","kemiringan":"0-8% (Datar)","penggunaan_lahan":"Hutan","drainase_skor":0,"flood_hist":"pernah banjir","slope":0.806132,"geology":"Eluvium; Lumpur (datar; berpotensi genangan)","label":"tinggi","kelurahan":"Benu Benua","warna":"#ef4444"}},{"type":"Feature","geometry":{"type":"Point","coordinates":[122.567853,-3.970005]},"properties":{"id":365,"curah_hujan":1991.5,"jenis_tanah":"Dystrudepts","kemiringan":"0-8% (Datar)","penggunaan_lahan":"Hutan","drainase_skor":0,"flood_hist":"pernah banjir","slope":-0.024585,"geology":"Eluvium; Lumpur (datar; berpotensi genangan)","label":"tinggi","kelurahan":"Benu Benua","warna":"#ef4444"}},{"type":"Feature","geometry":{"type":"Point","coordinates":[122.567603,-3.96998]},"properties":{"id":366,"curah_hujan":1991.5,"jenis_tanah":"Dystrudepts","kemiringan":"8-15% (Landai)","penggunaan_lahan":"Hutan","drainase_skor":0,"flood_hist":"pernah banjir","slope":-0.566858,"geology":"Eluvium; Lumpur (datar; berpotensi genangan)","label":"tinggi","kelurahan":"Benu Benua","warna":"#ef4444"}},{"type":"Feature","geometry":{"type":"Point","coordinates":[122.567052,-3.969929]},"properties":{"id":367,"curah_hujan":1991.5,"jenis_tanah":"Dystrudepts","kemiringan":"0-8% (Datar)","penggunaan_lahan":"Hutan","drainase_skor":0,"flood_hist":"pernah banjir","slope":-0.58579,"geology":"Eluvium; Lumpur (datar; berpotensi genangan)","label":"tinggi","kelurahan":"Benu Benua","warna":"#ef4444"}},{"type":"Feature","geometry":{"type":"Point","coordinates":[122.566677,-3.969879]},"properties":{"id":368,"curah_hujan":1991.5,"jenis_tanah":"Dystrudepts","kemiringan":"0-8% (Datar)","penggunaan_lahan":"Hutan","drainase_skor":0,"flood_hist":"pernah banjir","slope":-0.940915,"geology":"Eluvium; Lumpur (datar; berpotensi genangan)","label":"tinggi","kelurahan":"Benu Benua","warna":"#ef4444"}},{"type":"Feature","geometry":{"type":"Point","coordinates":[122.566377,-3.969728]},"properties":{"id":369,"curah_hujan":1991.5,"jenis_tanah":"Dystrudepts","kemiringan":"0-8% (Datar)","penggunaan_lahan":"Hutan","drainase_skor":0,"flood_hist":"pernah banjir","slope":-0.40532,"geology":"Eluvium; Lumpur (datar; berpotensi genangan)","label":"tinggi","kelurahan":"Benu Benua","warna":"#ef4444"}},{"type":"Feature","geometry":{"type":"Point","coordinates":[122.566027,-3.969652]},"properties":{"id":370,"curah_hujan":1991.5,"jenis_tanah":"Dystrudepts","kemiringan":"0-8% (Datar)","penggunaan_lahan":"Hutan","drainase_skor":0,"flood_hist":"pernah banjir","slope":0.261364,"geology":"Eluvium; Lumpur (datar; berpotensi genangan)","label":"tinggi","kelurahan":"Benu Benua","warna":"#ef4444"}},{"type":"Feature","geometry":{"type":"Point","coordinates":[122.565727,-3.969652]},"properties":{"id":371,"curah_hujan":1991.5,"jenis_tanah":"Dystrudepts","kemiringan":"8-15% (Landai)","penggunaan_lahan":"Hutan","drainase_skor":0,"flood_hist":"pernah banjir","slope":-0.279044,"geology":"Eluvium; Lumpur (datar; berpotensi genangan)","label":"tinggi","kelurahan":"Benu Benua","warna":"#ef4444"}},{"type":"Feature","geometry":{"type":"Point","coordinates":[122.565677,-3.969732]},"properties":{"id":372,"curah_hujan":1991.5,"jenis_tanah":"Dystrudepts","kemiringan":"8-15% (Landai)","penggunaan_lahan":"Hutan","drainase_skor":0,"flood_hist":"pernah banjir","slope":-0.894068,"geology":"Eluvium; Lumpur (datar; berpotensi genangan)","label":"tinggi","kelurahan":"Tidak Diketahui","warna":"#ef4444"}},{"type":"Feature","geometry":{"type":"Point","coordinates":[122.565372,-3.969682]},"properties":{"id":373,"curah_hujan":1991.5,"jenis_tanah":"Dystrudepts","kemiringan":"8-15% (Landai)","penggunaan_lahan":"Hutan","drainase_skor":0,"flood_hist":"pernah banjir","slope":1.66194,"geology":"Eluvium; Lumpur (datar; berpotensi genangan)","label":"tinggi","kelurahan":"Benu Benua","warna":"#ef4444"}},{"type":"Feature","geometry":{"type":"Point","coordinates":[122.564663,-3.969502]},"properties":{"id":374,"curah_hujan":1991.5,"jenis_tanah":"Dystrudepts","kemiringan":"8-15% (Landai)","penggunaan_lahan":"Hutan","drainase_skor":0,"flood_hist":"pernah banjir","slope":2.647943,"geology":"Lanau; Gamping; Pasir (stabil; cocok untuk permukiman)","label":"tinggi","kelurahan":"Benu Benua","warna":"#ef4444"}},{"type":"Feature","geometry":{"type":"Point","coordinates":[122.564294,-3.969394]},"properties":{"id":375,"curah_hujan":1991.5,"jenis_tanah":"Dystrudepts","kemiringan":"0-8% (Datar)","penggunaan_lahan":"Hutan","drainase_skor":0,"flood_hist":"pernah banjir","slope":-0.060529,"geology":"Eluvium; Lumpur (datar; berpotensi genangan)","label":"tinggi","kelurahan":"Punggaloba","warna":"#ef4444"}},{"type":"Feature","geometry":{"type":"Point","coordinates":[122.564227,-3.969373]},"properties":{"id":376,"curah_hujan":1991.5,"jenis_tanah":"Dystrudepts","kemiringan":"0-8% (Datar)","penggunaan_lahan":"Hutan","drainase_skor":0,"flood_hist":"pernah banjir","slope":-0.711576,"geology":"Eluvium; Lumpur (datar; berpotensi genangan)","label":"tinggi","kelurahan":"Tidak Diketahui","warna":"#ef4444"}},{"type":"Feature","geometry":{"type":"Point","coordinates":[122.5637,-3.969098]},"properties":{"id":377,"curah_hujan":1991.5,"jenis_tanah":"Dystrudepts","kemiringan":"8-15% (Landai)","penggunaan_lahan":"Hutan","drainase_skor":0,"flood_hist":"pernah banjir","slope":-0.889743,"geology":"Eluvium; Lumpur (datar; berpotensi genangan)","label":"tinggi","kelurahan":"Punggaloba","warna":"#ef4444"}},{"type":"Feature","geometry":{"type":"Point","coordinates":[122.56335,-3.968922]},"properties":{"id":378,"curah_hujan":1991.5,"jenis_tanah":"Dystrudepts","kemiringan":"8-15% (Landai)","penggunaan_lahan":"Hutan","drainase_skor":0,"flood_hist":"pernah banjir","slope":-1.417229,"geology":"Eluvium; Lumpur (datar; berpotensi genangan)","label":"tinggi","kelurahan":"Punggaloba","warna":"#ef4444"}},{"type":"Feature","geometry":{"type":"Point","coordinates":[122.56305,-3.968822]},"properties":{"id":379,"curah_hujan":1991.5,"jenis_tanah":"Dystrudepts","kemiringan":"0-8% (Datar)","penggunaan_lahan":"Hutan","drainase_skor":0,"flood_hist":"pernah banjir","slope":-1.975674,"geology":"Eluvium; Lumpur (datar; berpotensi genangan)","label":"tinggi","kelurahan":"Punggaloba","warna":"#ef4444"}},{"type":"Feature","geometry":{"type":"Point","coordinates":[122.5628,-3.968671]},"properties":{"id":380,"curah_hujan":1991.5,"jenis_tanah":"Dystrudepts","kemiringan":"0-8% (Datar)","penggunaan_lahan":"Hutan","drainase_skor":0,"flood_hist":"pernah banjir","slope":-1.97862,"geology":"Eluvium; Lumpur (datar; berpotensi genangan)","label":"tinggi","kelurahan":"Punggaloba","warna":"#ef4444"}},{"type":"Feature","geometry":{"type":"Point","coordinates":[122.562793,-3.968668]},"properties":{"id":381,"curah_hujan":1991.5,"jenis_tanah":"Dystrudepts","kemiringan":"0-8% (Datar)","penggunaan_lahan":"Hutan","drainase_skor":0,"flood_hist":"pernah banjir","slope":-1.97862,"geology":"Eluvium; Lumpur (datar; berpotensi genangan)","label":"tinggi","kelurahan":"Punggaloba","warna":"#ef4444"}},{"type":"Feature","geometry":{"type":"Point","coordinates":[122.562444,-3.968405]},"properties":{"id":382,"curah_hujan":1991.5,"jenis_tanah":"Dystrudepts","kemiringan":"0-8% (Datar)","penggunaan_lahan":"Hutan","drainase_skor":0,"flood_hist":"pernah banjir","slope":-1.643556,"geology":"Eluvium; Lumpur (datar; berpotensi genangan)","label":"tinggi","kelurahan":"Punggaloba","warna":"#ef4444"}},{"type":"Feature","geometry":{"type":"Point","coordinates":[122.56232,-3.968325]},"properties":{"id":383,"curah_hujan":1991.5,"jenis_tanah":"Dystrudepts","kemiringan":"8-15% (Landai)","penggunaan_lahan":"Hutan","drainase_skor":0,"flood_hist":"pernah banjir","slope":-1.574248,"geology":"Eluvium; Lumpur (datar; berpotensi genangan)","label":"tinggi","kelurahan":"Punggaloba","warna":"#ef4444"}},{"type":"Feature","geometry":{"type":"Point","coordinates":[122.562275,-3.968269]},"properties":{"id":384,"curah_hujan":1991.5,"jenis_tanah":"Dystrudepts","kemiringan":"8-15% (Landai)","penggunaan_lahan":"Hutan","drainase_skor":0,"flood_hist":"pernah banjir","slope":-1.476138,"geology":"Eluvium; Lumpur (datar; berpotensi genangan)","label":"tinggi","kelurahan":"Punggaloba","warna":"#ef4444"}},{"type":"Feature","geometry":{"type":"Point","coordinates":[122.562201,-3.968249]},"properties":{"id":385,"curah_hujan":1991.5,"jenis_tanah":"Dystrudepts","kemiringan":"8-15% (Landai)","penggunaan_lahan":"Hutan","drainase_skor":0,"flood_hist":"pernah banjir","slope":-1.73541,"geology":"Eluvium; Lumpur (datar; berpotensi genangan)","label":"tinggi","kelurahan":"Punggaloba","warna":"#ef4444"}},{"type":"Feature","geometry":{"type":"Point","coordinates":[122.562091,-3.968179]},"properties":{"id":386,"curah_hujan":1991.5,"jenis_tanah":"Dystrudepts","kemiringan":"8-15% (Landai)","penggunaan_lahan":"Hutan","drainase_skor":0,"flood_hist":"pernah banjir","slope":-1.560488,"geology":"Eluvium; Lumpur (datar; berpotensi genangan)","label":"tinggi","kelurahan":"Punggaloba","warna":"#ef4444"}},{"type":"Feature","geometry":{"type":"Point","coordinates":[122.56188,-3.968035]},"properties":{"id":387,"curah_hujan":1991.5,"jenis_tanah":"Dystrudepts","kemiringan":"8-15% (Landai)","penggunaan_lahan":"Hutan","drainase_skor":0,"flood_hist":"pernah banjir","slope":-1.64638,"geology":"Eluvium; Lumpur (datar; berpotensi genangan)","label":"tinggi","kelurahan":"Punggaloba","warna":"#ef4444"}},{"type":"Feature","geometry":{"type":"Point","coordinates":[122.561623,-3.967869]},"properties":{"id":388,"curah_hujan":1991.5,"jenis_tanah":"Dystrudepts","kemiringan":"0-8% (Datar)","penggunaan_lahan":"Hutan","drainase_skor":0,"flood_hist":"pernah banjir","slope":-0.975858,"geology":"Eluvium; Lumpur (datar; berpotensi genangan)","label":"tinggi","kelurahan":"Punggaloba","warna":"#ef4444"}},{"type":"Feature","geometry":{"type":"Point","coordinates":[122.561608,-3.967859]},"properties":{"id":389,"curah_hujan":1991.5,"jenis_tanah":"Dystrudepts","kemiringan":"0-8% (Datar)","penggunaan_lahan":"Hutan","drainase_skor":0,"flood_hist":"pernah banjir","slope":-0.975858,"geology":"Eluvium; Lumpur (datar; berpotensi genangan)","label":"tinggi","kelurahan":"Punggaloba","warna":"#ef4444"}},{"type":"Feature","geometry":{"type":"Point","coordinates":[122.56156,-3.967849]},"properties":{"id":390,"curah_hujan":1991.5,"jenis_tanah":"Dystrudepts","kemiringan":"0-8% (Datar)","penggunaan_lahan":"Hutan","drainase_skor":0,"flood_hist":"pernah banjir","slope":-1.005924,"geology":"Eluvium; Lumpur (datar; berpotensi genangan)","label":"tinggi","kelurahan":"Punggaloba","warna":"#ef4444"}},{"type":"Feature","geometry":{"type":"Point","coordinates":[122.561309,-3.967793]},"properties":{"id":391,"curah_hujan":1991.5,"jenis_tanah":"Dystrudepts","kemiringan":"0-8% (Datar)","penggunaan_lahan":"Hutan","drainase_skor":0,"flood_hist":"pernah banjir","slope":-0.205521,"geology":"Eluvium; Lumpur (datar; berpotensi genangan)","label":"tinggi","kelurahan":"Punggaloba","warna":"#ef4444"}},{"type":"Feature","geometry":{"type":"Point","coordinates":[122.561197,-3.967767]},"properties":{"id":392,"curah_hujan":1991.5,"jenis_tanah":"Dystrudepts","kemiringan":"0-8% (Datar)","penggunaan_lahan":"Hutan","drainase_skor":0,"flood_hist":"pernah banjir","slope":-0.35393,"geology":"Eluvium; Lumpur (datar; berpotensi genangan)","label":"tinggi","kelurahan":"Punggaloba","warna":"#ef4444"}},{"type":"Feature","geometry":{"type":"Point","coordinates":[122.56106,-3.967733]},"properties":{"id":393,"curah_hujan":1991.5,"jenis_tanah":"Dystrudepts","kemiringan":"0-8% (Datar)","penggunaan_lahan":"Hutan","drainase_skor":0,"flood_hist":"pernah banjir","slope":-0.197525,"geology":"Eluvium; Lumpur (datar; berpotensi genangan)","label":"tinggi","kelurahan":"Punggaloba","warna":"#ef4444"}},{"type":"Feature","geometry":{"type":"Point","coordinates":[122.560921,-3.967698]},"properties":{"id":394,"curah_hujan":1991.5,"jenis_tanah":"Dystrudepts","kemiringan":"0-8% (Datar)","penggunaan_lahan":"Hutan","drainase_skor":0,"flood_hist":"pernah banjir","slope":-0.161876,"geology":"Eluvium; Lumpur (datar; berpotensi genangan)","label":"tinggi","kelurahan":"Punggaloba","warna":"#ef4444"}},{"type":"Feature","geometry":{"type":"Point","coordinates":[122.560805,-3.967669]},"properties":{"id":395,"curah_hujan":1991.5,"jenis_tanah":"Dystrudepts","kemiringan":"0-8% (Datar)","penggunaan_lahan":"Hutan","drainase_skor":0,"flood_hist":"pernah banjir","slope":0.422426,"geology":"Eluvium; Lumpur (datar; berpotensi genangan)","label":"tinggi","kelurahan":"Punggaloba","warna":"#ef4444"}},{"type":"Feature","geometry":{"type":"Point","coordinates":[122.560749,-3.967655]},"properties":{"id":396,"curah_hujan":1991.5,"jenis_tanah":"Dystrudepts","kemiringan":"0-8% (Datar)","penggunaan_lahan":"Hutan","drainase_skor":0,"flood_hist":"pernah banjir","slope":0.422426,"geology":"Eluvium; Lumpur (datar; berpotensi genangan)","label":"tinggi","kelurahan":"Punggaloba","warna":"#ef4444"}},{"type":"Feature","geometry":{"type":"Point","coordinates":[122.560292,-3.96758]},"properties":{"id":397,"curah_hujan":1991.5,"jenis_tanah":"Dystrudepts","kemiringan":"0-8% (Datar)","penggunaan_lahan":"Hutan","drainase_skor":0,"flood_hist":"pernah banjir","slope":-0.265443,"geology":"Eluvium; Lumpur (datar; berpotensi genangan)","label":"tinggi","kelurahan":"Punggaloba","warna":"#ef4444"}},{"type":"Feature","geometry":{"type":"Point","coordinates":[122.56023,-3.96757]},"properties":{"id":398,"curah_hujan":1991.5,"jenis_tanah":"Dystrudepts","kemiringan":"0-8% (Datar)","penggunaan_lahan":"Hutan","drainase_skor":0,"flood_hist":"pernah banjir","slope":-0.295865,"geology":"Eluvium; Lumpur (datar; berpotensi genangan)","label":"tinggi","kelurahan":"Punggaloba","warna":"#ef4444"}},{"type":"Feature","geometry":{"type":"Point","coordinates":[122.560186,-3.967563]},"properties":{"id":399,"curah_hujan":1991.5,"jenis_tanah":"Dystrudepts","kemiringan":"0-8% (Datar)","penggunaan_lahan":"Hutan","drainase_skor":0,"flood_hist":"pernah banjir","slope":-0.380856,"geology":"Eluvium; Lumpur (datar; berpotensi genangan)","label":"tinggi","kelurahan":"Punggaloba","warna":"#ef4444"}},{"type":"Feature","geometry":{"type":"Point","coordinates":[122.560117,-3.967552]},"properties":{"id":400,"curah_hujan":1991.5,"jenis_tanah":"Dystrudepts","kemiringan":"0-8% (Datar)","penggunaan_lahan":"Hutan","drainase_skor":0,"flood_hist":"pernah banjir","slope":-0.507878,"geology":"Eluvium; Lumpur (datar; berpotensi genangan)","label":"tinggi","kelurahan":"Punggaloba","warna":"#ef4444"}},{"type":"Feature","geometry":{"type":"Point","coordinates":[122.560057,-3.96754]},"properties":{"id":401,"curah_hujan":1991.5,"jenis_tanah":"Dystrudepts","kemiringan":"0-8% (Datar)","penggunaan_lahan":"Hutan","drainase_skor":0,"flood_hist":"pernah banjir","slope":-0.542179,"geology":"Eluvium; Lumpur (datar; berpotensi genangan)","label":"tinggi","kelurahan":"Punggaloba","warna":"#ef4444"}},{"type":"Feature","geometry":{"type":"Point","coordinates":[122.559986,-3.967526]},"properties":{"id":402,"curah_hujan":1991.5,"jenis_tanah":"Dystrudepts","kemiringan":"0-8% (Datar)","penggunaan_lahan":"Hutan","drainase_skor":0,"flood_hist":"pernah banjir","slope":0.403039,"geology":"Eluvium; Lumpur (datar; berpotensi genangan)","label":"tinggi","kelurahan":"Punggaloba","warna":"#ef4444"}},{"type":"Feature","geometry":{"type":"Point","coordinates":[122.559869,-3.967503]},"properties":{"id":403,"curah_hujan":1991.5,"jenis_tanah":"Dystrudepts","kemiringan":"0-8% (Datar)","penggunaan_lahan":"Hutan","drainase_skor":0,"flood_hist":"pernah banjir","slope":0.418676,"geology":"Eluvium; Lumpur (datar; berpotensi genangan)","label":"tinggi","kelurahan":"Punggaloba","warna":"#ef4444"}},{"type":"Feature","geometry":{"type":"Point","coordinates":[122.559659,-3.967462]},"properties":{"id":404,"curah_hujan":1991.5,"jenis_tanah":"Dystrudepts","kemiringan":"0-8% (Datar)","penggunaan_lahan":"Hutan","drainase_skor":0,"flood_hist":"pernah banjir","slope":-0.723313,"geology":"Eluvium; Lumpur (datar; berpotensi genangan)","label":"tinggi","kelurahan":"Punggaloba","warna":"#ef4444"}},{"type":"Feature","geometry":{"type":"Point","coordinates":[122.559503,-3.96743]},"properties":{"id":405,"curah_hujan":1991.5,"jenis_tanah":"Dystrudepts","kemiringan":"0-8% (Datar)","penggunaan_lahan":"Hutan","drainase_skor":0,"flood_hist":"pernah banjir","slope":-0.069999,"geology":"Eluvium; Lumpur (datar; berpotensi genangan)","label":"tinggi","kelurahan":"Punggaloba","warna":"#ef4444"}},{"type":"Feature","geometry":{"type":"Point","coordinates":[122.559311,-3.967392]},"properties":{"id":406,"curah_hujan":1991.5,"jenis_tanah":"Dystrudepts","kemiringan":"0-8% (Datar)","penggunaan_lahan":"Hutan","drainase_skor":0,"flood_hist":"pernah banjir","slope":-0.380079,"geology":"Eluvium; Lumpur (datar; berpotensi genangan)","label":"tinggi","kelurahan":"Punggaloba","warna":"#ef4444"}},{"type":"Feature","geometry":{"type":"Point","coordinates":[122.559276,-3.967386]},"properties":{"id":407,"curah_hujan":1991.5,"jenis_tanah":"Dystrudepts","kemiringan":"0-8% (Datar)","penggunaan_lahan":"Hutan","drainase_skor":0,"flood_hist":"pernah banjir","slope":-0.380079,"geology":"Eluvium; Lumpur (datar; berpotensi genangan)","label":"tinggi","kelurahan":"Punggaloba","warna":"#ef4444"}},{"type":"Feature","geometry":{"type":"Point","coordinates":[122.558098,-3.967111]},"properties":{"id":408,"curah_hujan":1991.5,"jenis_tanah":"Dystrudepts","kemiringan":"8-15% (Landai)","penggunaan_lahan":"Hutan","drainase_skor":0,"flood_hist":"pernah banjir","slope":0.071642,"geology":"Eluvium; Lumpur (datar; berpotensi genangan)","label":"tinggi","kelurahan":"Punggaloba","warna":"#ef4444"}},{"type":"Feature","geometry":{"type":"Point","coordinates":[122.557572,-3.967035]},"properties":{"id":409,"curah_hujan":1991.5,"jenis_tanah":"Dystrudepts","kemiringan":"0-8% (Datar)","penggunaan_lahan":"Hutan","drainase_skor":0,"flood_hist":"pernah banjir","slope":0.349799,"geology":"Eluvium; Lumpur (datar; berpotensi genangan)","label":"tinggi","kelurahan":"Punggaloba","warna":"#ef4444"}},{"type":"Feature","geometry":{"type":"Point","coordinates":[122.557272,-3.966985]},"properties":{"id":410,"curah_hujan":1991.5,"jenis_tanah":"Dystrudepts","kemiringan":"8-15% (Landai)","penggunaan_lahan":"Hutan","drainase_skor":0,"flood_hist":"pernah banjir","slope":-0.190587,"geology":"Eluvium; Lumpur (datar; berpotensi genangan)","label":"tinggi","kelurahan":"Punggaloba","warna":"#ef4444"}},{"type":"Feature","geometry":{"type":"Point","coordinates":[122.557046,-3.966963]},"properties":{"id":411,"curah_hujan":1991.5,"jenis_tanah":"Dystrudepts","kemiringan":"0-8% (Datar)","penggunaan_lahan":"Hutan","drainase_skor":0,"flood_hist":"pernah banjir","slope":-0.562865,"geology":"Eluvium; Lumpur (datar; berpotensi genangan)","label":"tinggi","kelurahan":"Punggaloba","warna":"#ef4444"}},{"type":"Feature","geometry":{"type":"Point","coordinates":[122.556946,-3.966945]},"properties":{"id":412,"curah_hujan":1991.5,"jenis_tanah":"Dystrudepts","kemiringan":"8-15% (Landai)","penggunaan_lahan":"Hutan","drainase_skor":0,"flood_hist":"pernah banjir","slope":-0.817565,"geology":"Eluvium; Lumpur (datar; berpotensi genangan)","label":"tinggi","kelurahan":"Punggaloba","warna":"#ef4444"}},{"type":"Feature","geometry":{"type":"Point","coordinates":[122.556624,-3.966898]},"properties":{"id":413,"curah_hujan":1991.5,"jenis_tanah":"Dystrudepts","kemiringan":"8-15% (Landai)","penggunaan_lahan":"Hutan","drainase_skor":0,"flood_hist":"pernah banjir","slope":-0.40214,"geology":"Eluvium; Lumpur (datar; berpotensi genangan)","label":"tinggi","kelurahan":"Punggaloba","warna":"#ef4444"}},{"type":"Feature","geometry":{"type":"Point","coordinates":[122.556437,-3.966875]},"properties":{"id":414,"curah_hujan":1991.5,"jenis_tanah":"Dystrudepts","kemiringan":"0-8% (Datar)","penggunaan_lahan":"Hutan","drainase_skor":0,"flood_hist":"pernah banjir","slope":-0.457903,"geology":"Eluvium; Lumpur (datar; berpotensi genangan)","label":"tinggi","kelurahan":"Tipulu","warna":"#ef4444"}},{"type":"Feature","geometry":{"type":"Point","coordinates":[122.556128,-3.966868]},"properties":{"id":415,"curah_hujan":1991.5,"jenis_tanah":"Dystrudepts","kemiringan":"0-8% (Datar)","penggunaan_lahan":"Hutan","drainase_skor":0,"flood_hist":"pernah banjir","slope":-0.188649,"geology":"Eluvium; Lumpur (datar; berpotensi genangan)","label":"tinggi","kelurahan":"Tipulu","warna":"#ef4444"}},{"type":"Feature","geometry":{"type":"Point","coordinates":[122.555814,-3.966885]},"properties":{"id":416,"curah_hujan":1991.5,"jenis_tanah":"Dystrudepts","kemiringan":"0-8% (Datar)","penggunaan_lahan":"Hutan","drainase_skor":0,"flood_hist":"pernah banjir","slope":0.327695,"geology":"Eluvium; Lumpur (datar; berpotensi genangan)","label":"tinggi","kelurahan":"Tipulu","warna":"#ef4444"}},{"type":"Feature","geometry":{"type":"Point","coordinates":[122.555409,-3.966896]},"properties":{"id":417,"curah_hujan":1991.5,"jenis_tanah":"Dystrudepts","kemiringan":"0-8% (Datar)","penggunaan_lahan":"Hutan","drainase_skor":0,"flood_hist":"pernah banjir","slope":0.521044,"geology":"Eluvium; Lumpur (datar; berpotensi genangan)","label":"tinggi","kelurahan":"Tipulu","warna":"#ef4444"}},{"type":"Feature","geometry":{"type":"Point","coordinates":[122.555118,-3.966921]},"properties":{"id":418,"curah_hujan":1991.5,"jenis_tanah":"Dystrudepts","kemiringan":"0-8% (Datar)","penggunaan_lahan":"Hutan","drainase_skor":0,"flood_hist":"pernah banjir","slope":0.285043,"geology":"Eluvium; Lumpur (datar; berpotensi genangan)","label":"tinggi","kelurahan":"Tipulu","warna":"#ef4444"}},{"type":"Feature","geometry":{"type":"Point","coordinates":[122.55465,-3.966957]},"properties":{"id":419,"curah_hujan":1991.5,"jenis_tanah":"Dystrudepts","kemiringan":"8-15% (Landai)","penggunaan_lahan":"Hutan","drainase_skor":0,"flood_hist":"pernah banjir","slope":0.797513,"geology":"Eluvium; Lumpur (datar; berpotensi genangan)","label":"tinggi","kelurahan":"Tipulu","warna":"#ef4444"}},{"type":"Feature","geometry":{"type":"Point","coordinates":[122.554482,-3.966974]},"properties":{"id":420,"curah_hujan":1991.5,"jenis_tanah":"Dystrudepts","kemiringan":"8-15% (Landai)","penggunaan_lahan":"Hutan","drainase_skor":0,"flood_hist":"pernah banjir","slope":-0.035864,"geology":"Eluvium; Lumpur (datar; berpotensi genangan)","label":"tinggi","kelurahan":"Tipulu","warna":"#ef4444"}},{"type":"Feature","geometry":{"type":"Point","coordinates":[122.554135,-3.966962]},"properties":{"id":421,"curah_hujan":1991.5,"jenis_tanah":"Dystrudepts","kemiringan":"0-8% (Datar)","penggunaan_lahan":"Hutan","drainase_skor":0,"flood_hist":"pernah banjir","slope":-0.861673,"geology":"Eluvium; Lumpur (datar; berpotensi genangan)","label":"tinggi","kelurahan":"Tipulu","warna":"#ef4444"}},{"type":"Feature","geometry":{"type":"Point","coordinates":[122.553767,-3.966939]},"properties":{"id":422,"curah_hujan":1991.5,"jenis_tanah":"Dystrudepts","kemiringan":"8-15% (Landai)","penggunaan_lahan":"Hutan","drainase_skor":0,"flood_hist":"pernah banjir","slope":-0.863985,"geology":"Eluvium; Lumpur (datar; berpotensi genangan)","label":"tinggi","kelurahan":"Tipulu","warna":"#ef4444"}},{"type":"Feature","geometry":{"type":"Point","coordinates":[122.553036,-3.966902]},"properties":{"id":423,"curah_hujan":1991.5,"jenis_tanah":"Dystrudepts","kemiringan":"0-8% (Datar)","penggunaan_lahan":"Hutan","drainase_skor":0,"flood_hist":"pernah banjir","slope":-0.912649,"geology":"Eluvium; Lumpur (datar; berpotensi genangan)","label":"tinggi","kelurahan":"Tipulu","warna":"#ef4444"}},{"type":"Feature","geometry":{"type":"Point","coordinates":[122.552233,-3.966846]},"properties":{"id":424,"curah_hujan":1991.5,"jenis_tanah":"Dystrudepts","kemiringan":"8-15% (Landai)","penggunaan_lahan":"Hutan","drainase_skor":0,"flood_hist":"pernah banjir","slope":-0.455832,"geology":"Eluvium; Lumpur (datar; berpotensi genangan)","label":"tinggi","kelurahan":"Tipulu","warna":"#ef4444"}},{"type":"Feature","geometry":{"type":"Point","coordinates":[122.551853,-3.966837]},"properties":{"id":425,"curah_hujan":1991.5,"jenis_tanah":"Dystrudepts","kemiringan":"0-8% (Datar)","penggunaan_lahan":"Hutan","drainase_skor":0,"flood_hist":"pernah banjir","slope":-0.225705,"geology":"Eluvium; Lumpur (datar; berpotensi genangan)","label":"tinggi","kelurahan":"Tipulu","warna":"#ef4444"}},{"type":"Feature","geometry":{"type":"Point","coordinates":[122.551776,-3.966837]},"properties":{"id":426,"curah_hujan":1991.5,"jenis_tanah":"Dystrudepts","kemiringan":"0-8% (Datar)","penggunaan_lahan":"Hutan","drainase_skor":0,"flood_hist":"pernah banjir","slope":-0.214727,"geology":"Eluvium; Lumpur (datar; berpotensi genangan)","label":"tinggi","kelurahan":"Tipulu","warna":"#ef4444"}},{"type":"Feature","geometry":{"type":"Point","coordinates":[122.551716,-3.966842]},"properties":{"id":427,"curah_hujan":1991.5,"jenis_tanah":"Dystrudepts","kemiringan":"0-8% (Datar)","penggunaan_lahan":"Hutan","drainase_skor":0,"flood_hist":"pernah banjir","slope":-0.221161,"geology":"Eluvium; Lumpur (datar; berpotensi genangan)","label":"tinggi","kelurahan":"Tipulu","warna":"#ef4444"}},{"type":"Feature","geometry":{"type":"Point","coordinates":[122.551641,-3.966867]},"properties":{"id":428,"curah_hujan":1991.5,"jenis_tanah":"Dystrudepts","kemiringan":"0-8% (Datar)","penggunaan_lahan":"Hutan","drainase_skor":0,"flood_hist":"pernah banjir","slope":-0.822366,"geology":"Eluvium; Lumpur (datar; berpotensi genangan)","label":"tinggi","kelurahan":"Tipulu","warna":"#ef4444"}},{"type":"Feature","geometry":{"type":"Point","coordinates":[122.551617,-3.966883]},"properties":{"id":429,"curah_hujan":1991.5,"jenis_tanah":"Dystrudepts","kemiringan":"0-8% (Datar)","penggunaan_lahan":"Hutan","drainase_skor":0,"flood_hist":"pernah banjir","slope":-0.822366,"geology":"Eluvium; Lumpur (datar; berpotensi genangan)","label":"tinggi","kelurahan":"Tipulu","warna":"#ef4444"}},{"type":"Feature","geometry":{"type":"Point","coordinates":[122.55143,-3.966883]},"properties":{"id":430,"curah_hujan":1991.5,"jenis_tanah":"Dystrudepts","kemiringan":"0-8% (Datar)","penggunaan_lahan":"Hutan","drainase_skor":0,"flood_hist":"pernah banjir","slope":0.282271,"geology":"Eluvium; Lumpur (datar; berpotensi genangan)","label":"tinggi","kelurahan":"Tipulu","warna":"#ef4444"}},{"type":"Feature","geometry":{"type":"Point","coordinates":[122.55103,-3.966908]},"properties":{"id":431,"curah_hujan":1991.5,"jenis_tanah":"Dystrudepts","kemiringan":"8-15% (Landai)","penggunaan_lahan":"Hutan","drainase_skor":0,"flood_hist":"pernah banjir","slope":1.530585,"geology":"Eluvium; Lumpur (datar; berpotensi genangan)","label":"tinggi","kelurahan":"Tipulu","warna":"#ef4444"}},{"type":"Feature","geometry":{"type":"Point","coordinates":[122.550655,-3.967134]},"properties":{"id":432,"curah_hujan":1991.5,"jenis_tanah":"Dystrudepts","kemiringan":"0-8% (Datar)","penggunaan_lahan":"Hutan","drainase_skor":0,"flood_hist":"pernah banjir","slope":0.747936,"geology":"Eluvium; Lumpur (datar; berpotensi genangan)","label":"tinggi","kelurahan":"Tipulu","warna":"#ef4444"}},{"type":"Feature","geometry":{"type":"Point","coordinates":[122.550429,-3.967159]},"properties":{"id":433,"curah_hujan":1991.5,"jenis_tanah":"Dystrudepts","kemiringan":"0-8% (Datar)","penggunaan_lahan":"Hutan","drainase_skor":0,"flood_hist":"pernah banjir","slope":0.073514,"geology":"Eluvium; Lumpur (datar; berpotensi genangan)","label":"tinggi","kelurahan":"Tidak Diketahui","warna":"#ef4444"}},{"type":"Feature","geometry":{"type":"Point","coordinates":[122.550029,-3.967108]},"properties":{"id":434,"curah_hujan":1991.5,"jenis_tanah":"Dystrudepts","kemiringan":"15-25% (Agak Curam)","penggunaan_lahan":"Hutan","drainase_skor":0,"flood_hist":"pernah banjir","slope":2.514809,"geology":"Lanau; Gamping; Pasir (stabil; cocok untuk permukiman)","label":"tinggi","kelurahan":"Tipulu","warna":"#ef4444"}},{"type":"Feature","geometry":{"type":"Point","coordinates":[122.549829,-3.967083]},"properties":{"id":435,"curah_hujan":1991.5,"jenis_tanah":"Dystrudepts","kemiringan":"0-8% (Datar)","penggunaan_lahan":"Hutan","drainase_skor":0,"flood_hist":"pernah banjir","slope":4.598123,"geology":"Lanau; Gamping; Pasir (stabil; cocok untuk permukiman)","label":"tinggi","kelurahan":"Tipulu","warna":"#ef4444"}},{"type":"Feature","geometry":{"type":"Point","coordinates":[122.549479,-3.967158]},"properties":{"id":436,"curah_hujan":1991.5,"jenis_tanah":"Dystrudepts","kemiringan":"25-45% (Curam)","penggunaan_lahan":"Hutan","drainase_skor":0,"flood_hist":"pernah banjir","slope":4.369372,"geology":"Lanau; Gamping; Pasir (stabil; cocok untuk permukiman)","label":"tinggi","kelurahan":"Tipulu","warna":"#ef4444"}},{"type":"Feature","geometry":{"type":"Point","coordinates":[122.549153,-3.967208]},"properties":{"id":437,"curah_hujan":1991.5,"jenis_tanah":"Dystrudepts","kemiringan":"15-25% (Agak Curam)","penggunaan_lahan":"Hutan","drainase_skor":0,"flood_hist":"pernah banjir","slope":3.671094,"geology":"Lanau; Gamping; Pasir (stabil; cocok untuk permukiman)","label":"tinggi","kelurahan":"Tipulu","warna":"#ef4444"}},{"type":"Feature","geometry":{"type":"Point","coordinates":[122.548728,-3.967183]},"properties":{"id":438,"curah_hujan":1991.5,"jenis_tanah":"Dystrudepts","kemiringan":"8-15% (Landai)","penggunaan_lahan":"Hutan","drainase_skor":0,"flood_hist":"pernah banjir","slope":0.721699,"geology":"Eluvium; Lumpur (datar; berpotensi genangan)","label":"tinggi","kelurahan":"Tipulu","warna":"#ef4444"}},{"type":"Feature","geometry":{"type":"Point","coordinates":[122.548404,-3.967082]},"properties":{"id":439,"curah_hujan":1991.5,"jenis_tanah":"Dystrudepts","kemiringan":"8-15% (Landai)","penggunaan_lahan":"Hutan","drainase_skor":0,"flood_hist":"pernah banjir","slope":2.138928,"geology":"Lanau; Gamping; Pasir (stabil; cocok untuk permukiman)","label":"tinggi","kelurahan":"Tipulu","warna":"#ef4444"}},{"type":"Feature","geometry":{"type":"Point","coordinates":[122.548178,-3.966831]},"properties":{"id":440,"curah_hujan":1991.5,"jenis_tanah":"Dystrudepts","kemiringan":"0-8% (Datar)","penggunaan_lahan":"Hutan","drainase_skor":0,"flood_hist":"pernah banjir","slope":0.704688,"geology":"Eluvium; Lumpur (datar; berpotensi genangan)","label":"tinggi","kelurahan":"Tipulu","warna":"#ef4444"}},{"type":"Feature","geometry":{"type":"Point","coordinates":[122.548168,-3.966826]},"properties":{"id":441,"curah_hujan":1991.5,"jenis_tanah":"Dystrudepts","kemiringan":"0-8% (Datar)","penggunaan_lahan":"Hutan","drainase_skor":0,"flood_hist":"pernah banjir","slope":0.704688,"geology":"Eluvium; Lumpur (datar; berpotensi genangan)","label":"tinggi","kelurahan":"Tipulu","warna":"#ef4444"}},{"type":"Feature","geometry":{"type":"Point","coordinates":[122.548163,-3.96682]},"properties":{"id":442,"curah_hujan":1991.5,"jenis_tanah":"Dystrudepts","kemiringan":"0-8% (Datar)","penggunaan_lahan":"Hutan","drainase_skor":0,"flood_hist":"pernah banjir","slope":0.704688,"geology":"Eluvium; Lumpur (datar; berpotensi genangan)","label":"tinggi","kelurahan":"Tipulu","warna":"#ef4444"}},{"type":"Feature","geometry":{"type":"Point","coordinates":[122.548051,-3.966734]},"properties":{"id":443,"curah_hujan":1991.5,"jenis_tanah":"Dystrudepts","kemiringan":"0-8% (Datar)","penggunaan_lahan":"Hutan","drainase_skor":0,"flood_hist":"pernah banjir","slope":0.51576,"geology":"Eluvium; Lumpur (datar; berpotensi genangan)","label":"tinggi","kelurahan":"Tidak Diketahui","warna":"#ef4444"}},{"type":"Feature","geometry":{"type":"Point","coordinates":[122.54798,-3.966702]},"properties":{"id":444,"curah_hujan":1991.5,"jenis_tanah":"Dystrudepts","kemiringan":"0-8% (Datar)","penggunaan_lahan":"Hutan","drainase_skor":0,"flood_hist":"pernah banjir","slope":0.752156,"geology":"Eluvium; Lumpur (datar; berpotensi genangan)","label":"tinggi","kelurahan":"Tidak Diketahui","warna":"#ef4444"}},{"type":"Feature","geometry":{"type":"Point","coordinates":[122.54787,-3.966674]},"properties":{"id":445,"curah_hujan":1991.5,"jenis_tanah":"Dystrudepts","kemiringan":"0-8% (Datar)","penggunaan_lahan":"Hutan","drainase_skor":0,"flood_hist":"pernah banjir","slope":0.336216,"geology":"Eluvium; Lumpur (datar; berpotensi genangan)","label":"tinggi","kelurahan":"Tipulu","warna":"#ef4444"}},{"type":"Feature","geometry":{"type":"Point","coordinates":[122.54784,-3.966671]},"properties":{"id":446,"curah_hujan":1991.5,"jenis_tanah":"Dystrudepts","kemiringan":"0-8% (Datar)","penggunaan_lahan":"Hutan","drainase_skor":0,"flood_hist":"pernah banjir","slope":0.026472,"geology":"Eluvium; Lumpur (datar; berpotensi genangan)","label":"tinggi","kelurahan":"Tipulu","warna":"#ef4444"}},{"type":"Feature","geometry":{"type":"Point","coordinates":[122.547753,-3.96663]},"properties":{"id":447,"curah_hujan":1991.5,"jenis_tanah":"Dystrudepts","kemiringan":"0-8% (Datar)","penggunaan_lahan":"Hutan","drainase_skor":0,"flood_hist":"pernah banjir","slope":0.475975,"geology":"Eluvium; Lumpur (datar; berpotensi genangan)","label":"tinggi","kelurahan":"Tipulu","warna":"#ef4444"}},{"type":"Feature","geometry":{"type":"Point","coordinates":[122.546631,-3.966569]},"properties":{"id":448,"curah_hujan":1991.5,"jenis_tanah":"Dystrudepts","kemiringan":"8-15% (Landai)","penggunaan_lahan":"Hutan","drainase_skor":0,"flood_hist":"pernah banjir","slope":-0.69855,"geology":"Eluvium; Lumpur (datar; berpotensi genangan)","label":"tinggi","kelurahan":"Tipulu","warna":"#ef4444"}},{"type":"Feature","geometry":{"type":"Point","coordinates":[122.546536,-3.966561]},"properties":{"id":449,"curah_hujan":1991.5,"jenis_tanah":"Dystrudepts","kemiringan":"8-15% (Landai)","penggunaan_lahan":"Hutan","drainase_skor":0,"flood_hist":"pernah banjir","slope":-0.681876,"geology":"Eluvium; Lumpur (datar; berpotensi genangan)","label":"tinggi","kelurahan":"Tipulu","warna":"#ef4444"}},{"type":"Feature","geometry":{"type":"Point","coordinates":[122.546345,-3.96653]},"properties":{"id":450,"curah_hujan":1991.5,"jenis_tanah":"Dystrudepts","kemiringan":"0-8% (Datar)","penggunaan_lahan":"Hutan","drainase_skor":0,"flood_hist":"pernah banjir","slope":0.033103,"geology":"Eluvium; Lumpur (datar; berpotensi genangan)","label":"tinggi","kelurahan":"Tipulu","warna":"#ef4444"}},{"type":"Feature","geometry":{"type":"Point","coordinates":[122.546086,-3.966489]},"properties":{"id":451,"curah_hujan":1991.5,"jenis_tanah":"Dystrudepts","kemiringan":"0-8% (Datar)","penggunaan_lahan":"Hutan","drainase_skor":0,"flood_hist":"pernah banjir","slope":-0.163506,"geology":"Eluvium; Lumpur (datar; berpotensi genangan)","label":"tinggi","kelurahan":"Tipulu","warna":"#ef4444"}},{"type":"Feature","geometry":{"type":"Point","coordinates":[122.545966,-3.966473]},"properties":{"id":452,"curah_hujan":1991.5,"jenis_tanah":"Dystrudepts","kemiringan":"0-8% (Datar)","penggunaan_lahan":"Hutan","drainase_skor":0,"flood_hist":"pernah banjir","slope":0.544269,"geology":"Eluvium; Lumpur (datar; berpotensi genangan)","label":"tinggi","kelurahan":"Tipulu","warna":"#ef4444"}},{"type":"Feature","geometry":{"type":"Point","coordinates":[122.545697,-3.966451]},"properties":{"id":453,"curah_hujan":1991.5,"jenis_tanah":"Dystrudepts","kemiringan":"0-8% (Datar)","penggunaan_lahan":"Hutan","drainase_skor":0,"flood_hist":"pernah banjir","slope":0.435546,"geology":"Eluvium; Lumpur (datar; berpotensi genangan)","label":"tinggi","kelurahan":"Tipulu","warna":"#ef4444"}},{"type":"Feature","geometry":{"type":"Point","coordinates":[122.545574,-3.966443]},"properties":{"id":454,"curah_hujan":1991.5,"jenis_tanah":"Dystrudepts","kemiringan":"0-8% (Datar)","penggunaan_lahan":"Hutan","drainase_skor":0,"flood_hist":"pernah banjir","slope":0.273477,"geology":"Eluvium; Lumpur (datar; berpotensi genangan)","label":"tinggi","kelurahan":"Tipulu","warna":"#ef4444"}},{"type":"Feature","geometry":{"type":"Point","coordinates":[122.545363,-3.96643]},"properties":{"id":455,"curah_hujan":1991.5,"jenis_tanah":"Dystrudepts","kemiringan":"0-8% (Datar)","penggunaan_lahan":"Hutan","drainase_skor":0,"flood_hist":"pernah banjir","slope":0.132056,"geology":"Eluvium; Lumpur (datar; berpotensi genangan)","label":"tinggi","kelurahan":"Tipulu","warna":"#ef4444"}},{"type":"Feature","geometry":{"type":"Point","coordinates":[122.54522,-3.966424]},"properties":{"id":456,"curah_hujan":1991.5,"jenis_tanah":"Dystrudepts","kemiringan":"0-8% (Datar)","penggunaan_lahan":"Hutan","drainase_skor":0,"flood_hist":"pernah banjir","slope":0.088962,"geology":"Eluvium; Lumpur (datar; berpotensi genangan)","label":"tinggi","kelurahan":"Tipulu","warna":"#ef4444"}},{"type":"Feature","geometry":{"type":"Point","coordinates":[122.545031,-3.966415]},"properties":{"id":457,"curah_hujan":1991.5,"jenis_tanah":"Dystrudepts","kemiringan":"0-8% (Datar)","penggunaan_lahan":"Hutan","drainase_skor":0,"flood_hist":"pernah banjir","slope":0.289738,"geology":"Eluvium; Lumpur (datar; berpotensi genangan)","label":"tinggi","kelurahan":"Tipulu","warna":"#ef4444"}},{"type":"Feature","geometry":{"type":"Point","coordinates":[122.54487,-3.966395]},"properties":{"id":458,"curah_hujan":1991.5,"jenis_tanah":"Dystrudepts","kemiringan":"0-8% (Datar)","penggunaan_lahan":"Hutan","drainase_skor":0,"flood_hist":"pernah banjir","slope":1.032806,"geology":"Eluvium; Lumpur (datar; berpotensi genangan)","label":"tinggi","kelurahan":"Tipulu","warna":"#ef4444"}},{"type":"Feature","geometry":{"type":"Point","coordinates":[122.544627,-3.96637]},"properties":{"id":459,"curah_hujan":1991.5,"jenis_tanah":"Dystrudepts","kemiringan":"0-8% (Datar)","penggunaan_lahan":"Hutan","drainase_skor":0,"flood_hist":"pernah banjir","slope":2.063174,"geology":"Lanau; Gamping; Pasir (stabil; cocok untuk permukiman)","label":"tinggi","kelurahan":"Watu-Watu","warna":"#ef4444"}},{"type":"Feature","geometry":{"type":"Point","coordinates":[122.544469,-3.966354]},"properties":{"id":460,"curah_hujan":1991.5,"jenis_tanah":"Dystrudepts","kemiringan":"0-8% (Datar)","penggunaan_lahan":"Hutan","drainase_skor":0,"flood_hist":"pernah banjir","slope":1.388177,"geology":"Eluvium; Lumpur (datar; berpotensi genangan)","label":"tinggi","kelurahan":"Watu-Watu","warna":"#ef4444"}},{"type":"Feature","geometry":{"type":"Point","coordinates":[122.54429,-3.966343]},"properties":{"id":461,"curah_hujan":1991.5,"jenis_tanah":"Dystrudepts","kemiringan":"0-8% (Datar)","penggunaan_lahan":"Hutan","drainase_skor":0,"flood_hist":"pernah banjir","slope":0.085925,"geology":"Eluvium; Lumpur (datar; berpotensi genangan)","label":"tinggi","kelurahan":"Watu-Watu","warna":"#ef4444"}},{"type":"Feature","geometry":{"type":"Point","coordinates":[122.54414,-3.966337]},"properties":{"id":462,"curah_hujan":1991.5,"jenis_tanah":"Dystrudepts","kemiringan":"0-8% (Datar)","penggunaan_lahan":"Hutan","drainase_skor":0,"flood_hist":"pernah banjir","slope":-0.622791,"geology":"Eluvium; Lumpur (datar; berpotensi genangan)","label":"tinggi","kelurahan":"Watu-Watu","warna":"#ef4444"}},{"type":"Feature","geometry":{"type":"Point","coordinates":[122.544007,-3.966331]},"properties":{"id":463,"curah_hujan":1991.5,"jenis_tanah":"Dystrudepts","kemiringan":"0-8% (Datar)","penggunaan_lahan":"Hutan","drainase_skor":0,"flood_hist":"pernah banjir","slope":0.085373,"geology":"Eluvium; Lumpur (datar; berpotensi genangan)","label":"tinggi","kelurahan":"Watu-Watu","warna":"#ef4444"}},{"type":"Feature","geometry":{"type":"Point","coordinates":[122.543847,-3.966324]},"properties":{"id":464,"curah_hujan":1991.5,"jenis_tanah":"Dystrudepts","kemiringan":"0-8% (Datar)","penggunaan_lahan":"Hutan","drainase_skor":0,"flood_hist":"pernah banjir","slope":-0.426932,"geology":"Eluvium; Lumpur (datar; berpotensi genangan)","label":"tinggi","kelurahan":"Watu-Watu","warna":"#ef4444"}},{"type":"Feature","geometry":{"type":"Point","coordinates":[122.543703,-3.966314]},"properties":{"id":465,"curah_hujan":1991.5,"jenis_tanah":"Dystrudepts","kemiringan":"8-15% (Landai)","penggunaan_lahan":"Hutan","drainase_skor":0,"flood_hist":"pernah banjir","slope":-0.928011,"geology":"Eluvium; Lumpur (datar; berpotensi genangan)","label":"tinggi","kelurahan":"Watu-Watu","warna":"#ef4444"}},{"type":"Feature","geometry":{"type":"Point","coordinates":[122.543472,-3.966299]},"properties":{"id":466,"curah_hujan":1991.5,"jenis_tanah":"Dystrudepts","kemiringan":"8-15% (Landai)","penggunaan_lahan":"Hutan","drainase_skor":0,"flood_hist":"pernah banjir","slope":-0.892583,"geology":"Eluvium; Lumpur (datar; berpotensi genangan)","label":"tinggi","kelurahan":"Watu-Watu","warna":"#ef4444"}},{"type":"Feature","geometry":{"type":"Point","coordinates":[122.543317,-3.96629]},"properties":{"id":467,"curah_hujan":1991.5,"jenis_tanah":"Dystrudepts","kemiringan":"8-15% (Landai)","penggunaan_lahan":"Hutan","drainase_skor":0,"flood_hist":"pernah banjir","slope":-0.797481,"geology":"Eluvium; Lumpur (datar; berpotensi genangan)","label":"tinggi","kelurahan":"Watu-Watu","warna":"#ef4444"}},{"type":"Feature","geometry":{"type":"Point","coordinates":[122.543138,-3.966276]},"properties":{"id":468,"curah_hujan":1991.5,"jenis_tanah":"Dystrudepts","kemiringan":"0-8% (Datar)","penggunaan_lahan":"Hutan","drainase_skor":0,"flood_hist":"pernah banjir","slope":-0.701587,"geology":"Eluvium; Lumpur (datar; berpotensi genangan)","label":"tinggi","kelurahan":"Watu-Watu","warna":"#ef4444"}},{"type":"Feature","geometry":{"type":"Point","coordinates":[122.542971,-3.966268]},"properties":{"id":469,"curah_hujan":1991.5,"jenis_tanah":"Dystrudepts","kemiringan":"0-8% (Datar)","penggunaan_lahan":"Hutan","drainase_skor":0,"flood_hist":"pernah banjir","slope":-0.595426,"geology":"Eluvium; Lumpur (datar; berpotensi genangan)","label":"tinggi","kelurahan":"Watu-Watu","warna":"#ef4444"}},{"type":"Feature","geometry":{"type":"Point","coordinates":[122.542836,-3.966264]},"properties":{"id":470,"curah_hujan":1991.5,"jenis_tanah":"Dystrudepts","kemiringan":"0-8% (Datar)","penggunaan_lahan":"Hutan","drainase_skor":0,"flood_hist":"pernah banjir","slope":-0.534702,"geology":"Eluvium; Lumpur (datar; berpotensi genangan)","label":"tinggi","kelurahan":"Watu-Watu","warna":"#ef4444"}},{"type":"Feature","geometry":{"type":"Point","coordinates":[122.542663,-3.966258]},"properties":{"id":471,"curah_hujan":1991.5,"jenis_tanah":"Dystrudepts","kemiringan":"0-8% (Datar)","penggunaan_lahan":"Hutan","drainase_skor":0,"flood_hist":"pernah banjir","slope":-0.590431,"geology":"Eluvium; Lumpur (datar; berpotensi genangan)","label":"tinggi","kelurahan":"Watu-Watu","warna":"#ef4444"}},{"type":"Feature","geometry":{"type":"Point","coordinates":[122.542536,-3.966252]},"properties":{"id":472,"curah_hujan":1991.5,"jenis_tanah":"Dystrudepts","kemiringan":"0-8% (Datar)","penggunaan_lahan":"Hutan","drainase_skor":0,"flood_hist":"pernah banjir","slope":0.109113,"geology":"Eluvium; Lumpur (datar; berpotensi genangan)","label":"tinggi","kelurahan":"Watu-Watu","warna":"#ef4444"}},{"type":"Feature","geometry":{"type":"Point","coordinates":[122.542164,-3.966251]},"properties":{"id":473,"curah_hujan":1991.5,"jenis_tanah":"Dystrudepts","kemiringan":"0-8% (Datar)","penggunaan_lahan":"Hutan","drainase_skor":0,"flood_hist":"pernah banjir","slope":0.445645,"geology":"Eluvium; Lumpur (datar; berpotensi genangan)","label":"tinggi","kelurahan":"Watu-Watu","warna":"#ef4444"}},{"type":"Feature","geometry":{"type":"Point","coordinates":[122.541995,-3.966253]},"properties":{"id":474,"curah_hujan":1991.5,"jenis_tanah":"Dystrudepts","kemiringan":"0-8% (Datar)","penggunaan_lahan":"Hutan","drainase_skor":0,"flood_hist":"pernah banjir","slope":0.317382,"geology":"Eluvium; Lumpur (datar; berpotensi genangan)","label":"tinggi","kelurahan":"Watu-Watu","warna":"#ef4444"}},{"type":"Feature","geometry":{"type":"Point","coordinates":[122.5418,-3.96624]},"properties":{"id":475,"curah_hujan":1991.5,"jenis_tanah":"Dystrudepts","kemiringan":"0-8% (Datar)","penggunaan_lahan":"Hutan","drainase_skor":0,"flood_hist":"pernah banjir","slope":0.2689,"geology":"Eluvium; Lumpur (datar; berpotensi genangan)","label":"tinggi","kelurahan":"Watu-Watu","warna":"#ef4444"}},{"type":"Feature","geometry":{"type":"Point","coordinates":[122.541611,-3.966233]},"properties":{"id":476,"curah_hujan":1991.5,"jenis_tanah":"Dystrudepts","kemiringan":"0-8% (Datar)","penggunaan_lahan":"Hutan","drainase_skor":0,"flood_hist":"pernah banjir","slope":0.296336,"geology":"Eluvium; Lumpur (datar; berpotensi genangan)","label":"tinggi","kelurahan":"Watu-Watu","warna":"#ef4444"}},{"type":"Feature","geometry":{"type":"Point","coordinates":[122.54123,-3.966224]},"properties":{"id":477,"curah_hujan":1991.5,"jenis_tanah":"Dystrudepts","kemiringan":"0-8% (Datar)","penggunaan_lahan":"Hutan","drainase_skor":0,"flood_hist":"pernah banjir","slope":0.272464,"geology":"Eluvium; Lumpur (datar; berpotensi genangan)","label":"tinggi","kelurahan":"Watu-Watu","warna":"#ef4444"}},{"type":"Feature","geometry":{"type":"Point","coordinates":[122.541013,-3.966217]},"properties":{"id":478,"curah_hujan":1991.5,"jenis_tanah":"Dystrudepts","kemiringan":"0-8% (Datar)","penggunaan_lahan":"Hutan","drainase_skor":0,"flood_hist":"pernah banjir","slope":0.175773,"geology":"Eluvium; Lumpur (datar; berpotensi genangan)","label":"tinggi","kelurahan":"Watu-Watu","warna":"#ef4444"}},{"type":"Feature","geometry":{"type":"Point","coordinates":[122.54081,-3.966211]},"properties":{"id":479,"curah_hujan":1991.5,"jenis_tanah":"Dystrudepts","kemiringan":"0-8% (Datar)","penggunaan_lahan":"Hutan","drainase_skor":0,"flood_hist":"pernah banjir","slope":0.291704,"geology":"Eluvium; Lumpur (datar; berpotensi genangan)","label":"tinggi","kelurahan":"Watu-Watu","warna":"#ef4444"}},{"type":"Feature","geometry":{"type":"Point","coordinates":[122.540665,-3.966205]},"properties":{"id":480,"curah_hujan":1991.5,"jenis_tanah":"Dystrudepts","kemiringan":"0-8% (Datar)","penggunaan_lahan":"Hutan","drainase_skor":0,"flood_hist":"pernah banjir","slope":0.379973,"geology":"Eluvium; Lumpur (datar; berpotensi genangan)","label":"tinggi","kelurahan":"Watu-Watu","warna":"#ef4444"}},{"type":"Feature","geometry":{"type":"Point","coordinates":[122.540617,-3.96621]},"properties":{"id":481,"curah_hujan":1991.5,"jenis_tanah":"Dystrudepts","kemiringan":"0-8% (Datar)","penggunaan_lahan":"Hutan","drainase_skor":0,"flood_hist":"pernah banjir","slope":0.36882,"geology":"Eluvium; Lumpur (datar; berpotensi genangan)","label":"tinggi","kelurahan":"Watu-Watu","warna":"#ef4444"}},{"type":"Feature","geometry":{"type":"Point","coordinates":[122.540437,-3.966237]},"properties":{"id":482,"curah_hujan":1991.5,"jenis_tanah":"Dystrudepts","kemiringan":"0-8% (Datar)","penggunaan_lahan":"Hutan","drainase_skor":0,"flood_hist":"pernah banjir","slope":0.375813,"geology":"Eluvium; Lumpur (datar; berpotensi genangan)","label":"tinggi","kelurahan":"Watu-Watu","warna":"#ef4444"}},{"type":"Feature","geometry":{"type":"Point","coordinates":[122.540223,-3.966265]},"properties":{"id":483,"curah_hujan":1991.5,"jenis_tanah":"Dystrudepts","kemiringan":"0-8% (Datar)","penggunaan_lahan":"Hutan","drainase_skor":0,"flood_hist":"pernah banjir","slope":0.079336,"geology":"Eluvium; Lumpur (datar; berpotensi genangan)","label":"tinggi","kelurahan":"Watu-Watu","warna":"#ef4444"}},{"type":"Feature","geometry":{"type":"Point","coordinates":[122.539868,-3.966316]},"properties":{"id":484,"curah_hujan":1991.5,"jenis_tanah":"Dystrudepts","kemiringan":"8-15% (Landai)","penggunaan_lahan":"Hutan","drainase_skor":0,"flood_hist":"pernah banjir","slope":0.711982,"geology":"Eluvium; Lumpur (datar; berpotensi genangan)","label":"tinggi","kelurahan":"Watu-Watu","warna":"#ef4444"}},{"type":"Feature","geometry":{"type":"Point","coordinates":[122.539508,-3.966365]},"properties":{"id":485,"curah_hujan":1991.5,"jenis_tanah":"Dystrudepts","kemiringan":"8-15% (Landai)","penggunaan_lahan":"Hutan","drainase_skor":0,"flood_hist":"pernah banjir","slope":1.596654,"geology":"Eluvium; Lumpur (datar; berpotensi genangan)","label":"tinggi","kelurahan":"Watu-Watu","warna":"#ef4444"}},{"type":"Feature","geometry":{"type":"Point","coordinates":[122.539201,-3.966413]},"properties":{"id":486,"curah_hujan":1991.5,"jenis_tanah":"Dystrudepts","kemiringan":"8-15% (Landai)","penggunaan_lahan":"Hutan","drainase_skor":0,"flood_hist":"pernah banjir","slope":1.915793,"geology":"Eluvium; Lumpur (datar; berpotensi genangan)","label":"tinggi","kelurahan":"Watu-Watu","warna":"#ef4444"}},{"type":"Feature","geometry":{"type":"Point","coordinates":[122.539157,-3.966432]},"properties":{"id":487,"curah_hujan":1991.5,"jenis_tanah":"Dystrudepts","kemiringan":"0-8% (Datar)","penggunaan_lahan":"Hutan","drainase_skor":0,"flood_hist":"pernah banjir","slope":1.915793,"geology":"Eluvium; Lumpur (datar; berpotensi genangan)","label":"tinggi","kelurahan":"Watu-Watu","warna":"#ef4444"}},{"type":"Feature","geometry":{"type":"Point","coordinates":[122.539031,-3.966528]},"properties":{"id":488,"curah_hujan":1991.5,"jenis_tanah":"Dystrudepts","kemiringan":"0-8% (Datar)","penggunaan_lahan":"Hutan","drainase_skor":0,"flood_hist":"pernah banjir","slope":0.42595,"geology":"Eluvium; Lumpur (datar; berpotensi genangan)","label":"tinggi","kelurahan":"Watu-Watu","warna":"#ef4444"}},{"type":"Feature","geometry":{"type":"Point","coordinates":[122.539016,-3.966543]},"properties":{"id":489,"curah_hujan":1991.5,"jenis_tanah":"Dystrudepts","kemiringan":"0-8% (Datar)","penggunaan_lahan":"Hutan","drainase_skor":0,"flood_hist":"pernah banjir","slope":0.42595,"geology":"Eluvium; Lumpur (datar; berpotensi genangan)","label":"tinggi","kelurahan":"Watu-Watu","warna":"#ef4444"}},{"type":"Feature","geometry":{"type":"Point","coordinates":[122.538772,-3.966625]},"properties":{"id":490,"curah_hujan":1991.5,"jenis_tanah":"Dystrudepts","kemiringan":"8-15% (Landai)","penggunaan_lahan":"Hutan","drainase_skor":0,"flood_hist":"pernah banjir","slope":1.160197,"geology":"Eluvium; Lumpur (datar; berpotensi genangan)","label":"tinggi","kelurahan":"Watu-Watu","warna":"#ef4444"}},{"type":"Feature","geometry":{"type":"Point","coordinates":[122.538471,-3.966775]},"properties":{"id":491,"curah_hujan":1991.5,"jenis_tanah":"Dystrudepts","kemiringan":"8-15% (Landai)","penggunaan_lahan":"Hutan","drainase_skor":0,"flood_hist":"pernah banjir","slope":1.064094,"geology":"Eluvium; Lumpur (datar; berpotensi genangan)","label":"tinggi","kelurahan":"Watu-Watu","warna":"#ef4444"}},{"type":"Feature","geometry":{"type":"Point","coordinates":[122.5381,-3.966821]},"properties":{"id":492,"curah_hujan":1991.5,"jenis_tanah":"Dystrudepts","kemiringan":"0-8% (Datar)","penggunaan_lahan":"Hutan","drainase_skor":0,"flood_hist":"pernah banjir","slope":1.6837,"geology":"Eluvium; Lumpur (datar; berpotensi genangan)","label":"tinggi","kelurahan":"Watu-Watu","warna":"#ef4444"}},{"type":"Feature","geometry":{"type":"Point","coordinates":[122.538054,-3.966795]},"properties":{"id":493,"curah_hujan":1991.5,"jenis_tanah":"Dystrudepts","kemiringan":"0-8% (Datar)","penggunaan_lahan":"Hutan","drainase_skor":0,"flood_hist":"pernah banjir","slope":1.790604,"geology":"Eluvium; Lumpur (datar; berpotensi genangan)","label":"tinggi","kelurahan":"Watu-Watu","warna":"#ef4444"}},{"type":"Feature","geometry":{"type":"Point","coordinates":[122.537902,-3.966725]},"properties":{"id":494,"curah_hujan":1991.5,"jenis_tanah":"Dystrudepts","kemiringan":"8-15% (Landai)","penggunaan_lahan":"Hutan","drainase_skor":0,"flood_hist":"pernah banjir","slope":2.270326,"geology":"Lanau; Gamping; Pasir (stabil; cocok untuk permukiman)","label":"tinggi","kelurahan":"Watu-Watu","warna":"#ef4444"}},{"type":"Feature","geometry":{"type":"Point","coordinates":[122.537748,-3.966671]},"properties":{"id":495,"curah_hujan":1991.5,"jenis_tanah":"Dystrudepts","kemiringan":"0-8% (Datar)","penggunaan_lahan":"Hutan","drainase_skor":0,"flood_hist":"pernah banjir","slope":1.446335,"geology":"Eluvium; Lumpur (datar; berpotensi genangan)","label":"tinggi","kelurahan":"Watu-Watu","warna":"#ef4444"}},{"type":"Feature","geometry":{"type":"Point","coordinates":[122.537521,-3.966524]},"properties":{"id":496,"curah_hujan":1991.5,"jenis_tanah":"Dystrudepts","kemiringan":"0-8% (Datar)","penggunaan_lahan":"Hutan","drainase_skor":0,"flood_hist":"pernah banjir","slope":1.001222,"geology":"Eluvium; Lumpur (datar; berpotensi genangan)","label":"tinggi","kelurahan":"Watu-Watu","warna":"#ef4444"}},{"type":"Feature","geometry":{"type":"Point","coordinates":[122.537145,-3.966574]},"properties":{"id":497,"curah_hujan":1991.5,"jenis_tanah":"Dystrudepts","kemiringan":"0-8% (Datar)","penggunaan_lahan":"Hutan","drainase_skor":0,"flood_hist":"pernah banjir","slope":0.689839,"geology":"Eluvium; Lumpur (datar; berpotensi genangan)","label":"tinggi","kelurahan":"Watu-Watu","warna":"#ef4444"}},{"type":"Feature","geometry":{"type":"Point","coordinates":[122.53686,-3.966798]},"properties":{"id":498,"curah_hujan":1991.5,"jenis_tanah":"Dystrudepts","kemiringan":"0-8% (Datar)","penggunaan_lahan":"Hutan","drainase_skor":0,"flood_hist":"pernah banjir","slope":-0.378146,"geology":"Eluvium; Lumpur (datar; berpotensi genangan)","label":"tinggi","kelurahan":"Watu-Watu","warna":"#ef4444"}},{"type":"Feature","geometry":{"type":"Point","coordinates":[122.536745,-3.966849]},"properties":{"id":499,"curah_hujan":1991.5,"jenis_tanah":"Dystrudepts","kemiringan":"0-8% (Datar)","penggunaan_lahan":"Hutan","drainase_skor":0,"flood_hist":"pernah banjir","slope":-0.063136,"geology":"Eluvium; Lumpur (datar; berpotensi genangan)","label":"tinggi","kelurahan":"Watu-Watu","warna":"#ef4444"}},{"type":"Feature","geometry":{"type":"Point","coordinates":[122.536534,-3.966939]},"properties":{"id":500,"curah_hujan":1991.5,"jenis_tanah":"Dystrudepts","kemiringan":"0-8% (Datar)","penggunaan_lahan":"Hutan","drainase_skor":0,"flood_hist":"pernah banjir","slope":-0.54283,"geology":"Eluvium; Lumpur (datar; berpotensi genangan)","label":"tinggi","kelurahan":"Watu-Watu","warna":"#ef4444"}},{"type":"Feature","geometry":{"type":"Point","coordinates":[122.536196,-3.967105]},"properties":{"id":501,"curah_hujan":1991.5,"jenis_tanah":"Dystrudepts","kemiringan":"0-8% (Datar)","penggunaan_lahan":"Hutan","drainase_skor":0,"flood_hist":"pernah banjir","slope":-0.442402,"geology":"Eluvium; Lumpur (datar; berpotensi genangan)","label":"tinggi","kelurahan":"Watu-Watu","warna":"#ef4444"}},{"type":"Feature","geometry":{"type":"Point","coordinates":[122.535942,-3.96723]},"properties":{"id":502,"curah_hujan":1991.5,"jenis_tanah":"Dystrudepts","kemiringan":"0-8% (Datar)","penggunaan_lahan":"Hutan","drainase_skor":0,"flood_hist":"pernah banjir","slope":0.173446,"geology":"Eluvium; Lumpur (datar; berpotensi genangan)","label":"tinggi","kelurahan":"Lahundape","warna":"#ef4444"}},{"type":"Feature","geometry":{"type":"Point","coordinates":[122.535679,-3.967372]},"properties":{"id":503,"curah_hujan":1991.5,"jenis_tanah":"Dystrudepts","kemiringan":"0-8% (Datar)","penggunaan_lahan":"Hutan","drainase_skor":0,"flood_hist":"pernah banjir","slope":-0.015116,"geology":"Eluvium; Lumpur (datar; berpotensi genangan)","label":"tinggi","kelurahan":"Lahundape","warna":"#ef4444"}},{"type":"Feature","geometry":{"type":"Point","coordinates":[122.535286,-3.967567]},"properties":{"id":504,"curah_hujan":1991.5,"jenis_tanah":"Dystrudepts","kemiringan":"0-8% (Datar)","penggunaan_lahan":"Hutan","drainase_skor":0,"flood_hist":"pernah banjir","slope":-0.749761,"geology":"Eluvium; Lumpur (datar; berpotensi genangan)","label":"tinggi","kelurahan":"Lahundape","warna":"#ef4444"}},{"type":"Feature","geometry":{"type":"Point","coordinates":[122.535097,-3.967667]},"properties":{"id":505,"curah_hujan":1991.5,"jenis_tanah":"Dystrudepts","kemiringan":"0-8% (Datar)","penggunaan_lahan":"Hutan","drainase_skor":0,"flood_hist":"pernah banjir","slope":-0.630834,"geology":"Eluvium; Lumpur (datar; berpotensi genangan)","label":"tinggi","kelurahan":"Lahundape","warna":"#ef4444"}},{"type":"Feature","geometry":{"type":"Point","coordinates":[122.534893,-3.967757]},"properties":{"id":506,"curah_hujan":1991.5,"jenis_tanah":"Dystrudepts","kemiringan":"0-8% (Datar)","penggunaan_lahan":"Hutan","drainase_skor":0,"flood_hist":"pernah banjir","slope":-0.997527,"geology":"Eluvium; Lumpur (datar; berpotensi genangan)","label":"tinggi","kelurahan":"Lahundape","warna":"#ef4444"}},{"type":"Feature","geometry":{"type":"Point","coordinates":[122.534728,-3.967828]},"properties":{"id":507,"curah_hujan":1991.5,"jenis_tanah":"Dystrudepts","kemiringan":"0-8% (Datar)","penggunaan_lahan":"Hutan","drainase_skor":0,"flood_hist":"pernah banjir","slope":-0.208363,"geology":"Eluvium; Lumpur (datar; berpotensi genangan)","label":"tinggi","kelurahan":"Lahundape","warna":"#ef4444"}},{"type":"Feature","geometry":{"type":"Point","coordinates":[122.534654,-3.967863]},"properties":{"id":508,"curah_hujan":1991.5,"jenis_tanah":"Dystrudepts","kemiringan":"0-8% (Datar)","penggunaan_lahan":"Hutan","drainase_skor":0,"flood_hist":"pernah banjir","slope":-0.602827,"geology":"Eluvium; Lumpur (datar; berpotensi genangan)","label":"tinggi","kelurahan":"Lahundape","warna":"#ef4444"}},{"type":"Feature","geometry":{"type":"Point","coordinates":[122.534579,-3.967893]},"properties":{"id":509,"curah_hujan":1991.5,"jenis_tanah":"Dystrudepts","kemiringan":"0-8% (Datar)","penggunaan_lahan":"Hutan","drainase_skor":0,"flood_hist":"pernah banjir","slope":-0.328786,"geology":"Eluvium; Lumpur (datar; berpotensi genangan)","label":"tinggi","kelurahan":"Lahundape","warna":"#ef4444"}},{"type":"Feature","geometry":{"type":"Point","coordinates":[122.534523,-3.967919]},"properties":{"id":510,"curah_hujan":1991.5,"jenis_tanah":"Dystrudepts","kemiringan":"0-8% (Datar)","penggunaan_lahan":"Hutan","drainase_skor":0,"flood_hist":"pernah banjir","slope":-0.737652,"geology":"Eluvium; Lumpur (datar; berpotensi genangan)","label":"tinggi","kelurahan":"Lahundape","warna":"#ef4444"}},{"type":"Feature","geometry":{"type":"Point","coordinates":[122.534457,-3.967948]},"properties":{"id":511,"curah_hujan":1991.5,"jenis_tanah":"Dystrudepts","kemiringan":"0-8% (Datar)","penggunaan_lahan":"Hutan","drainase_skor":0,"flood_hist":"pernah banjir","slope":-0.444726,"geology":"Eluvium; Lumpur (datar; berpotensi genangan)","label":"tinggi","kelurahan":"Lahundape","warna":"#ef4444"}},{"type":"Feature","geometry":{"type":"Point","coordinates":[122.534297,-3.968022]},"properties":{"id":512,"curah_hujan":1991.5,"jenis_tanah":"Dystrudepts","kemiringan":"0-8% (Datar)","penggunaan_lahan":"Hutan","drainase_skor":0,"flood_hist":"pernah banjir","slope":0.011695,"geology":"Eluvium; Lumpur (datar; berpotensi genangan)","label":"tinggi","kelurahan":"Lahundape","warna":"#ef4444"}},{"type":"Feature","geometry":{"type":"Point","coordinates":[122.53415,-3.968088]},"properties":{"id":513,"curah_hujan":1991.5,"jenis_tanah":"Dystrudepts","kemiringan":"0-8% (Datar)","penggunaan_lahan":"Hutan","drainase_skor":0,"flood_hist":"pernah banjir","slope":-0.076704,"geology":"Eluvium; Lumpur (datar; berpotensi genangan)","label":"tinggi","kelurahan":"Lahundape","warna":"#ef4444"}},{"type":"Feature","geometry":{"type":"Point","coordinates":[122.533978,-3.96817]},"properties":{"id":514,"curah_hujan":1991.5,"jenis_tanah":"Dystrudepts","kemiringan":"0-8% (Datar)","penggunaan_lahan":"Hutan","drainase_skor":0,"flood_hist":"pernah banjir","slope":-0.1868,"geology":"Eluvium; Lumpur (datar; berpotensi genangan)","label":"tinggi","kelurahan":"Lahundape","warna":"#ef4444"}},{"type":"Feature","geometry":{"type":"Point","coordinates":[122.533962,-3.968184]},"properties":{"id":515,"curah_hujan":1991.5,"jenis_tanah":"Dystrudepts","kemiringan":"0-8% (Datar)","penggunaan_lahan":"Hutan","drainase_skor":0,"flood_hist":"pernah banjir","slope":0.189001,"geology":"Eluvium; Lumpur (datar; berpotensi genangan)","label":"tinggi","kelurahan":"Lahundape","warna":"#ef4444"}},{"type":"Feature","geometry":{"type":"Point","coordinates":[122.533935,-3.968226]},"properties":{"id":516,"curah_hujan":1991.5,"jenis_tanah":"Dystrudepts","kemiringan":"0-8% (Datar)","penggunaan_lahan":"Hutan","drainase_skor":0,"flood_hist":"pernah banjir","slope":-0.357139,"geology":"Eluvium; Lumpur (datar; berpotensi genangan)","label":"tinggi","kelurahan":"Lahundape","warna":"#ef4444"}},{"type":"Feature","geometry":{"type":"Point","coordinates":[122.533922,-3.968254]},"properties":{"id":517,"curah_hujan":1991.5,"jenis_tanah":"Dystrudepts","kemiringan":"0-8% (Datar)","penggunaan_lahan":"Hutan","drainase_skor":0,"flood_hist":"pernah banjir","slope":-0.357139,"geology":"Eluvium; Lumpur (datar; berpotensi genangan)","label":"tinggi","kelurahan":"Lahundape","warna":"#ef4444"}},{"type":"Feature","geometry":{"type":"Point","coordinates":[122.533892,-3.968316]},"properties":{"id":518,"curah_hujan":1991.5,"jenis_tanah":"Dystrudepts","kemiringan":"0-8% (Datar)","penggunaan_lahan":"Hutan","drainase_skor":0,"flood_hist":"pernah banjir","slope":-0.086087,"geology":"Eluvium; Lumpur (datar; berpotensi genangan)","label":"tinggi","kelurahan":"Lahundape","warna":"#ef4444"}},{"type":"Feature","geometry":{"type":"Point","coordinates":[122.533867,-3.968373]},"properties":{"id":519,"curah_hujan":1991.5,"jenis_tanah":"Dystrudepts","kemiringan":"0-8% (Datar)","penggunaan_lahan":"Hutan","drainase_skor":0,"flood_hist":"pernah banjir","slope":-0.207481,"geology":"Eluvium; Lumpur (datar; berpotensi genangan)","label":"tinggi","kelurahan":"Lahundape","warna":"#ef4444"}},{"type":"Feature","geometry":{"type":"Point","coordinates":[122.533854,-3.968395]},"properties":{"id":520,"curah_hujan":1991.5,"jenis_tanah":"Dystrudepts","kemiringan":"0-8% (Datar)","penggunaan_lahan":"Hutan","drainase_skor":0,"flood_hist":"pernah banjir","slope":-0.207481,"geology":"Eluvium; Lumpur (datar; berpotensi genangan)","label":"tinggi","kelurahan":"Lahundape","warna":"#ef4444"}},{"type":"Feature","geometry":{"type":"Point","coordinates":[122.533834,-3.968418]},"properties":{"id":521,"curah_hujan":1991.5,"jenis_tanah":"Dystrudepts","kemiringan":"0-8% (Datar)","penggunaan_lahan":"Hutan","drainase_skor":0,"flood_hist":"pernah banjir","slope":-0.207481,"geology":"Eluvium; Lumpur (datar; berpotensi genangan)","label":"tinggi","kelurahan":"Lahundape","warna":"#ef4444"}},{"type":"Feature","geometry":{"type":"Point","coordinates":[122.533801,-3.96845]},"properties":{"id":522,"curah_hujan":1991.5,"jenis_tanah":"Dystrudepts","kemiringan":"0-8% (Datar)","penggunaan_lahan":"Hutan","drainase_skor":0,"flood_hist":"pernah banjir","slope":0.961892,"geology":"Eluvium; Lumpur (datar; berpotensi genangan)","label":"tinggi","kelurahan":"Lahundape","warna":"#ef4444"}},{"type":"Feature","geometry":{"type":"Point","coordinates":[122.533786,-3.968465]},"properties":{"id":523,"curah_hujan":1991.5,"jenis_tanah":"Dystrudepts","kemiringan":"0-8% (Datar)","penggunaan_lahan":"Hutan","drainase_skor":0,"flood_hist":"pernah banjir","slope":0.961892,"geology":"Eluvium; Lumpur (datar; berpotensi genangan)","label":"tinggi","kelurahan":"Lahundape","warna":"#ef4444"}},{"type":"Feature","geometry":{"type":"Point","coordinates":[122.533755,-3.968481]},"properties":{"id":524,"curah_hujan":1991.5,"jenis_tanah":"Dystrudepts","kemiringan":"0-8% (Datar)","penggunaan_lahan":"Hutan","drainase_skor":0,"flood_hist":"pernah banjir","slope":0.961892,"geology":"Eluvium; Lumpur (datar; berpotensi genangan)","label":"tinggi","kelurahan":"Lahundape","warna":"#ef4444"}},{"type":"Feature","geometry":{"type":"Point","coordinates":[122.533715,-3.968507]},"properties":{"id":525,"curah_hujan":1991.5,"jenis_tanah":"Dystrudepts","kemiringan":"0-8% (Datar)","penggunaan_lahan":"Hutan","drainase_skor":0,"flood_hist":"pernah banjir","slope":1.272738,"geology":"Eluvium; Lumpur (datar; berpotensi genangan)","label":"tinggi","kelurahan":"Lahundape","warna":"#ef4444"}},{"type":"Feature","geometry":{"type":"Point","coordinates":[122.533667,-3.968531]},"properties":{"id":526,"curah_hujan":1991.5,"jenis_tanah":"Dystrudepts","kemiringan":"8-15% (Landai)","penggunaan_lahan":"Hutan","drainase_skor":0,"flood_hist":"pernah banjir","slope":2.315907,"geology":"Lanau; Gamping; Pasir (stabil; cocok untuk permukiman)","label":"tinggi","kelurahan":"Lahundape","warna":"#ef4444"}},{"type":"Feature","geometry":{"type":"Point","coordinates":[122.533217,-3.968757]},"properties":{"id":527,"curah_hujan":1991.5,"jenis_tanah":"Dystrudepts","kemiringan":"0-8% (Datar)","penggunaan_lahan":"Hutan","drainase_skor":0,"flood_hist":"pernah banjir","slope":2.44729,"geology":"Lanau; Gamping; Pasir (stabil; cocok untuk permukiman)","label":"tinggi","kelurahan":"Lahundape","warna":"#ef4444"}},{"type":"Feature","geometry":{"type":"Point","coordinates":[122.531677,-3.969388]},"properties":{"id":528,"curah_hujan":1991.5,"jenis_tanah":"Dystrudepts","kemiringan":"0-8% (Datar)","penggunaan_lahan":"Hutan","drainase_skor":0,"flood_hist":"pernah banjir","slope":0.582368,"geology":"Eluvium; Lumpur (datar; berpotensi genangan)","label":"tinggi","kelurahan":"Lahundape","warna":"#ef4444"}},{"type":"Feature","geometry":{"type":"Point","coordinates":[122.531644,-3.969393]},"properties":{"id":529,"curah_hujan":1991.5,"jenis_tanah":"Dystrudepts","kemiringan":"0-8% (Datar)","penggunaan_lahan":"Hutan","drainase_skor":0,"flood_hist":"pernah banjir","slope":0.582368,"geology":"Eluvium; Lumpur (datar; berpotensi genangan)","label":"tinggi","kelurahan":"Lahundape","warna":"#ef4444"}},{"type":"Feature","geometry":{"type":"Point","coordinates":[122.531499,-3.969433]},"properties":{"id":530,"curah_hujan":1991.5,"jenis_tanah":"Dystrudepts","kemiringan":"0-8% (Datar)","penggunaan_lahan":"Hutan","drainase_skor":0,"flood_hist":"pernah banjir","slope":0.826169,"geology":"Eluvium; Lumpur (datar; berpotensi genangan)","label":"tinggi","kelurahan":"Lahundape","warna":"#ef4444"}},{"type":"Feature","geometry":{"type":"Point","coordinates":[122.53139,-3.969465]},"properties":{"id":531,"curah_hujan":1991.5,"jenis_tanah":"Dystrudepts","kemiringan":"0-8% (Datar)","penggunaan_lahan":"Hutan","drainase_skor":0,"flood_hist":"pernah banjir","slope":1.123923,"geology":"Eluvium; Lumpur (datar; berpotensi genangan)","label":"tinggi","kelurahan":"Lahundape","warna":"#ef4444"}},{"type":"Feature","geometry":{"type":"Point","coordinates":[122.531313,-3.969503]},"properties":{"id":532,"curah_hujan":1991.5,"jenis_tanah":"Dystrudepts","kemiringan":"0-8% (Datar)","penggunaan_lahan":"Hutan","drainase_skor":0,"flood_hist":"pernah banjir","slope":0.277427,"geology":"Eluvium; Lumpur (datar; berpotensi genangan)","label":"tinggi","kelurahan":"Lahundape","warna":"#ef4444"}},{"type":"Feature","geometry":{"type":"Point","coordinates":[122.531261,-3.969527]},"properties":{"id":533,"curah_hujan":1991.5,"jenis_tanah":"Dystrudepts","kemiringan":"0-8% (Datar)","penggunaan_lahan":"Hutan","drainase_skor":0,"flood_hist":"pernah banjir","slope":0.333678,"geology":"Eluvium; Lumpur (datar; berpotensi genangan)","label":"tinggi","kelurahan":"Lahundape","warna":"#ef4444"}},{"type":"Feature","geometry":{"type":"Point","coordinates":[122.531226,-3.969555]},"properties":{"id":534,"curah_hujan":1991.5,"jenis_tanah":"Dystrudepts","kemiringan":"0-8% (Datar)","penggunaan_lahan":"Hutan","drainase_skor":0,"flood_hist":"pernah banjir","slope":0.333678,"geology":"Eluvium; Lumpur (datar; berpotensi genangan)","label":"tinggi","kelurahan":"Lahundape","warna":"#ef4444"}},{"type":"Feature","geometry":{"type":"Point","coordinates":[122.531209,-3.96958]},"properties":{"id":535,"curah_hujan":1991.5,"jenis_tanah":"Dystrudepts","kemiringan":"0-8% (Datar)","penggunaan_lahan":"Hutan","drainase_skor":0,"flood_hist":"pernah banjir","slope":-0.543678,"geology":"Eluvium; Lumpur (datar; berpotensi genangan)","label":"tinggi","kelurahan":"Lahundape","warna":"#ef4444"}},{"type":"Feature","geometry":{"type":"Point","coordinates":[122.53089,-3.96971]},"properties":{"id":536,"curah_hujan":1991.5,"jenis_tanah":"Dystrudepts","kemiringan":"0-8% (Datar)","penggunaan_lahan":"Hutan","drainase_skor":0,"flood_hist":"pernah banjir","slope":-0.749282,"geology":"Eluvium; Lumpur (datar; berpotensi genangan)","label":"tinggi","kelurahan":"Lahundape","warna":"#ef4444"}},{"type":"Feature","geometry":{"type":"Point","coordinates":[122.530539,-3.969886]},"properties":{"id":537,"curah_hujan":1991.5,"jenis_tanah":"Dystrudepts","kemiringan":"0-8% (Datar)","penggunaan_lahan":"Hutan","drainase_skor":0,"flood_hist":"pernah banjir","slope":-1.394873,"geology":"Eluvium; Lumpur (datar; berpotensi genangan)","label":"tinggi","kelurahan":"Lahundape","warna":"#ef4444"}},{"type":"Feature","geometry":{"type":"Point","coordinates":[122.530239,-3.970011]},"properties":{"id":538,"curah_hujan":1991.5,"jenis_tanah":"Dystrudepts","kemiringan":"0-8% (Datar)","penggunaan_lahan":"Hutan","drainase_skor":0,"flood_hist":"pernah banjir","slope":-1.596714,"geology":"Eluvium; Lumpur (datar; berpotensi genangan)","label":"tinggi","kelurahan":"Lahundape","warna":"#ef4444"}},{"type":"Feature","geometry":{"type":"Point","coordinates":[122.530039,-3.970162]},"properties":{"id":539,"curah_hujan":1991.5,"jenis_tanah":"Dystrudepts","kemiringan":"8-15% (Landai)","penggunaan_lahan":"Hutan","drainase_skor":0,"flood_hist":"pernah banjir","slope":-0.791192,"geology":"Eluvium; Lumpur (datar; berpotensi genangan)","label":"tinggi","kelurahan":"Lahundape","warna":"#ef4444"}},{"type":"Feature","geometry":{"type":"Point","coordinates":[122.529838,-3.970287]},"properties":{"id":540,"curah_hujan":1991.5,"jenis_tanah":"Dystrudepts","kemiringan":"8-15% (Landai)","penggunaan_lahan":"Hutan","drainase_skor":0,"flood_hist":"pernah banjir","slope":2.957311,"geology":"Lanau; Gamping; Pasir (stabil; cocok untuk permukiman)","label":"tinggi","kelurahan":"Lahundape","warna":"#ef4444"}},{"type":"Feature","geometry":{"type":"Point","coordinates":[122.529713,-3.970563]},"properties":{"id":541,"curah_hujan":1991.5,"jenis_tanah":"Dystrudepts","kemiringan":"8-15% (Landai)","penggunaan_lahan":"Hutan","drainase_skor":0,"flood_hist":"pernah banjir","slope":2.260326,"geology":"Lanau; Gamping; Pasir (stabil; cocok untuk permukiman)","label":"tinggi","kelurahan":"Lahundape","warna":"#ef4444"}},{"type":"Feature","geometry":{"type":"Point","coordinates":[122.529863,-3.971242]},"properties":{"id":542,"curah_hujan":1991.5,"jenis_tanah":"Dystrudepts","kemiringan":"15-25% (Agak Curam)","penggunaan_lahan":"Hutan","drainase_skor":0,"flood_hist":"pernah banjir","slope":0.208524,"geology":"Eluvium; Lumpur (datar; berpotensi genangan)","label":"tinggi","kelurahan":"Lahundape","warna":"#ef4444"}},{"type":"Feature","geometry":{"type":"Point","coordinates":[122.529938,-3.971392]},"properties":{"id":543,"curah_hujan":1991.5,"jenis_tanah":"Dystrudepts","kemiringan":"15-25% (Agak Curam)","penggunaan_lahan":"Hutan","drainase_skor":0,"flood_hist":"pernah banjir","slope":2.253936,"geology":"Lanau; Gamping; Pasir (stabil; cocok untuk permukiman)","label":"tinggi","kelurahan":"Lahundape","warna":"#ef4444"}},{"type":"Feature","geometry":{"type":"Point","coordinates":[122.530013,-3.971493]},"properties":{"id":544,"curah_hujan":1991.5,"jenis_tanah":"Dystrudepts","kemiringan":"15-25% (Agak Curam)","penggunaan_lahan":"Hutan","drainase_skor":0,"flood_hist":"pernah banjir","slope":2.133189,"geology":"Lanau; Gamping; Pasir (stabil; cocok untuk permukiman)","label":"tinggi","kelurahan":"Lahundape","warna":"#ef4444"}},{"type":"Feature","geometry":{"type":"Point","coordinates":[122.530263,-3.971443]},"properties":{"id":545,"curah_hujan":1991.5,"jenis_tanah":"Dystrudepts","kemiringan":"15-25% (Agak Curam)","penggunaan_lahan":"Hutan","drainase_skor":0,"flood_hist":"pernah banjir","slope":-3.496611,"geology":"Eluvium; Lumpur (datar; berpotensi genangan)","label":"tinggi","kelurahan":"Lahundape","warna":"#ef4444"}},{"type":"Feature","geometry":{"type":"Point","coordinates":[122.530413,-3.971368]},"properties":{"id":546,"curah_hujan":1991.5,"jenis_tanah":"Dystrudepts","kemiringan":"8-15% (Landai)","penggunaan_lahan":"Hutan","drainase_skor":0,"flood_hist":"pernah banjir","slope":-3.6904,"geology":"Eluvium; Lumpur (datar; berpotensi genangan)","label":"tinggi","kelurahan":"Lahundape","warna":"#ef4444"}},{"type":"Feature","geometry":{"type":"Point","coordinates":[122.530539,-3.971242]},"properties":{"id":547,"curah_hujan":1991.5,"jenis_tanah":"Dystrudepts","kemiringan":"8-15% (Landai)","penggunaan_lahan":"Hutan","drainase_skor":0,"flood_hist":"pernah banjir","slope":-3.454423,"geology":"Eluvium; Lumpur (datar; berpotensi genangan)","label":"tinggi","kelurahan":"Lahundape","warna":"#ef4444"}},{"type":"Feature","geometry":{"type":"Point","coordinates":[122.530688,-3.971217]},"properties":{"id":548,"curah_hujan":1991.5,"jenis_tanah":"Dystrudepts","kemiringan":"8-15% (Landai)","penggunaan_lahan":"Hutan","drainase_skor":0,"flood_hist":"pernah banjir","slope":-1.986848,"geology":"Eluvium; Lumpur (datar; berpotensi genangan)","label":"tinggi","kelurahan":"Lahundape","warna":"#ef4444"}},{"type":"Feature","geometry":{"type":"Point","coordinates":[122.531089,-3.971293]},"properties":{"id":549,"curah_hujan":1991.5,"jenis_tanah":"Dystrudepts","kemiringan":"15-25% (Agak Curam)","penggunaan_lahan":"Hutan","drainase_skor":0,"flood_hist":"pernah banjir","slope":1.44673,"geology":"Eluvium; Lumpur (datar; berpotensi genangan)","label":"tinggi","kelurahan":"Lahundape","warna":"#ef4444"}},{"type":"Feature","geometry":{"type":"Point","coordinates":[122.531164,-3.971494]},"properties":{"id":550,"curah_hujan":1991.5,"jenis_tanah":"Dystrudepts","kemiringan":"0-8% (Datar)","penggunaan_lahan":"Hutan","drainase_skor":0,"flood_hist":"pernah banjir","slope":1.108485,"geology":"Eluvium; Lumpur (datar; berpotensi genangan)","label":"tinggi","kelurahan":"Lahundape","warna":"#ef4444"}},{"type":"Feature","geometry":{"type":"Point","coordinates":[122.531163,-3.971669]},"properties":{"id":551,"curah_hujan":1991.5,"jenis_tanah":"Dystrudepts","kemiringan":"8-15% (Landai)","penggunaan_lahan":"Hutan","drainase_skor":0,"flood_hist":"pernah banjir","slope":-1.114105,"geology":"Eluvium; Lumpur (datar; berpotensi genangan)","label":"tinggi","kelurahan":"Lahundape","warna":"#ef4444"}},{"type":"Feature","geometry":{"type":"Point","coordinates":[122.531214,-3.971845]},"properties":{"id":552,"curah_hujan":1991.5,"jenis_tanah":"Dystrudepts","kemiringan":"8-15% (Landai)","penggunaan_lahan":"Hutan","drainase_skor":0,"flood_hist":"pernah banjir","slope":-2.192171,"geology":"Eluvium; Lumpur (datar; berpotensi genangan)","label":"tinggi","kelurahan":"Lahundape","warna":"#ef4444"}},{"type":"Feature","geometry":{"type":"Point","coordinates":[122.531363,-3.971946]},"properties":{"id":553,"curah_hujan":1991.5,"jenis_tanah":"Dystrudepts","kemiringan":"8-15% (Landai)","penggunaan_lahan":"Hutan","drainase_skor":0,"flood_hist":"pernah banjir","slope":-1.730004,"geology":"Eluvium; Lumpur (datar; berpotensi genangan)","label":"tinggi","kelurahan":"Tidak Diketahui","warna":"#ef4444"}},{"type":"Feature","geometry":{"type":"Point","coordinates":[122.531363,-3.972122]},"properties":{"id":554,"curah_hujan":1991.5,"jenis_tanah":"Dystrudepts","kemiringan":"8-15% (Landai)","penggunaan_lahan":"Hutan","drainase_skor":0,"flood_hist":"pernah banjir","slope":1.010777,"geology":"Eluvium; Lumpur (datar; berpotensi genangan)","label":"tinggi","kelurahan":"Lahundape","warna":"#ef4444"}},{"type":"Feature","geometry":{"type":"Point","coordinates":[122.531163,-3.972473]},"properties":{"id":555,"curah_hujan":1991.5,"jenis_tanah":"Dystrudepts","kemiringan":"8-15% (Landai)","penggunaan_lahan":"Hutan","drainase_skor":0,"flood_hist":"pernah banjir","slope":2.398839,"geology":"Lanau; Gamping; Pasir (stabil; cocok untuk permukiman)","label":"tinggi","kelurahan":"Lahundape","warna":"#ef4444"}},{"type":"Feature","geometry":{"type":"Point","coordinates":[122.531013,-3.972724]},"properties":{"id":556,"curah_hujan":1991.5,"jenis_tanah":"Dystrudepts","kemiringan":"8-15% (Landai)","penggunaan_lahan":"Hutan","drainase_skor":0,"flood_hist":"pernah banjir","slope":3.170369,"geology":"Lanau; Gamping; Pasir (stabil; cocok untuk permukiman)","label":"tinggi","kelurahan":"Lahundape","warna":"#ef4444"}},{"type":"Feature","geometry":{"type":"Point","coordinates":[122.530837,-3.973026]},"properties":{"id":557,"curah_hujan":1991.5,"jenis_tanah":"Dystrudepts","kemiringan":"8-15% (Landai)","penggunaan_lahan":"Hutan","drainase_skor":0,"flood_hist":"pernah banjir","slope":0.487098,"geology":"Eluvium; Lumpur (datar; berpotensi genangan)","label":"tinggi","kelurahan":"Lahundape","warna":"#ef4444"}},{"type":"Feature","geometry":{"type":"Point","coordinates":[122.530852,-3.9731]},"properties":{"id":558,"curah_hujan":1991.5,"jenis_tanah":"Dystrudepts","kemiringan":"8-15% (Landai)","penggunaan_lahan":"Hutan","drainase_skor":0,"flood_hist":"pernah banjir","slope":-1.111282,"geology":"Eluvium; Lumpur (datar; berpotensi genangan)","label":"tinggi","kelurahan":"Lahundape","warna":"#ef4444"}},{"type":"Feature","geometry":{"type":"Point","coordinates":[122.530654,-3.973091]},"properties":{"id":559,"curah_hujan":1991.5,"jenis_tanah":"Dystrudepts","kemiringan":"8-15% (Landai)","penggunaan_lahan":"Hutan","drainase_skor":0,"flood_hist":"pernah banjir","slope":0.239435,"geology":"Eluvium; Lumpur (datar; berpotensi genangan)","label":"tinggi","kelurahan":"Tidak Diketahui","warna":"#ef4444"}},{"type":"Feature","geometry":{"type":"Point","coordinates":[122.530383,-3.97299]},"properties":{"id":560,"curah_hujan":1991.5,"jenis_tanah":"Dystrudepts","kemiringan":"8-15% (Landai)","penggunaan_lahan":"Hutan","drainase_skor":0,"flood_hist":"pernah banjir","slope":1.918006,"geology":"Eluvium; Lumpur (datar; berpotensi genangan)","label":"tinggi","kelurahan":"Lahundape","warna":"#ef4444"}},{"type":"Feature","geometry":{"type":"Point","coordinates":[122.530165,-3.972835]},"properties":{"id":561,"curah_hujan":1991.5,"jenis_tanah":"Dystrudepts","kemiringan":"8-15% (Landai)","penggunaan_lahan":"Hutan","drainase_skor":0,"flood_hist":"pernah banjir","slope":0.564449,"geology":"Eluvium; Lumpur (datar; berpotensi genangan)","label":"tinggi","kelurahan":"Tidak Diketahui","warna":"#ef4444"}},{"type":"Feature","geometry":{"type":"Point","coordinates":[122.530047,-3.972681]},"properties":{"id":562,"curah_hujan":1991.5,"jenis_tanah":"Dystrudepts","kemiringan":"0-8% (Datar)","penggunaan_lahan":"Hutan","drainase_skor":0,"flood_hist":"pernah banjir","slope":1.353274,"geology":"Eluvium; Lumpur (datar; berpotensi genangan)","label":"tinggi","kelurahan":"Lahundape","warna":"#ef4444"}},{"type":"Feature","geometry":{"type":"Point","coordinates":[122.529894,-3.972526]},"properties":{"id":563,"curah_hujan":1991.5,"jenis_tanah":"Dystrudepts","kemiringan":"15-25% (Agak Curam)","penggunaan_lahan":"Hutan","drainase_skor":0,"flood_hist":"pernah banjir","slope":0.308369,"geology":"Eluvium; Lumpur (datar; berpotensi genangan)","label":"tinggi","kelurahan":"Tidak Diketahui","warna":"#ef4444"}},{"type":"Feature","geometry":{"type":"Point","coordinates":[122.529647,-3.972438]},"properties":{"id":564,"curah_hujan":1991.5,"jenis_tanah":"Dystrudepts","kemiringan":"8-15% (Landai)","penggunaan_lahan":"Hutan","drainase_skor":0,"flood_hist":"pernah banjir","slope":-0.497378,"geology":"Eluvium; Lumpur (datar; berpotensi genangan)","label":"tinggi","kelurahan":"Lahundape","warna":"#ef4444"}},{"type":"Feature","geometry":{"type":"Point","coordinates":[122.529444,-3.972446]},"properties":{"id":565,"curah_hujan":1991.5,"jenis_tanah":"Dystrudepts","kemiringan":"8-15% (Landai)","penggunaan_lahan":"Hutan","drainase_skor":0,"flood_hist":"pernah banjir","slope":-0.890607,"geology":"Eluvium; Lumpur (datar; berpotensi genangan)","label":"tinggi","kelurahan":"Lahundape","warna":"#ef4444"}},{"type":"Feature","geometry":{"type":"Point","coordinates":[122.529355,-3.97241]},"properties":{"id":566,"curah_hujan":1991.5,"jenis_tanah":"Dystrudepts","kemiringan":"0-8% (Datar)","penggunaan_lahan":"Hutan","drainase_skor":0,"flood_hist":"pernah banjir","slope":-0.948922,"geology":"Eluvium; Lumpur (datar; berpotensi genangan)","label":"tinggi","kelurahan":"Tidak Diketahui","warna":"#ef4444"}},{"type":"Feature","geometry":{"type":"Point","coordinates":[122.528926,-3.971948]},"properties":{"id":567,"curah_hujan":1991.5,"jenis_tanah":"Dystrudepts","kemiringan":"8-15% (Landai)","penggunaan_lahan":"Hutan","drainase_skor":0,"flood_hist":"pernah banjir","slope":-0.109173,"geology":"Eluvium; Lumpur (datar; berpotensi genangan)","label":"tinggi","kelurahan":"Tidak Diketahui","warna":"#ef4444"}},{"type":"Feature","geometry":{"type":"Point","coordinates":[122.528217,-3.971452]},"properties":{"id":568,"curah_hujan":1991.5,"jenis_tanah":"Dystrudepts","kemiringan":"8-15% (Landai)","penggunaan_lahan":"Hutan","drainase_skor":0,"flood_hist":"pernah banjir","slope":0.201021,"geology":"Eluvium; Lumpur (datar; berpotensi genangan)","label":"tinggi","kelurahan":"Lahundape","warna":"#ef4444"}},{"type":"Feature","geometry":{"type":"Point","coordinates":[122.527987,-3.971306]},"properties":{"id":569,"curah_hujan":1991.5,"jenis_tanah":"Dystrudepts","kemiringan":"8-15% (Landai)","penggunaan_lahan":"Hutan","drainase_skor":0,"flood_hist":"pernah banjir","slope":0.116458,"geology":"Eluvium; Lumpur (datar; berpotensi genangan)","label":"tinggi","kelurahan":"Tidak Diketahui","warna":"#ef4444"}},{"type":"Feature","geometry":{"type":"Point","coordinates":[122.527834,-3.971207]},"properties":{"id":570,"curah_hujan":1991.5,"jenis_tanah":"Dystrudepts","kemiringan":"0-8% (Datar)","penggunaan_lahan":"Hutan","drainase_skor":0,"flood_hist":"pernah banjir","slope":0.387854,"geology":"Eluvium; Lumpur (datar; berpotensi genangan)","label":"tinggi","kelurahan":"Tidak Diketahui","warna":"#ef4444"}},{"type":"Feature","geometry":{"type":"Point","coordinates":[122.527738,-3.971142]},"properties":{"id":571,"curah_hujan":1991.5,"jenis_tanah":"Dystrudepts","kemiringan":"0-8% (Datar)","penggunaan_lahan":"Hutan","drainase_skor":0,"flood_hist":"pernah banjir","slope":0.475573,"geology":"Eluvium; Lumpur (datar; berpotensi genangan)","label":"tinggi","kelurahan":"Lahundape","warna":"#ef4444"}},{"type":"Feature","geometry":{"type":"Point","coordinates":[122.527635,-3.971073]},"properties":{"id":572,"curah_hujan":1991.5,"jenis_tanah":"Dystrudepts","kemiringan":"0-8% (Datar)","penggunaan_lahan":"Hutan","drainase_skor":0,"flood_hist":"pernah banjir","slope":0.667702,"geology":"Eluvium; Lumpur (datar; berpotensi genangan)","label":"tinggi","kelurahan":"Tidak Diketahui","warna":"#ef4444"}},{"type":"Feature","geometry":{"type":"Point","coordinates":[122.52751,-3.970989]},"properties":{"id":573,"curah_hujan":1991.5,"jenis_tanah":"Dystrudepts","kemiringan":"0-8% (Datar)","penggunaan_lahan":"Hutan","drainase_skor":0,"flood_hist":"pernah banjir","slope":1.073777,"geology":"Eluvium; Lumpur (datar; berpotensi genangan)","label":"tinggi","kelurahan":"Tidak Diketahui","warna":"#ef4444"}},{"type":"Feature","geometry":{"type":"Point","coordinates":[122.527476,-3.970966]},"properties":{"id":574,"curah_hujan":1991.5,"jenis_tanah":"Dystrudepts","kemiringan":"0-8% (Datar)","penggunaan_lahan":"Hutan","drainase_skor":0,"flood_hist":"pernah banjir","slope":1.577393,"geology":"Eluvium; Lumpur (datar; berpotensi genangan)","label":"tinggi","kelurahan":"Lahundape","warna":"#ef4444"}},{"type":"Feature","geometry":{"type":"Point","coordinates":[122.527436,-3.970933]},"properties":{"id":575,"curah_hujan":1991.5,"jenis_tanah":"Dystrudepts","kemiringan":"0-8% (Datar)","penggunaan_lahan":"Hutan","drainase_skor":0,"flood_hist":"pernah banjir","slope":1.362004,"geology":"Eluvium; Lumpur (datar; berpotensi genangan)","label":"tinggi","kelurahan":"Lahundape","warna":"#ef4444"}},{"type":"Feature","geometry":{"type":"Point","coordinates":[122.527426,-3.970925]},"properties":{"id":576,"curah_hujan":1991.5,"jenis_tanah":"Dystrudepts","kemiringan":"0-8% (Datar)","penggunaan_lahan":"Hutan","drainase_skor":0,"flood_hist":"pernah banjir","slope":1.362004,"geology":"Eluvium; Lumpur (datar; berpotensi genangan)","label":"tinggi","kelurahan":"Tidak Diketahui","warna":"#ef4444"}},{"type":"Feature","geometry":{"type":"Point","coordinates":[122.527365,-3.970874]},"properties":{"id":577,"curah_hujan":1991.5,"jenis_tanah":"Dystrudepts","kemiringan":"0-8% (Datar)","penggunaan_lahan":"Hutan","drainase_skor":0,"flood_hist":"pernah banjir","slope":1.155866,"geology":"Eluvium; Lumpur (datar; berpotensi genangan)","label":"tinggi","kelurahan":"Lahundape","warna":"#ef4444"}},{"type":"Feature","geometry":{"type":"Point","coordinates":[122.52735,-3.97086]},"properties":{"id":578,"curah_hujan":1991.5,"jenis_tanah":"Dystrudepts","kemiringan":"0-8% (Datar)","penggunaan_lahan":"Hutan","drainase_skor":0,"flood_hist":"pernah banjir","slope":1.155866,"geology":"Eluvium; Lumpur (datar; berpotensi genangan)","label":"tinggi","kelurahan":"Tidak Diketahui","warna":"#ef4444"}},{"type":"Feature","geometry":{"type":"Point","coordinates":[122.52733,-3.970839]},"properties":{"id":579,"curah_hujan":1991.5,"jenis_tanah":"Dystrudepts","kemiringan":"0-8% (Datar)","penggunaan_lahan":"Hutan","drainase_skor":0,"flood_hist":"pernah banjir","slope":1.155866,"geology":"Eluvium; Lumpur (datar; berpotensi genangan)","label":"tinggi","kelurahan":"Tidak Diketahui","warna":"#ef4444"}},{"type":"Feature","geometry":{"type":"Point","coordinates":[122.527306,-3.970813]},"properties":{"id":580,"curah_hujan":1991.5,"jenis_tanah":"Dystrudepts","kemiringan":"0-8% (Datar)","penggunaan_lahan":"Hutan","drainase_skor":0,"flood_hist":"pernah banjir","slope":1.171925,"geology":"Eluvium; Lumpur (datar; berpotensi genangan)","label":"tinggi","kelurahan":"Tidak Diketahui","warna":"#ef4444"}},{"type":"Feature","geometry":{"type":"Point","coordinates":[122.527287,-3.970792]},"properties":{"id":581,"curah_hujan":1991.5,"jenis_tanah":"Dystrudepts","kemiringan":"0-8% (Datar)","penggunaan_lahan":"Hutan","drainase_skor":0,"flood_hist":"pernah banjir","slope":0.877314,"geology":"Eluvium; Lumpur (datar; berpotensi genangan)","label":"tinggi","kelurahan":"Lahundape","warna":"#ef4444"}},{"type":"Feature","geometry":{"type":"Point","coordinates":[122.527161,-3.970565]},"properties":{"id":582,"curah_hujan":1991.5,"jenis_tanah":"Dystrudepts","kemiringan":"8-15% (Landai)","penggunaan_lahan":"Hutan","drainase_skor":0,"flood_hist":"pernah banjir","slope":0.991989,"geology":"Eluvium; Lumpur (datar; berpotensi genangan)","label":"tinggi","kelurahan":"Tidak Diketahui","warna":"#ef4444"}},{"type":"Feature","geometry":{"type":"Point","coordinates":[122.526989,-3.970198]},"properties":{"id":583,"curah_hujan":1991.5,"jenis_tanah":"Dystrudepts","kemiringan":"0-8% (Datar)","penggunaan_lahan":"Hutan","drainase_skor":0,"flood_hist":"pernah banjir","slope":0.812228,"geology":"Eluvium; Lumpur (datar; berpotensi genangan)","label":"tinggi","kelurahan":"Tidak Diketahui","warna":"#ef4444"}},{"type":"Feature","geometry":{"type":"Point","coordinates":[122.5267,-3.969668]},"properties":{"id":584,"curah_hujan":1991.5,"jenis_tanah":"Dystrudepts","kemiringan":"0-8% (Datar)","penggunaan_lahan":"Hutan","drainase_skor":0,"flood_hist":"pernah banjir","slope":1.676997,"geology":"Eluvium; Lumpur (datar; berpotensi genangan)","label":"tinggi","kelurahan":"Lahundape","warna":"#ef4444"}},{"type":"Feature","geometry":{"type":"Point","coordinates":[122.526591,-3.969442]},"properties":{"id":585,"curah_hujan":1991.5,"jenis_tanah":"Dystrudepts","kemiringan":"0-8% (Datar)","penggunaan_lahan":"Hutan","drainase_skor":0,"flood_hist":"pernah banjir","slope":1.85065,"geology":"Eluvium; Lumpur (datar; berpotensi genangan)","label":"tinggi","kelurahan":"Tidak Diketahui","warna":"#ef4444"}},{"type":"Feature","geometry":{"type":"Point","coordinates":[122.526348,-3.969039]},"properties":{"id":586,"curah_hujan":1991.5,"jenis_tanah":"Dystrudepts","kemiringan":"8-15% (Landai)","penggunaan_lahan":"Hutan","drainase_skor":0,"flood_hist":"pernah banjir","slope":0.803408,"geology":"Eluvium; Lumpur (datar; berpotensi genangan)","label":"tinggi","kelurahan":"Tidak Diketahui","warna":"#ef4444"}},{"type":"Feature","geometry":{"type":"Point","coordinates":[122.526241,-3.968863]},"properties":{"id":587,"curah_hujan":1991.5,"jenis_tanah":"Dystrudepts","kemiringan":"0-8% (Datar)","penggunaan_lahan":"Hutan","drainase_skor":0,"flood_hist":"pernah banjir","slope":1.374111,"geology":"Eluvium; Lumpur (datar; berpotensi genangan)","label":"tinggi","kelurahan":"Lahundape","warna":"#ef4444"}},{"type":"Feature","geometry":{"type":"Point","coordinates":[122.526002,-3.968614]},"properties":{"id":588,"curah_hujan":1991.5,"jenis_tanah":"Dystrudepts","kemiringan":"0-8% (Datar)","penggunaan_lahan":"Hutan","drainase_skor":0,"flood_hist":"pernah banjir","slope":2.635299,"geology":"Lanau; Gamping; Pasir (stabil; cocok untuk permukiman)","label":"tinggi","kelurahan":"Tidak Diketahui","warna":"#ef4444"}},{"type":"Feature","geometry":{"type":"Point","coordinates":[122.525895,-3.968512]},"properties":{"id":589,"curah_hujan":1991.5,"jenis_tanah":"Dystrudepts","kemiringan":"0-8% (Datar)","penggunaan_lahan":"Hutan","drainase_skor":0,"flood_hist":"pernah banjir","slope":2.47685,"geology":"Lanau; Gamping; Pasir (stabil; cocok untuk permukiman)","label":"tinggi","kelurahan":"Lahundape","warna":"#ef4444"}},{"type":"Feature","geometry":{"type":"Point","coordinates":[122.52563,-3.968338]},"properties":{"id":590,"curah_hujan":1991.5,"jenis_tanah":"Dystrudepts","kemiringan":"0-8% (Datar)","penggunaan_lahan":"Hutan","drainase_skor":0,"flood_hist":"pernah banjir","slope":2.499512,"geology":"Lanau; Gamping; Pasir (stabil; cocok untuk permukiman)","label":"tinggi","kelurahan":"Lahundape","warna":"#ef4444"}},{"type":"Feature","geometry":{"type":"Point","coordinates":[122.525182,-3.968072]},"properties":{"id":591,"curah_hujan":1991.5,"jenis_tanah":"Dystrudepts","kemiringan":"0-8% (Datar)","penggunaan_lahan":"Hutan","drainase_skor":0,"flood_hist":"pernah banjir","slope":2.739968,"geology":"Lanau; Gamping; Pasir (stabil; cocok untuk permukiman)","label":"tinggi","kelurahan":"Tidak Diketahui","warna":"#ef4444"}},{"type":"Feature","geometry":{"type":"Point","coordinates":[122.524895,-3.967893]},"properties":{"id":592,"curah_hujan":1991.5,"jenis_tanah":"Dystrudepts","kemiringan":"0-8% (Datar)","penggunaan_lahan":"Hutan","drainase_skor":0,"flood_hist":"pernah banjir","slope":2.959462,"geology":"Lanau; Gamping; Pasir (stabil; cocok untuk permukiman)","label":"tinggi","kelurahan":"Tidak Diketahui","warna":"#ef4444"}},{"type":"Feature","geometry":{"type":"Point","coordinates":[122.524799,-3.967833]},"properties":{"id":593,"curah_hujan":1991.5,"jenis_tanah":"Dystrudepts","kemiringan":"0-8% (Datar)","penggunaan_lahan":"Hutan","drainase_skor":0,"flood_hist":"pernah banjir","slope":2.822432,"geology":"Lanau; Gamping; Pasir (stabil; cocok untuk permukiman)","label":"tinggi","kelurahan":"Tidak Diketahui","warna":"#ef4444"}},{"type":"Feature","geometry":{"type":"Point","coordinates":[122.524769,-3.967814]},"properties":{"id":594,"curah_hujan":1991.5,"jenis_tanah":"Dystrudepts","kemiringan":"0-8% (Datar)","penggunaan_lahan":"Hutan","drainase_skor":0,"flood_hist":"pernah banjir","slope":3.07098,"geology":"Lanau; Gamping; Pasir (stabil; cocok untuk permukiman)","label":"tinggi","kelurahan":"Lahundape","warna":"#ef4444"}},{"type":"Feature","geometry":{"type":"Point","coordinates":[122.52472,-3.967784]},"properties":{"id":595,"curah_hujan":1991.5,"jenis_tanah":"Dystrudepts","kemiringan":"0-8% (Datar)","penggunaan_lahan":"Hutan","drainase_skor":0,"flood_hist":"pernah banjir","slope":2.297899,"geology":"Lanau; Gamping; Pasir (stabil; cocok untuk permukiman)","label":"tinggi","kelurahan":"Lahundape","warna":"#ef4444"}},{"type":"Feature","geometry":{"type":"Point","coordinates":[122.524698,-3.967771]},"properties":{"id":596,"curah_hujan":1991.5,"jenis_tanah":"Dystrudepts","kemiringan":"0-8% (Datar)","penggunaan_lahan":"Hutan","drainase_skor":0,"flood_hist":"pernah banjir","slope":2.297899,"geology":"Lanau; Gamping; Pasir (stabil; cocok untuk permukiman)","label":"tinggi","kelurahan":"Tidak Diketahui","warna":"#ef4444"}},{"type":"Feature","geometry":{"type":"Point","coordinates":[122.524722,-3.967702]},"properties":{"id":597,"curah_hujan":1991.5,"jenis_tanah":"Dystrudepts","kemiringan":"0-8% (Datar)","penggunaan_lahan":"Hutan","drainase_skor":0,"flood_hist":"pernah banjir","slope":2.198299,"geology":"Lanau; Gamping; Pasir (stabil; cocok untuk permukiman)","label":"tinggi","kelurahan":"Lahundape","warna":"#ef4444"}},{"type":"Feature","geometry":{"type":"Point","coordinates":[122.524805,-3.967464]},"properties":{"id":598,"curah_hujan":1991.5,"jenis_tanah":"Dystrudepts","kemiringan":"0-8% (Datar)","penggunaan_lahan":"Hutan","drainase_skor":0,"flood_hist":"pernah banjir","slope":2.533548,"geology":"Lanau; Gamping; Pasir (stabil; cocok untuk permukiman)","label":"tinggi","kelurahan":"Lahundape","warna":"#ef4444"}},{"type":"Feature","geometry":{"type":"Point","coordinates":[122.524829,-3.967396]},"properties":{"id":599,"curah_hujan":1991.5,"jenis_tanah":"Dystrudepts","kemiringan":"0-8% (Datar)","penggunaan_lahan":"Hutan","drainase_skor":0,"flood_hist":"pernah banjir","slope":2.664827,"geology":"Lanau; Gamping; Pasir (stabil; cocok untuk permukiman)","label":"tinggi","kelurahan":"Lahundape","warna":"#ef4444"}},{"type":"Feature","geometry":{"type":"Point","coordinates":[122.524883,-3.967262]},"properties":{"id":600,"curah_hujan":1991.5,"jenis_tanah":"Dystrudepts","kemiringan":"0-8% (Datar)","penggunaan_lahan":"Hutan","drainase_skor":0,"flood_hist":"pernah banjir","slope":2.461834,"geology":"Lanau; Gamping; Pasir (stabil; cocok untuk permukiman)","label":"tinggi","kelurahan":"Lahundape","warna":"#ef4444"}},{"type":"Feature","geometry":{"type":"Point","coordinates":[122.524988,-3.967]},"properties":{"id":601,"curah_hujan":1991.5,"jenis_tanah":"Dystrudepts","kemiringan":"0-8% (Datar)","penggunaan_lahan":"Hutan","drainase_skor":0,"flood_hist":"pernah banjir","slope":3.415111,"geology":"Lanau; Gamping; Pasir (stabil; cocok untuk permukiman)","label":"tinggi","kelurahan":"Lahundape","warna":"#ef4444"}},{"type":"Feature","geometry":{"type":"Point","coordinates":[122.525098,-3.966726]},"properties":{"id":602,"curah_hujan":1991.5,"jenis_tanah":"Dystrudepts","kemiringan":"0-8% (Datar)","penggunaan_lahan":"Hutan","drainase_skor":0,"flood_hist":"pernah banjir","slope":3.310945,"geology":"Lanau; Gamping; Pasir (stabil; cocok untuk permukiman)","label":"tinggi","kelurahan":"Lahundape","warna":"#ef4444"}},{"type":"Feature","geometry":{"type":"Point","coordinates":[122.525178,-3.96656]},"properties":{"id":603,"curah_hujan":1991.5,"jenis_tanah":"Dystrudepts","kemiringan":"0-8% (Datar)","penggunaan_lahan":"Hutan","drainase_skor":0,"flood_hist":"pernah banjir","slope":2.767313,"geology":"Lanau; Gamping; Pasir (stabil; cocok untuk permukiman)","label":"tinggi","kelurahan":"Lahundape","warna":"#ef4444"}},{"type":"Feature","geometry":{"type":"Point","coordinates":[122.52526,-3.96639]},"properties":{"id":604,"curah_hujan":1991.5,"jenis_tanah":"Dystrudepts","kemiringan":"0-8% (Datar)","penggunaan_lahan":"Hutan","drainase_skor":0,"flood_hist":"pernah banjir","slope":3.101357,"geology":"Lanau; Gamping; Pasir (stabil; cocok untuk permukiman)","label":"tinggi","kelurahan":"Lahundape","warna":"#ef4444"}},{"type":"Feature","geometry":{"type":"Point","coordinates":[122.525291,-3.966324]},"properties":{"id":605,"curah_hujan":1991.5,"jenis_tanah":"Dystrudepts","kemiringan":"0-8% (Datar)","penggunaan_lahan":"Hutan","drainase_skor":0,"flood_hist":"pernah banjir","slope":3.180293,"geology":"Lanau; Gamping; Pasir (stabil; cocok untuk permukiman)","label":"tinggi","kelurahan":"Kemaraya","warna":"#ef4444"}},{"type":"Feature","geometry":{"type":"Point","coordinates":[122.524926,-3.966186]},"properties":{"id":606,"curah_hujan":1991.5,"jenis_tanah":"Dystrudepts","kemiringan":"0-8% (Datar)","penggunaan_lahan":"Hutan","drainase_skor":0,"flood_hist":"pernah banjir","slope":2.781877,"geology":"Lanau; Gamping; Pasir (stabil; cocok untuk permukiman)","label":"tinggi","kelurahan":"Lahundape","warna":"#ef4444"}},{"type":"Feature","geometry":{"type":"Point","coordinates":[122.524537,-3.966038]},"properties":{"id":607,"curah_hujan":1991.5,"jenis_tanah":"Dystrudepts","kemiringan":"0-8% (Datar)","penggunaan_lahan":"Hutan","drainase_skor":0,"flood_hist":"pernah banjir","slope":2.628317,"geology":"Lanau; Gamping; Pasir (stabil; cocok untuk permukiman)","label":"tinggi","kelurahan":"Kemaraya","warna":"#ef4444"}},{"type":"Feature","geometry":{"type":"Point","coordinates":[122.524108,-3.965881]},"properties":{"id":608,"curah_hujan":1991.5,"jenis_tanah":"Dystrudepts","kemiringan":"0-8% (Datar)","penggunaan_lahan":"Hutan","drainase_skor":0,"flood_hist":"pernah banjir","slope":3.139808,"geology":"Lanau; Gamping; Pasir (stabil; cocok untuk permukiman)","label":"tinggi","kelurahan":"Lahundape","warna":"#ef4444"}},{"type":"Feature","geometry":{"type":"Point","coordinates":[122.523906,-3.965807]},"properties":{"id":609,"curah_hujan":1991.5,"jenis_tanah":"Dystrudepts","kemiringan":"0-8% (Datar)","penggunaan_lahan":"Hutan","drainase_skor":0,"flood_hist":"pernah banjir","slope":2.53506,"geology":"Lanau; Gamping; Pasir (stabil; cocok untuk permukiman)","label":"tinggi","kelurahan":"Kemaraya","warna":"#ef4444"}},{"type":"Feature","geometry":{"type":"Point","coordinates":[122.523709,-3.965736]},"properties":{"id":610,"curah_hujan":1991.5,"jenis_tanah":"Dystrudepts","kemiringan":"0-8% (Datar)","penggunaan_lahan":"Hutan","drainase_skor":0,"flood_hist":"pernah banjir","slope":2.474057,"geology":"Lanau; Gamping; Pasir (stabil; cocok untuk permukiman)","label":"tinggi","kelurahan":"Lahundape","warna":"#ef4444"}},{"type":"Feature","geometry":{"type":"Point","coordinates":[122.523542,-3.965675]},"properties":{"id":611,"curah_hujan":1991.5,"jenis_tanah":"Dystrudepts","kemiringan":"0-8% (Datar)","penggunaan_lahan":"Hutan","drainase_skor":0,"flood_hist":"pernah banjir","slope":3.288704,"geology":"Lanau; Gamping; Pasir (stabil; cocok untuk permukiman)","label":"tinggi","kelurahan":"Lahundape","warna":"#ef4444"}},{"type":"Feature","geometry":{"type":"Point","coordinates":[122.52329,-3.965587]},"properties":{"id":612,"curah_hujan":1991.5,"jenis_tanah":"Dystrudepts","kemiringan":"0-8% (Datar)","penggunaan_lahan":"Hutan","drainase_skor":0,"flood_hist":"pernah banjir","slope":3.30469,"geology":"Lanau; Gamping; Pasir (stabil; cocok untuk permukiman)","label":"tinggi","kelurahan":"Lahundape","warna":"#ef4444"}},{"type":"Feature","geometry":{"type":"Point","coordinates":[122.523166,-3.965543]},"properties":{"id":613,"curah_hujan":1991.5,"jenis_tanah":"Dystrudepts","kemiringan":"0-8% (Datar)","penggunaan_lahan":"Hutan","drainase_skor":0,"flood_hist":"pernah banjir","slope":3.383992,"geology":"Lanau; Gamping; Pasir (stabil; cocok untuk permukiman)","label":"tinggi","kelurahan":"Kemaraya","warna":"#ef4444"}},{"type":"Feature","geometry":{"type":"Point","coordinates":[122.522982,-3.965467]},"properties":{"id":614,"curah_hujan":1991.5,"jenis_tanah":"Dystrudepts","kemiringan":"0-8% (Datar)","penggunaan_lahan":"Hutan","drainase_skor":0,"flood_hist":"pernah banjir","slope":3.376071,"geology":"Lanau; Gamping; Pasir (stabil; cocok untuk permukiman)","label":"tinggi","kelurahan":"Lahundape","warna":"#ef4444"}},{"type":"Feature","geometry":{"type":"Point","coordinates":[122.522733,-3.965363]},"properties":{"id":615,"curah_hujan":1991.5,"jenis_tanah":"Dystrudepts","kemiringan":"0-8% (Datar)","penggunaan_lahan":"Hutan","drainase_skor":0,"flood_hist":"pernah banjir","slope":1.785308,"geology":"Eluvium; Lumpur (datar; berpotensi genangan)","label":"tinggi","kelurahan":"Kemaraya","warna":"#ef4444"}},{"type":"Feature","geometry":{"type":"Point","coordinates":[122.52279,-3.965248]},"properties":{"id":616,"curah_hujan":1991.5,"jenis_tanah":"Dystrudepts","kemiringan":"0-8% (Datar)","penggunaan_lahan":"Hutan","drainase_skor":0,"flood_hist":"pernah banjir","slope":2.603778,"geology":"Lanau; Gamping; Pasir (stabil; cocok untuk permukiman)","label":"tinggi","kelurahan":"Tidak Diketahui","warna":"#ef4444"}},{"type":"Feature","geometry":{"type":"Point","coordinates":[122.522844,-3.965141]},"properties":{"id":617,"curah_hujan":1991.5,"jenis_tanah":"Dystrudepts","kemiringan":"0-8% (Datar)","penggunaan_lahan":"Hutan","drainase_skor":0,"flood_hist":"pernah banjir","slope":3.076078,"geology":"Lanau; Gamping; Pasir (stabil; cocok untuk permukiman)","label":"tinggi","kelurahan":"Tidak Diketahui","warna":"#ef4444"}},{"type":"Feature","geometry":{"type":"Point","coordinates":[122.522922,-3.964986]},"properties":{"id":618,"curah_hujan":1991.5,"jenis_tanah":"Dystrudepts","kemiringan":"0-8% (Datar)","penggunaan_lahan":"Hutan","drainase_skor":0,"flood_hist":"pernah banjir","slope":2.753776,"geology":"Lanau; Gamping; Pasir (stabil; cocok untuk permukiman)","label":"tinggi","kelurahan":"Tidak Diketahui","warna":"#ef4444"}},{"type":"Feature","geometry":{"type":"Point","coordinates":[122.523035,-3.964745]},"properties":{"id":619,"curah_hujan":1991.5,"jenis_tanah":"Dystrudepts","kemiringan":"0-8% (Datar)","penggunaan_lahan":"Hutan","drainase_skor":0,"flood_hist":"pernah banjir","slope":2.483727,"geology":"Lanau; Gamping; Pasir (stabil; cocok untuk permukiman)","label":"tinggi","kelurahan":"Tidak Diketahui","warna":"#ef4444"}},{"type":"Feature","geometry":{"type":"Point","coordinates":[122.523154,-3.964493]},"properties":{"id":620,"curah_hujan":1991.5,"jenis_tanah":"Dystrudepts","kemiringan":"0-8% (Datar)","penggunaan_lahan":"Hutan","drainase_skor":0,"flood_hist":"pernah banjir","slope":2.724616,"geology":"Lanau; Gamping; Pasir (stabil; cocok untuk permukiman)","label":"tinggi","kelurahan":"Kemaraya","warna":"#ef4444"}},{"type":"Feature","geometry":{"type":"Point","coordinates":[122.52337,-3.964004]},"properties":{"id":621,"curah_hujan":1991.5,"jenis_tanah":"Dystrudepts","kemiringan":"0-8% (Datar)","penggunaan_lahan":"Hutan","drainase_skor":0,"flood_hist":"pernah banjir","slope":3.379962,"geology":"Lanau; Gamping; Pasir (stabil; cocok untuk permukiman)","label":"tinggi","kelurahan":"Kemaraya","warna":"#ef4444"}},{"type":"Feature","geometry":{"type":"Point","coordinates":[122.52353,-3.963642]},"properties":{"id":622,"curah_hujan":1991.5,"jenis_tanah":"Dystrudepts","kemiringan":"0-8% (Datar)","penggunaan_lahan":"Hutan","drainase_skor":0,"flood_hist":"pernah banjir","slope":4.23877,"geology":"Lanau; Gamping; Pasir (stabil; cocok untuk permukiman)","label":"tinggi","kelurahan":"Kemaraya","warna":"#ef4444"}},{"type":"Feature","geometry":{"type":"Point","coordinates":[122.523612,-3.963456]},"properties":{"id":623,"curah_hujan":1991.5,"jenis_tanah":"Dystrudepts","kemiringan":"0-8% (Datar)","penggunaan_lahan":"Hutan","drainase_skor":0,"flood_hist":"pernah banjir","slope":5.387551,"geology":"Lanau; Gamping; Pasir (stabil; cocok untuk permukiman)","label":"sedang","kelurahan":"Tidak Diketahui","warna":"#f97316"}},{"type":"Feature","geometry":{"type":"Point","coordinates":[122.523734,-3.96318]},"properties":{"id":624,"curah_hujan":1991.5,"jenis_tanah":"Dystrudepts","kemiringan":"8-15% (Landai)","penggunaan_lahan":"Hutan","drainase_skor":0,"flood_hist":"pernah banjir","slope":5.163816,"geology":"Lanau; Gamping; Pasir (stabil; cocok untuk permukiman)","label":"sedang","kelurahan":"Tidak Diketahui","warna":"#f97316"}},{"type":"Feature","geometry":{"type":"Point","coordinates":[122.523867,-3.962879]},"properties":{"id":625,"curah_hujan":1991.5,"jenis_tanah":"Dystrudepts","kemiringan":"0-8% (Datar)","penggunaan_lahan":"Hutan","drainase_skor":0,"flood_hist":"pernah banjir","slope":6.445179,"geology":"Lanau; Gamping; Pasir (stabil; cocok untuk permukiman)","label":"sedang","kelurahan":"Tidak Diketahui","warna":"#f97316"}},{"type":"Feature","geometry":{"type":"Point","coordinates":[122.523995,-3.96259]},"properties":{"id":626,"curah_hujan":1991.5,"jenis_tanah":"Dystrudepts","kemiringan":"15-25% (Agak Curam)","penggunaan_lahan":"Hutan","drainase_skor":0,"flood_hist":"pernah banjir","slope":6.206034,"geology":"Lanau; Gamping; Pasir (stabil; cocok untuk permukiman)","label":"sedang","kelurahan":"Tidak Diketahui","warna":"#f97316"}},{"type":"Feature","geometry":{"type":"Point","coordinates":[122.524097,-3.96236]},"properties":{"id":627,"curah_hujan":1991.5,"jenis_tanah":"Dystrudepts","kemiringan":"8-15% (Landai)","penggunaan_lahan":"Hutan","drainase_skor":0,"flood_hist":"pernah banjir","slope":6.486804,"geology":"Lanau; Gamping; Pasir (stabil; cocok untuk permukiman)","label":"sedang","kelurahan":"Kemaraya","warna":"#f97316"}},{"type":"Feature","geometry":{"type":"Point","coordinates":[122.524165,-3.962129]},"properties":{"id":628,"curah_hujan":1991.5,"jenis_tanah":"Dystrudepts","kemiringan":"8-15% (Landai)","penggunaan_lahan":"Hutan","drainase_skor":0,"flood_hist":"pernah banjir","slope":8.244633,"geology":"Lanau; Gamping; Pasir (stabil; cocok untuk permukiman)","label":"sedang","kelurahan":"Tidak Diketahui","warna":"#f97316"}},{"type":"Feature","geometry":{"type":"Point","coordinates":[122.524184,-3.96206]},"properties":{"id":629,"curah_hujan":1991.5,"jenis_tanah":"Dystrudepts","kemiringan":"8-15% (Landai)","penggunaan_lahan":"Hutan","drainase_skor":0,"flood_hist":"pernah banjir","slope":8.244633,"geology":"Lanau; Gamping; Pasir (stabil; cocok untuk permukiman)","label":"sedang","kelurahan":"Tidak Diketahui","warna":"#f97316"}},{"type":"Feature","geometry":{"type":"Point","coordinates":[122.524428,-3.962169]},"properties":{"id":630,"curah_hujan":1991.5,"jenis_tanah":"Dystrudepts","kemiringan":"0-8% (Datar)","penggunaan_lahan":"Hutan","drainase_skor":0,"flood_hist":"pernah banjir","slope":9.314505,"geology":"Lanau; Gamping; Pasir (stabil; cocok untuk permukiman)","label":"sedang","kelurahan":"Tidak Diketahui","warna":"#f97316"}},{"type":"Feature","geometry":{"type":"Point","coordinates":[122.52457,-3.962226]},"properties":{"id":631,"curah_hujan":1991.5,"jenis_tanah":"Dystrudepts","kemiringan":"0-8% (Datar)","penggunaan_lahan":"Hutan","drainase_skor":0,"flood_hist":"pernah banjir","slope":9.310193,"geology":"Lanau; Gamping; Pasir (stabil; cocok untuk permukiman)","label":"sedang","kelurahan":"Kemaraya","warna":"#f97316"}},{"type":"Feature","geometry":{"type":"Point","coordinates":[122.524863,-3.962311]},"properties":{"id":632,"curah_hujan":1991.5,"jenis_tanah":"Dystrudepts","kemiringan":"0-8% (Datar)","penggunaan_lahan":"Hutan","drainase_skor":0,"flood_hist":"pernah banjir","slope":9.273532,"geology":"Lanau; Gamping; Pasir (stabil; cocok untuk permukiman)","label":"sedang","kelurahan":"Tidak Diketahui","warna":"#f97316"}},{"type":"Feature","geometry":{"type":"Point","coordinates":[122.525211,-3.961181]},"properties":{"id":633,"curah_hujan":1991.5,"jenis_tanah":"Dystrudepts","kemiringan":"15-25% (Agak Curam)","penggunaan_lahan":"Hutan","drainase_skor":0,"flood_hist":"pernah banjir","slope":22.53018,"geology":"Serpih; Kuarsit (waspada erosi; vegetasi penting)","label":"rendah","kelurahan":"Tidak Diketahui","warna":"#eab308"}},{"type":"Feature","geometry":{"type":"Point","coordinates":[122.52521,-3.96044]},"properties":{"id":634,"curah_hujan":1991.5,"jenis_tanah":"Dystrudepts","kemiringan":"15-25% (Agak Curam)","penggunaan_lahan":"Hutan","drainase_skor":0,"flood_hist":"tidak pernah banjir","slope":44.097633,"geology":"Sabak; Napal (rawan longsor; perlu konservasi)","label":"rendah","kelurahan":"Kemaraya","warna":"#eab308"}},{"type":"Feature","geometry":{"type":"Point","coordinates":[122.524846,-3.960437]},"properties":{"id":635,"curah_hujan":1991.5,"jenis_tanah":"Dystrudepts","kemiringan":"25-45% (Curam)","penggunaan_lahan":"Hutan","drainase_skor":0,"flood_hist":"tidak pernah banjir","slope":35.601803,"geology":"Sabak; Napal (rawan longsor; perlu konservasi)","label":"rendah","kelurahan":"Tidak Diketahui","warna":"#eab308"}},{"type":"Feature","geometry":{"type":"Point","coordinates":[122.524865,-3.959642]},"properties":{"id":636,"curah_hujan":1991.5,"jenis_tanah":"Dystrudepts","kemiringan":"8-15% (Landai)","penggunaan_lahan":"Hutan","drainase_skor":0,"flood_hist":"tidak pernah banjir","slope":47.881985,"geology":"Gamping keras; Marmer (sangat curam; hindari pembangunan)","label":"sangat rendah","kelurahan":"Kemaraya","warna":"#22c55e"}},{"type":"Feature","geometry":{"type":"Point","coordinates":[122.524758,-3.959439]},"properties":{"id":637,"curah_hujan":1991.5,"jenis_tanah":"Dystrudepts","kemiringan":"0-8% (Datar)","penggunaan_lahan":"Hutan","drainase_skor":0,"flood_hist":"tidak pernah banjir","slope":48.40487,"geology":"Gamping keras; Marmer (sangat curam; hindari pembangunan)","label":"sangat rendah","kelurahan":"Tidak Diketahui","warna":"#22c55e"}},{"type":"Feature","geometry":{"type":"Point","coordinates":[122.52458,-3.95905]},"properties":{"id":638,"curah_hujan":1991.5,"jenis_tanah":"Dystrudepts","kemiringan":"25-45% (Curam)","penggunaan_lahan":"Hutan","drainase_skor":0,"flood_hist":"tidak pernah banjir","slope":52.24473,"geology":"Gamping keras; Marmer (sangat curam; hindari pembangunan)","label":"sangat rendah","kelurahan":"Tidak Diketahui","warna":"#22c55e"}},{"type":"Feature","geometry":{"type":"Point","coordinates":[122.524836,-3.958069]},"properties":{"id":639,"curah_hujan":1991.5,"jenis_tanah":"Dystrudepts","kemiringan":"25-45% (Curam)","penggunaan_lahan":"Hutan","drainase_skor":0,"flood_hist":"tidak pernah banjir","slope":50.585606,"geology":"Gamping keras; Marmer (sangat curam; hindari pembangunan)","label":"sangat rendah","kelurahan":"Kemaraya","warna":"#22c55e"}},{"type":"Feature","geometry":{"type":"Point","coordinates":[122.525739,-3.954714]},"properties":{"id":640,"curah_hujan":1991.5,"jenis_tanah":"Dystrudepts","kemiringan":"8-15% (Landai)","penggunaan_lahan":"Hutan","drainase_skor":0,"flood_hist":"tidak pernah banjir","slope":84.050606,"geology":"Gamping keras; Marmer (sangat curam; hindari pembangunan)","label":"sangat rendah","kelurahan":"Tidak Diketahui","warna":"#22c55e"}},{"type":"Feature","geometry":{"type":"Point","coordinates":[122.525664,-3.951587]},"properties":{"id":641,"curah_hujan":1991.5,"jenis_tanah":"Dystrudepts","kemiringan":">45% (Sangat Curam)","penggunaan_lahan":"Hutan","drainase_skor":0,"flood_hist":"tidak pernah banjir","slope":110.87264,"geology":"Gamping keras; Marmer (sangat curam; hindari pembangunan)","label":"sangat rendah","kelurahan":"Kemaraya","warna":"#22c55e"}},{"type":"Feature","geometry":{"type":"Point","coordinates":[122.524589,-3.948899]},"properties":{"id":642,"curah_hujan":1991.5,"jenis_tanah":"Dystrudepts","kemiringan":">45% (Sangat Curam)","penggunaan_lahan":"Hutan","drainase_skor":0,"flood_hist":"tidak pernah banjir","slope":109.70685,"geology":"Gamping keras; Marmer (sangat curam; hindari pembangunan)","label":"sangat rendah","kelurahan":"Kemaraya","warna":"#22c55e"}},{"type":"Feature","geometry":{"type":"Point","coordinates":[122.523605,-3.947177]},"properties":{"id":643,"curah_hujan":1991.5,"jenis_tanah":"Dystrudepts","kemiringan":">45% (Sangat Curam)","penggunaan_lahan":"Hutan","drainase_skor":0,"flood_hist":"tidak pernah banjir","slope":124.74427,"geology":"Gamping keras; Marmer (sangat curam; hindari pembangunan)","label":"sangat rendah","kelurahan":"Kemaraya","warna":"#22c55e"}},{"type":"Feature","geometry":{"type":"Point","coordinates":[122.523249,-3.946079]},"properties":{"id":644,"curah_hujan":1991.5,"jenis_tanah":"Dystrudepts","kemiringan":">45% (Sangat Curam)","penggunaan_lahan":"Hutan","drainase_skor":0,"flood_hist":"tidak pernah banjir","slope":129.63556,"geology":"Gamping keras; Marmer (sangat curam; hindari pembangunan)","label":"sangat rendah","kelurahan":"Tidak Diketahui","warna":"#22c55e"}},{"type":"Feature","geometry":{"type":"Point","coordinates":[122.521452,-3.942132]},"properties":{"id":645,"curah_hujan":1991.5,"jenis_tanah":"Dystrudepts","kemiringan":"8-15% (Landai)","penggunaan_lahan":"Hutan","drainase_skor":0,"flood_hist":"tidak pernah banjir","slope":127.574455,"geology":"Gamping keras; Marmer (sangat curam; hindari pembangunan)","label":"sangat rendah","kelurahan":"Tidak Diketahui","warna":"#22c55e"}},{"type":"Feature","geometry":{"type":"Point","coordinates":[122.520793,-3.940958]},"properties":{"id":646,"curah_hujan":1991.5,"jenis_tanah":"Dystrudepts","kemiringan":"0-8% (Datar)","penggunaan_lahan":"Hutan","drainase_skor":0,"flood_hist":"tidak pernah banjir","slope":123.065094,"geology":"Gamping keras; Marmer (sangat curam; hindari pembangunan)","label":"sangat rendah","kelurahan":"Tidak Diketahui","warna":"#22c55e"}},{"type":"Feature","geometry":{"type":"Point","coordinates":[122.5214,-3.938426]},"properties":{"id":647,"curah_hujan":1991.5,"jenis_tanah":"Dystrudepts","kemiringan":"25-45% (Curam)","penggunaan_lahan":"Hutan","drainase_skor":0,"flood_hist":"tidak pernah banjir","slope":129.66656,"geology":"Gamping keras; Marmer (sangat curam; hindari pembangunan)","label":"sangat rendah","kelurahan":"Kemaraya","warna":"#22c55e"}},{"type":"Feature","geometry":{"type":"Point","coordinates":[122.522059,-3.936545]},"properties":{"id":648,"curah_hujan":1991.5,"jenis_tanah":"Dystrudepts","kemiringan":"25-45% (Curam)","penggunaan_lahan":"Hutan","drainase_skor":0,"flood_hist":"tidak pernah banjir","slope":184.28435,"geology":"Gamping keras; Marmer (sangat curam; hindari pembangunan)","label":"sangat rendah","kelurahan":"Kemaraya","warna":"#22c55e"}},{"type":"Feature","geometry":{"type":"Point","coordinates":[122.522333,-3.935775]},"properties":{"id":649,"curah_hujan":1991.5,"jenis_tanah":"Dystrudepts","kemiringan":"15-25% (Agak Curam)","penggunaan_lahan":"Hutan","drainase_skor":0,"flood_hist":"tidak pernah banjir","slope":178.38162,"geology":"Gamping keras; Marmer (sangat curam; hindari pembangunan)","label":"sangat rendah","kelurahan":"Kemaraya","warna":"#22c55e"}},{"type":"Feature","geometry":{"type":"Point","coordinates":[122.523591,-3.936038]},"properties":{"id":650,"curah_hujan":1991.5,"jenis_tanah":"Dystrudepts","kemiringan":"15-25% (Agak Curam)","penggunaan_lahan":"Hutan","drainase_skor":0,"flood_hist":"tidak pernah banjir","slope":200.9129,"geology":"Gamping keras; Marmer (sangat curam; hindari pembangunan)","label":"sangat rendah","kelurahan":"Kemaraya","warna":"#22c55e"}},{"type":"Feature","geometry":{"type":"Point","coordinates":[122.523763,-3.936057]},"properties":{"id":651,"curah_hujan":1991.5,"jenis_tanah":"Dystrudepts","kemiringan":"15-25% (Agak Curam)","penggunaan_lahan":"Hutan","drainase_skor":0,"flood_hist":"tidak pernah banjir","slope":200.97249,"geology":"Gamping keras; Marmer (sangat curam; hindari pembangunan)","label":"sangat rendah","kelurahan":"Tidak Diketahui","warna":"#22c55e"}}]}